date,ADEL,AEFES,AKBNK,AKCNS,AKENR,AKGRT,AKSA,AKSEN,ALARK,ALBRK,ALKIM,ANELE,ANHYT,ANSGR,ARCLK,ASELS,AYGAZ,BAGFS,BANVT,BIMAS,BIZIM,BRISA,BRSAN,CCOLA,CIMSA,CLEBI,DOAS,DOCO,DOHOL,ECILC,EKGYO,ENKAI,EREGL,FROTO,GARAN,GOZDE,GUBRF,HALKB,HURGZ,INDES,ISCTR,ISGYO,IZMDC,KCHOL,KORDS,KRDMD,MGROS,NTHOL,OTKAR,PETKM,PGSUS,SAHOL,SELEC,SISE,SKBNK,SNGYO,TAVHL,TCELL,THYAO,TKFEN,TKNSA,TMSN,TOASO,TRCAS,TRGYO,TSKB,TTKOM,TTRAK,TUPRS,ULKER,VAKBN,VESTL,YKBNK
2000-01-31,,,,,,,,,,,,,,,,,,,,,,,,,,,,,,,,,,,,,,,,,,,,,,,,,,,,,,,,,,,,,,,,,,,,,,,,,
2000-02-29,,,,,,,,,,,,,,,,,,,,,,,,,,,,,,,,,,,,,,,,,,,,,,,,,,,,,,,,,,,,,,,,,,,,,,,,,
2000-03-31,,,,,,,,,,,,,,,,,,,,,,,,,,,,,,,,,,,,,,,,,,,,,,,,,,,,,,,,,,,,,,,,,,,,,,,,,
2000-04-30,,,,,,,,,,,,,,,,,,,,,,,,,,,,,,,,,,,,,,,,,,,,,,,,,,,,,,,,,,,,,,,,,,,,,,,,,
2000-05-31,,,,,,,,,,,,,,,,,,,,,,,,,,,,,,,,,,,,,,,,,,,,,,,,,,,,,,,,,,,,,,,,,,,,,,,,,
2000-06-30,,,,,,,,,,,,,,,,,,,,,,,,,,,,,,,,,,,,,,,,,,,,,,,,,,,,,,,,,,,,,,,,,,,,,,,,,
2000-07-31,,,,,,,,,,,,,,,,,,,,,,,,,,,,,,,,,,,,,,,,,,,,,,,,,,,,,,,,,,,,,,,,,,,,,,,,,
2000-08-31,,,,,,,,,,,,,,,,,,,,,,,,,,,,,,,,,,,,,,,,,,,,,,,,,,,,,,,,,,,,,,,,,,,,,,,,,
2000-09-30,,,,,,,,,,,,,,,,,,,,,,,,,,,,,,,,,,,,,,,,,,,,,,,,,,,,,,,,,,,,,,,,,,,,,,,,,
2000-10-31,,,,,,,,,,,,,,,,,,,,,,,,,,,,,,,,,,,,,,,,,,,,,,,,,,,,,,,,,,,,,,,,,,,,,,,,,
2000-11-30,,,,,,,,,,,,,,,,,,,,,,,,,,,,,,,,,,,,,,,,,,,,,,,,,,,,,,,,,,,,,,,,,,,,,,,,,
2000-12-31,,,,,,,,,,,,,,,,,,,,,,,,,,,,,,,,,,,,,,,,,,,,,,,,,,,,,,,,,,,,,,,,,,,,,,,,,
2001-01-31,,,,,,,,,,,,,,,,,,,,,,,,,,,,,,,,,,,,,,,,,,,,,,,,,,,,,,,,,,,,,,,,,,,,,,,,,
2001-02-28,,,,,,,,,,,,,,,,,,,,,,,,,,,,,,,,,,,,,,,,,,,,,,,,,,,,,,,,,,,,,,,,,,,,,,,,,
2001-03-31,,,,,,,,,,,,,,,,,,,,,,,,,,,,,,,,,,,,,,,,,,,,,,,,,,,,,,,,,,,,,,,,,,,,,,,,,
2001-04-30,,,,,,,,,,,,,,,,,,,,,,,,,,,,,,,,,,,,,,,,,,,,,,,,,,,,,,,,,,,,,,,,,,,,,,,,,
2001-05-31,,,,,,,,,,,,,,,,,,,,,,,,,,,,,,,,,,,,,,,,,,,,,,,,,,,,,,,,,,,,,,,,,,,,,,,,,
2001-06-30,,,,,,,,,,,,,,,,,,,,,,,,,,,,,,,,,,,,,,,,,,,,,,,,,,,,,,,,,,,,,,,,,,,,,,,,,
2001-07-31,,,,,,,,,,,,,,,,,,,,,,,,,,,,,,,,,,,,,,,,,,,,,,,,,,,,,,,,,,,,,,,,,,,,,,,,,
2001-08-31,,,,,,,,,,,,,,,,,,,,,,,,,,,,,,,,,,,,,,,,,,,,,,,,,,,,,,,,,,,,,,,,,,,,,,,,,
2001-09-30,,,,,,,,,,,,,,,,,,,,,,,,,,,,,,,,,,,,,,,,,,,,,,,,,,,,,,,,,,,,,,,,,,,,,,,,,
2001-10-31,,,,,,,,,,,,,,,,,,,,,,,,,,,,,,,,,,,,,,,,,,,,,,,,,,,,,,,,,,,,,,,,,,,,,,,,,
2001-11-30,,,,,,,,,,,,,,,,,,,,,,,,,,,,,,,,,,,,,,,,,,,,,,,,,,,,,,,,,,,,,,,,,,,,,,,,,
2001-12-31,,,,,,,,,,,,,,,,,,,,,,,,,,,,,,,,,,,,,,,,,,,,,,,,,,,,,,,,,,,,,,,,,,,,,,,,,
2002-01-31,,,,,,,,,,,,,,,,,,,,,,,,,,,,,,,,,,,,,,,,,,,,,,,,,,,,,,,,,,,,,,,,,,,,,,,,,
2002-02-28,,,,,,,,,,,,,,,,,,,,,,,,,,,,,,,,,,,,,,,,,,,,,,,,,,,,,,,,,,,,,,,,,,,,,,,,,
2002-03-31,,,,,,,,,,,,,,,,,,,,,,,,,,,,,,,,,,,,,,,,,,,,,,,,,,,,,,,,,,,,,,,,,,,,,,,,,
2002-04-30,,,,,,,,,,,,,,,,,,,,,,,,,,,,,,,,,,,,,,,,,,,,,,,,,,,,,,,,,,,,,,,,,,,,,,,,,
2002-05-31,,,,,,,,,,,,,,,,,,,,,,,,,,,,,,,,,,,,,,,,,,,,,,,,,,,,,,,,,,,,,,,,,,,,,,,,,
2002-06-30,,,,,,,,,,,,,,,,,,,,,,,,,,,,,,,,,,,,,,,,,,,,,,,,,,,,,,,,,,,,,,,,,,,,,,,,,
2002-07-31,,,,,,,,,,,,,,,,,,,,,,,,,,,,,,,,,,,,,,,,,,,,,,,,,,,,,,,,,,,,,,,,,,,,,,,,,
2002-08-31,,,,,,,,,,,,,,,,,,,,,,,,,,,,,,,,,,,,,,,,,,,,,,,,,,,,,,,,,,,,,,,,,,,,,,,,,
2002-09-30,,,,,,,,,,,,,,,,,,,,,,,,,,,,,,,,,,,,,,,,,,,,,,,,,,,,,,,,,,,,,,,,,,,,,,,,,
2002-10-31,,,,,,,,,,,,,,,,,,,,,,,,,,,,,,,,,,,,,,,,,,,,,,,,,,,,,,,,,,,,,,,,,,,,,,,,,
2002-11-30,,,,,,,,,,,,,,,,,,,,,,,,,,,,,,,,,,,,,,,,,,,,,,,,,,,,,,,,,,,,,,,,,,,,,,,,,
2002-12-31,,,,,,,,,,,,,,,,,,,,,,,,,,,,,,,,,,,,,,,,,,,,,,,,,,,,,,,,,,,,,,,,,,,,,,,,,
2003-01-31,,,,,,,,,,,,,,,,,,,,,,,,,,,,,,,,,,,,,,,,,,,,,,,,,,,,,,,,,,,,,,,,,,,,,,,,,
2003-02-28,,,,,,,,,,,,,,,,,,,,,,,,,,,,,,,,,,,,,,,,,,,,,,,,,,,,,,,,,,,,,,,,,,,,,,,,,
2003-03-31,,,,,,,,,,,,,,,,,,,,,,,,,,,,,,,,,,,,,,,,,,,,,,,,,,,,,,,,,,,,,,,,,,,,,,,,,
2003-04-30,,,,,,,,,,,,,,,,,,,,,,,,,,,,,,,,,,,,,,,,,,,,,,,,,,,,,,,,,,,,,,,,,,,,,,,,,
2003-05-31,,,,,,,,,,,,,,,,,,,,,,,,,,,,,,,,,,,,,,,,,,,,,,,,,,,,,,,,,,,,,,,,,,,,,,,,,
2003-06-30,,,,,,,,,,,,,,,,,,,,,,,,,,,,,,,,,,,,,,,,,,,,,,,,,,,,,,,,,,,,,,,,,,,,,,,,,
2003-07-31,,,,,,,,,,,,,,,,,,,,,,,,,,,,,,,,,,,,,,,,,,,,,,,,,,,,,,,,,,,,,,,,,,,,,,,,,
2003-08-31,,,,,,,,,,,,,,,,,,,,,,,,,,,,,,,,,,,,,,,,,,,,,,,,,,,,,,,,,,,,,,,,,,,,,,,,,
2003-09-30,,,,,,,,,,,,,,,,,,,,,,,,,,,,,,,,,,,,,,,,,,,,,,,,,,,,,,,,,,,,,,,,,,,,,,,,,
2003-10-31,,,,,,,,,,,,,,,,,,,,,,,,,,,,,,,,,,,,,,,,,,,,,,,,,,,,,,,,,,,,,,,,,,,,,,,,,
2003-11-30,,,,,,,,,,,,,,,,,,,,,,,,,,,,,,,,,,,,,,,,,,,,,,,,,,,,,,,,,,,,,,,,,,,,,,,,,
2003-12-31,,,,,,,,,,,,,,,,,,,,,,,,,,,,,,,,,,,,,,,,,,,,,,,,,,,,,,,,,,,,,,,,,,,,,,,,,
2004-01-31,,,,,,,,,,,,,,,,,,,,,,,,,,,,,,,,,,,,,,,,,,,,,,,,,,,,,,,,,,,,,,,,,,,,,,,,,
2004-02-29,,,,,,,,,,,,,,,,,,,,,,,,,,,,,,,,,,,,,,,,,,,,,,,,,,,,,,,,,,,,,,,,,,,,,,,,,
2004-03-31,,,,,,,,,,,,,,,,,,,,,,,,,,,,,,,,,,,,,,,,,,,,,,,,,,,,,,,,,,,,,,,,,,,,,,,,,
2004-04-30,,,,,,,,,,,,,,,,,,,,,,,,,,,,,,,,,,,,,,,,,,,,,,,,,,,,,,,,,,,,,,,,,,,,,,,,,
2004-05-31,,,,,,,,,,,,,,,,,,,,,,,,,,,,,,,,,,,,,,,,,,,,,,,,,,,,,,,,,,,,,,,,,,,,,,,,,
2004-06-30,,,,,,,,,,,,,,,,,,,,,,,,,,,,,,,,,,,,,,,,,,,,,,,,,,,,,,,,,,,,,,,,,,,,,,,,,
2004-07-31,,,,,,,,,,,,,,,,,,,,,,,,,,,,,,,,,,,,,,,,,,,,,,,,,,,,,,,,,,,,,,,,,,,,,,,,,
2004-08-31,,,,,,,,,,,,,,,,,,,,,,,,,,,,,,,,,,,,,,,,,,,,,,,,,,,,,,,,,,,,,,,,,,,,,,,,,
2004-09-30,,,,,,,,,,,,,,,,,,,,,,,,,,,,,,,,,,,,,,,,,,,,,,,,,,,,,,,,,,,,,,,,,,,,,,,,,
2004-10-31,,,,,,,,,,,,,,,,,,,,,,,,,,,,,,,,,,,,,,,,,,,,,,,,,,,,,,,,,,,,,,,,,,,,,,,,,
2004-11-30,,,,,,,,,,,,,,,,,,,,,,,,,,,,,,,,,,,,,,,,,,,,,,,,,,,,,,,,,,,,,,,,,,,,,,,,,
2004-12-31,,,,,,,,,,,,,,,,,,,,,,,,,,,,,,,,,,,,,,,,,,,,,,,,,,,,,,,,,,,,,,,,,,,,,,,,,
2005-01-31,,,,,,,,,,,,,,,,,,,,,,,,,,,,,,,,,,,,,,,,,,,,,,,,,,,,,,,,,,,,,,,,,,,,,,,,,
2005-02-28,,,,,,,,,,,,,,,,,,,,,,,,,,,,,,,,,,,,,,,,,,,,,,,,,,,,,,,,,,,,,,,,,,,,,,,,,
2005-03-31,,,,,,,,,,,,,,,,,,,,,,,,,,,,,,,,,,,,,,,,,,,,,,,,,,,,,,,,,,,,,,,,,,,,,,,,,
2005-04-30,,,,,,,,,,,,,,,,,,,,,,,,,,,,,,,,,,,,,,,,,,,,,,,,,,,,,,,,,,,,,,,,,,,,,,,,,
2005-05-31,,,,,,,,,,,,,,,,,,,,,,,,,,,,,,,,,,,,,,,,,,,,,,,,,,,,,,,,,,,,,,,,,,,,,,,,,
2005-06-30,,,,,,,,,,,,,,,,,,,,,,,,,,,,,,,,,,,,,,,,,,,,,,,,,,,,,,,,,,,,,,,,,,,,,,,,,
2005-07-31,,,,,,,,,,,,,,,,,,,,,,,,,,,,,,,,,,,,,,,,,,,,,,,,,,,,,,,,,,,,,,,,,,,,,,,,,
2005-08-31,,,,,,,,,,,,,,,,,,,,,,,,,,,,,,,,,,,,,,,,,,,,,,,,,,,,,,,,,,,,,,,,,,,,,,,,,
2005-09-30,,,,,,,,,,,,,,,,,,,,,,,,,,,,,,,,,,,,,,,,,,,,,,,,,,,,,,,,,,,,,,,,,,,,,,,,,
2005-10-31,,,,,,,,,,,,,,,,,,,,,,,,,,,,,,,,,,,,,,,,,,,,,,,,,,,,,,,,,,,,,,,,,,,,,,,,,
2005-11-30,,,,,,,,,,,,,,,,,,,,,,,,,,,,,,,,,,,,,,,,,,,,,,,,,,,,,,,,,,,,,,,,,,,,,,,,,
2005-12-31,,,,,,,,,,,,,,,,,,,,,,,,,,,,,,,,,,,,,,,,,,,,,,,,,,,,,,,,,,,,,,,,,,,,,,,,,
2006-01-31,,,,,,,,,,,,,,,,,,,,,,,,,,,,,,,,,,,,,,,,,,,,,,,,,,,,,,,,,,,,,,,,,,,,,,,,,
2006-02-28,,,,,,,,,,,,,,,,,,,,,,,,,,,,,,,,,,,,,,,,,,,,,,,,,,,,,,,,,,,,,,,,,,,,,,,,,
2006-03-31,,,,,,,,,,,,,,,,,,,,,,,,,,,,,,,,,,,,,,,,,,,,,,,,,,,,,,,,,,,,,,,,,,,,,,,,,
2006-04-30,,,,,,,,,,,,,,,,,,,,,,,,,,,,,,,,,,,,,,,,,,,,,,,,,,,,,,,,,,,,,,,,,,,,,,,,,
2006-05-31,,,,,,,,,,,,,,,,,,,,,,,,,,,,,,,,,,,,,,,,,,,,,,,,,,,,,,,,,,,,,,,,,,,,,,,,,
2006-06-30,,,,,,,,,,,,,,,,,,,,,,,,,,,,,,,,,,,,,,,,,,,,,,,,,,,,,,,,,,,,,,,,,,,,,,,,,
2006-07-31,,,,,,,,,,,,,,,,,,,,,,,,,,,,,,,,,,,,,,,,,,,,,,,,,,,,,,,,,,,,,,,,,,,,,,,,,
2006-08-31,,,,,,,,,,,,,,,,,,,,,,,,,,,,,,,,,,,,,,,,,,,,,,,,,,,,,,,,,,,,,,,,,,,,,,,,,
2006-09-30,,,,,,,,,,,,,,,,,,,,,,,,,,,,,,,,,,,,,,,,,,,,,,,,,,,,,,,,,,,,,,,,,,,,,,,,,
2006-10-31,,,,,,,,,,,,,,,,,,,,,,,,,,,,,,,,,,,,,,,,,,,,,,,,,,,,,,,,,,,,,,,,,,,,,,,,,
2006-11-30,,,,,,,,,,,,,,,,,,,,,,,,,,,,,,,,,,,,,,,,,,,,,,,,,,,,,,,,,,,,,,,,,,,,,,,,,
2006-12-31,,,,,,,,,,,,,,,,,,,,,,,,,,,,,,,,,,,,,,,,,,,,,,,,,,,,,,,,,,,,,,,,,,,,,,,,,
2007-01-31,,,,,,,,,,,,,,,,,,,,,,,,,,,,,,,,,,,,,,,,,,,,,,,,,,,,,,,,,,,,,,,,,,,,,,,,,
2007-02-28,,,,,,,,,,,,,,,,,,,,,,,,,,,,,,,,,,,,,,,,,,,,,,,,,,,,,,,,,,,,,,,,,,,,,,,,,
2007-03-31,,,,,,,,,,,,,,,,,,,,,,,,,,,,,,,,,,,,,,,,,,,,,,,,,,,,,,,,,,,,,,,,,,,,,,,,,
2007-04-30,,,,,,,,,,,,,,,,,,,,,,,,,,,,,,,,,,,,,,,,,,,,,,,,,,,,,,,,,,,,,,,,,,,,,,,,,
2007-05-31,,,,,,,,,,,,,,,,,,,,,,,,,,,,,,,,,,,,,,,,,,,,,,,,,,,,,,,,,,,,,,,,,,,,,,,,,
2007-06-30,,,,,,,,,,,,,,,,,,,,,,,,,,,,,,,,,,,,,,,,,,,,,,,,,,,,,,,,,,,,,,,,,,,,,,,,,
2007-07-31,,,,,,,,,,,,,,,,,,,,,,,,,,,,,,,,,,,,,,,,,,,,,,,,,,,,,,,,,,,,,,,,,,,,,,,,,
2007-08-31,,,,,,,,,,,,,,,,,,,,,,,,,,,,,,,,,,,,,,,,,,,,,,,,,,,,,,,,,,,,,,,,,,,,,,,,,
2007-09-30,,,,,,,,,,,,,,,,,,,,,,,,,,,,,,,,,,,,,,,,,,,,,,,,,,,,,,,,,,,,,,,,,,,,,,,,,
2007-10-31,,,,,,,,,,,,,,,,,,,,,,,,,,,,,,,,,,,,,,,,,,,,,,,,,,,,,,,,,,,,,,,,,,,,,,,,,
2007-11-30,,,,,,,,,,,,,,,,,,,,,,,,,,,,,,,,,,,,,,,,,,,,,,,,,,,,,,,,,,,,,,,,,,,,,,,,,
2007-12-31,,,,,,,,,,,,,,,,,,,,,,,,,,,,,,,,,,,,,,,,,,,,,,,,,,,,,,,,,,,,,,,,,,,,,,,,,
2008-01-31,,,,,,,,,,,,,,,,,,,,,,,,,,,,,,,,,,,,,,,,,,,,,,,,,,,,,,,,,,,,,,,,,,,,,,,,,
2008-02-29,,,,,,,,,,,,,,,,,,,,,,,,,,,,,,,,,,,,,,,,,,,,,,,,,,,,,,,,,,,,,,,,,,,,,,,,,
2008-03-31,,,,,,,,,,,,,,,,,,,,,,,,,,,,,,,,,,,,,,,,,,,,,,,,,,,,,,,,,,,,,,,,,,,,,,,,,
2008-04-30,,,,,,,,,,,,,,,,,,,,,,,,,,,,,,,,,,,,,,,,,,,,,,,,,,,,,,,,,,,,,,,,,,,,,,,,,
2008-05-31,,,,,,,,,,,,,,,,,,,,,,,,,,,,,,,,,,,,,,,,,,,,,,,,,,,,,,,,,,,,,,,,,,,,,,,,,
2008-06-30,,,,,,,,,,,,,,,,,,,,,,,,,,,,,,,,,,,,,,,,,,,,,,,,,,,,,,,,,,,,,,,,,,,,,,,,,
2008-07-31,,,,,,,,,,,,,,,,,,,,,,,,,,,,,,,,,,,,,,,,,,,,,,,,,,,,,,,,,,,,,,,,,,,,,,,,,
2008-08-31,,,,,,,,,,,,,,,,,,,,,,,,,,,,,,,,,,,,,,,,,,,,,,,,,,,,,,,,,,,,,,,,,,,,,,,,,
2008-09-30,,,,,,,,,,,,,,,,,,,,,,,,,,,,,,,,,,,,,,,,,,,,,,,,,,,,,,,,,,,,,,,,,,,,,,,,,
2008-10-31,,,,,,,,,,,,,,,,,,,,,,,,,,,,,,,,,,,,,,,,,,,,,,,,,,,,,,,,,,,,,,,,,,,,,,,,,
2008-11-30,,,,,,,,,,,,,,,,,,,,,,,,,,,,,,,,,,,,,,,,,,,,,,,,,,,,,,,,,,,,,,,,,,,,,,,,,
2008-12-31,,,,,,,,,,,,,,,,,,,,,,,,,,,,,,,,,,,,,,,,,,,,,,,,,,,,,,,,,,,,,,,,,,,,,,,,,
2009-01-31,,,,,,,,,,,,,,,,,,,,,,,,,,,,,,,,,,,,,,,,,,,,,,,,,,,,,,,,,,,,,,,,,,,,,,,,,
2009-02-28,,,,,,,,,,,,,,,,,,,,,,,,,,,,,,,,,,,,,,,,,,,,,,,,,,,,,,,,,,,,,,,,,,,,,,,,,
2009-03-31,,,,,,,,,,,,,,,,,,,,,,,,,,,,,,,,,,,,,,,,,,,,,,,,,,,,,,,,,,,,,,,,,,,,,,,,,
2009-04-30,,,,,,,,,,,,,,,,,,,,,,,,,,,,,,,,,,,,,,,,,,,,,,,,,,,,,,,,,,,,,,,,,,,,,,,,,
2009-05-31,,,,,,,,,,,,,,,,,,,,,,,,,,,,,,,,,,,,,,,,,,,,,,,,,,,,,,,,,,,,,,,,,,,,,,,,,
2009-06-30,,,,,,,,,,,,,,,,,,,,,,,,,,,,,,,,,,,,,,,,,,,,,,,,,,,,,,,,,,,,,,,,,,,,,,,,,
2009-07-31,,,,,,,,,,,,,,,,,,,,,,,,,,,,,,,,,,,,,,,,,,,,,,,,,,,,,,,,,,,,,,,,,,,,,,,,,
2009-08-31,,,,,,,,,,,,,,,,,,,,,,,,,,,,,,,,,,,,,,,,,,,,,,,,,,,,,,,,,,,,,,,,,,,,,,,,,
2009-09-30,,,,,,,,,,,,,,,,,,,,,,,,,,,,,,,,,,,,,,,,,,,,,,,,,,,,,,,,,,,,,,,,,,,,,,,,,
2009-10-31,,,,,,,,,,,,,,,,,,,,,,,,,,,,,,,,,,,,,,,,,,,,,,,,,,,,,,,,,,,,,,,,,,,,,,,,,
2009-11-30,,,,,,,,,,,,,,,,,,,,,,,,,,,,,,,,,,,,,,,,,,,,,,,,,,,,,,,,,,,,,,,,,,,,,,,,,
2009-12-31,,,,,,,,,,,,,,,,,,,,,,,,,,,,,,,,,,,,,,,,,,,,,,,,,,,,,,,,,,,,,,,,,,,,,,,,,
2010-01-31,,,,,,,,,,,,,,,,,,,,,,,,,,,,,,,,,,,,,,,,,,,,,,,,,,,,,,,,,,,,,,,,,,,,,,,,,
2010-02-28,,,,,,,,,,,,,,,,,,,,,,,,,,,,,,,,,,,,,,,,,,,,,,,,,,,,,,,,,,,,,,,,,,,,,,,,,
2010-03-31,,,,,,,,,,,,,,,,,,,,,,,,,,,,,,,,,,,,,,,,,,,,,,,,,,,,,,,,,,,,,,,,,,,,,,,,,
2010-04-30,,,,,,,,,,,,,,,,,,,,,,,,,,,,,,,,,,,,,,,,,,,,,,,,,,,,,,,,,,,,,,,,,,,,,,,,,
2010-05-31,,,,,,,,,,,,,,,,,,,,,,,,,,,,,,,,,,,,,,,,,,,,,,,,,,,,,,,,,,,,,,,,,,,,,,,,,
2010-06-30,,,,,,,,,,,,,,,,,,,,,,,,,,,,,,,,,,,,,,,,,,,,,,,,,,,,,,,,,,,,,,,,,,,,,,,,,
2010-07-31,,,,,,,,,,,,,,,,,,,,,,,,,,,,,,,,,,,,,,,,,,,,,,,,,,,,,,,,,,,,,,,,,,,,,,,,,
2010-08-31,,,,,,,,,,,,,,,,,,,,,,,,,,,,,,,,,,,,,,,,,,,,,,,,,,,,,,,,,,,,,,,,,,,,,,,,,
2010-09-30,,,,,,,,,,,,,,,,,,,,,,,,,,,,,,,,,,,,,,,,,,,,,,,,,,,,,,,,,,,,,,,,,,,,,,,,,
2010-10-31,,,,,,,,,,,,,,,,,,,,,,,,,,,,,,,,,,,,,,,,,,,,,,,,,,,,,,,,,,,,,,,,,,,,,,,,,
2010-11-30,,,,,,,,,,,,,,,,,,,,,,,,,,,,,,,,,,,,,,,,,,,,,,,,,,,,,,,,,,,,,,,,,,,,,,,,,
2010-12-31,,,,,,,,,,,,,,,,,,,,,,,,,,,,,,,,,,,,,,,,,,,,,,,,,,,,,,,,,,,,,,,,,,,,,,,,,
2011-01-31,,,,,,,,,,,,,,,,,,,,,,,,,,,,,,,,,,,,,,,,,,,,,,,,,,,,,,,,,,,,,,,,,,,,,,,,,
2011-02-28,,,,,,,,,,,,,,,,,,,,,,,,,,,,,,,,,,,,,,,,,,,,,,,,,,,,,,,,,,,,,,,,,,,,,,,,,
2011-03-31,,,,,,,,,,,,,,,,,,,,,,,,,,,,,,,,,,,,,,,,,,,,,,,,,,,,,,,,,,,,,,,,,,,,,,,,,
2011-04-30,,,,,,,,,,,,,,,,,,,,,,,,,,,,,,,,,,,,,,,,,,,,,,,,,,,,,,,,,,,,,,,,,,,,,,,,,
2011-05-31,,,,,,,,,,,,,,,,,,,,,,,,,,,,,,,,,,,,,,,,,,,,,,,,,,,,,,,,,,,,,,,,,,,,,,,,,
2011-06-30,,,,,,,,,,,,,,,,,,,,,,,,,,,,,,,,,,,,,,,,,,,,,,,,,,,,,,,,,,,,,,,,,,,,,,,,,
2011-07-31,,,,,,,,,,,,,,,,,,,,,,,,,,,,,,,,,,,,,,,,,,,,,,,,,,,,,,,,,,,,,,,,,,,,,,,,,
2011-08-31,,,,,,,,,,,,,,,,,,,,,,,,,,,,,,,,,,,,,,,,,,,,,,,,,,,,,,,,,,,,,,,,,,,,,,,,,
2011-09-30,,,,,,,,,,,,,,,,,,,,,,,,,,,,,,,,,,,,,,,,,,,,,,,,,,,,,,,,,,,,,,,,,,,,,,,,,
2011-10-31,,,,,,,,,,,,,,,,,,,,,,,,,,,,,,,,,,,,,,,,,,,,,,,,,,,,,,,,,,,,,,,,,,,,,,,,,
2011-11-30,,,,,,,,,,,,,,,,,,,,,,,,,,,,,,,,,,,,,,,,,,,,,,,,,,,,,,,,,,,,,,,,,,,,,,,,,
2011-12-31,,,,,,,,,,,,,,,,,,,,,,,,,,,,,,,,,,,,,,,,,,,,,,,,,,,,,,,,,,,,,,,,,,,,,,,,,
2012-01-31,,,,,,,,,,,,,,,,,,,,,,,,,,,,,,,,,,,,,,,,,,,,,,,,,,,,,,,,,,,,,,,,,,,,,,,,,
2012-02-29,,,,,,,,,,,,,,,,,,,,,,,,,,,,,,,,,,,,,,,,,,,,,,,,,,,,,,,,,,,,,,,,,,,,,,,,,
2012-03-31,,,,,,,,,,,,,,,,,,,,,,,,,,,,,,,,,,,,,,,,,,,,,,,,,,,,,,,,,,,,,,,,,,,,,,,,,
2012-04-30,,,,,,,,,,,,,,,,,,,,,,,,,,,,,,,,,,,,,,,,,,,,,,,,,,,,,,,,,,,,,,,,,,,,,,,,,
2012-05-31,,,,,,,,,,,,,,,,,,,,,,,,,,,,,,,,,,,,,,,,,,,,,,,,,,,,,,,,,,,,,,,,,,,,,,,,,
2012-06-30,,,,,,,,,,,,,,,,,,,,,,,,,,,,,,,,,,,,,,,,,,,,,,,,,,,,,,,,,,,,,,,,,,,,,,,,,
2012-07-31,,,,,,,,,,,,,,,,,,,,,,,,,,,,,,,,,,,,,,,,,,,,,,,,,,,,,,,,,,,,,,,,,,,,,,,,,
2012-08-31,,,,,,,,,,,,,,,,,,,,,,,,,,,,,,,,,,,,,,,,,,,,,,,,,,,,,,,,,,,,,,,,,,,,,,,,,
2012-09-30,,,,,,,,,,,,,,,,,,,,,,,,,,,,,,,,,,,,,,,,,,,,,,,,,,,,,,,,,,,,,,,,,,,,,,,,,
2012-10-31,,,,,,,,,,,,,,,,,,,,,,,,,,,,,,,,,,,,,,,,,,,,,,,,,,,,,,,,,,,,,,,,,,,,,,,,,
2012-11-30,,,,,,,,,,,,,,,,,,,,,,,,,,,,,,,,,,,,,,,,,,,,,,,,,,,,,,,,,,,,,,,,,,,,,,,,,
2012-12-31,,,,,,,,,,,,,,,,,,,,,,,,,,,,,,,,,,,,,,,,,,,,,,,,,,,,,,,,,,,,,,,,,,,,,,,,,
2013-01-31,,,,,,,,,,,,,,,,,,,,,,,,,,,,,,,,,,,,,,,,,,,,,,,,,,,,,,,,,,,,,,,,,,,,,,,,,
2013-02-28,,,,,,,,,,,,,,,,,,,,,,,,,,,,,,,,,,,,,,,,,,,,,,,,,,,,,,,,,,,,,,,,,,,,,,,,,
2013-03-31,,,,,,,,,,,,,,,,,,,,,,,,,,,,,,,,,,,,,,,,,,,,,,,,,,,,,,,,,,,,,,,,,,,,,,,,,
2013-04-30,,,,,,,,,,,,,,,,,,,,,,,,,,,,,,,,,,,,,,,,,,,,,,,,,,,,,,,,,,,,,,,,,,,,,,,,,
2013-05-31,,,,,,,,,,,,,,,,,,,,,,,,,,,,,,,,,,,,,,,,,,,,,,,,,,,,,,,,,,,,,,,,,,,,,,,,,
2013-06-30,,,,,,,,,,,,,,,,,,,,,,,,,,,,,,,,,,,,,,,,,,,,,,,,,,,,,,,,,,,,,,,,,,,,,,,,,
2013-07-31,,,,,,,,,,,,,,,,,,,,,,,,,,,,,,,,,,,,,,,,,,,,,,,,,,,,,,,,,,,,,,,,,,,,,,,,,
2013-08-31,,,,,,,,,,,,,,,,,,,,,,,,,,,,,,,,,,,,,,,,,,,,,,,,,,,,,,,,,,,,,,,,,,,,,,,,,
2013-09-30,,,,,,,,,,,,,,,,,,,,,,,,,,,,,,,,,,,,,,,,,,,,,,,,,,,,,,,,,,,,,,,,,,,,,,,,,
2013-10-31,,,,,,,,,,,,,,,,,,,,,,,,,,,,,,,,,,,,,,,,,,,,,,,,,,,,,,,,,,,,,,,,,,,,,,,,,
2013-11-30,,,,,,,,,,,,,,,,,,,,,,,,,,,,,,,,,,,,,,,,,,,,,,,,,,,,,,,,,,,,,,,,,,,,,,,,,
2013-12-31,,,,,,,,,,,,,,,,,,,,,,,,,,,,,,,,,,,,,,,,,,,,,,,,,,,,,,,,,,,,,,,,,,,,,,,,,
2014-01-31,,,,,,,,,,,,,,,,,,,,,,,,,,,,,,,,,,,,,,,,,,,,,,,,,,,,,,,,,,,,,,,,,,,,,,,,,
2014-02-28,,,,,,,,,,,,,,,,,,,,,,,,,,,,,,,,,,,,,,,,,,,,,,,,,,,,,,,,,,,,,,,,,,,,,,,,,
2014-03-31,,,,,,,,,,,,,,,,,,,,,,,,,,,,,,,,,,,,,,,,,,,,,,,,,,,,,,,,,,,,,,,,,,,,,,,,,
2014-04-30,,,,,,,,,,,,,,,,,,,,,,,,,,,,,,,,,,,,,,,,,,,,,,,,,,,,,,,,,,,,,,,,,,,,,,,,,
2014-05-31,,,,,,,,,,,,,,,,,,,,,,,,,,,,,,,,,,,,,,,,,,,,,,,,,,,,,,,,,,,,,,,,,,,,,,,,,
2014-06-30,,,,,,,,,,,,,,,,,,,,,,,,,,,,,,,,,,,,,,,,,,,,,,,,,,,,,,,,,,,,,,,,,,,,,,,,,
2014-07-31,,,,,,,,,,,,,,,,,,,,,,,,,,,,,,,,,,,,,,,,,,,,,,,,,,,,,,,,,,,,,,,,,,,,,,,,,
2014-08-31,,,,,,,,,,,,,,,,,,,,,,,,,,,,,,,,,,,,,,,,,,,,,,,,,,,,,,,,,,,,,,,,,,,,,,,,,
2014-09-30,,,,,,,,,,,,,,,,,,,,,,,,,,,,,,,,,,,,,,,,,,,,,,,,,,,,,,,,,,,,,,,,,,,,,,,,,
2014-10-31,,,,,,,,,,,,,,,,,,,,,,,,,,,,,,,,,,,,,,,,,,,,,,,,,,,,,,,,,,,,,,,,,,,,,,,,,
2014-11-30,,,,,,,,,,,,,,,,,,,,,,,,,,,,,,,,,,,,,,,,,,,,,,,,,,,,,,,,,,,,,,,,,,,,,,,,,
2014-12-31,,,,,,,,,,,,,,,,,,,,,,,,,,,,,,,,,,,,,,,,,,,,,,,,,,,,,,,,,,,,,,,,,,,,,,,,,
2015-01-31,,,,,,,,,,,,,,,,,,,,,,,,,,,,,,,,,,,,,,,,,,,,,,,,,,,,,,,,,,,,,,,,,,,,,,,,,
2015-02-28,,,,,,,,,,,,,,,,,,,,,,,,,,,,,,,,,,,,,,,,,,,,,,,,,,,,,,,,,,,,,,,,,,,,,,,,,
2015-03-31,,,,,,,,,,,,,,,,,,,,,,,,,,,,,,,,,,,,,,,,,,,,,,,,,,,,,,,,,,,,,,,,,,,,,,,,,
2015-04-30,,,,,,,,,,,,,,,,,,,,,,,,,,,,,,,,,,,,,,,,,,,,,,,,,,,,,,,,,,,,,,,,,,,,,,,,,
2015-05-31,,,,,,,,,,,,,,,,,,,,,,,,,,,,,,,,,,,,,,,,,,,,,,,,,,,,,,,,,,,,,,,,,,,,,,,,,
2015-06-30,,,,,,,,,,,,,,,,,,,,,,,,,,,,,,,,,,,,,,,,,,,,,,,,,,,,,,,,,,,,,,,,,,,,,,,,,
2015-07-31,,,,,,,,,,,,,,,,,,,,,,,,,,,,,,,,,,,,,,,,,,,,,,,,,,,,,,,,,,,,,,,,,,,,,,,,,
2015-08-31,,,,,,,,,,,,,,,,,,,,,,,,,,,,,,,,,,,,,,,,,,,,,,,,,,,,,,,,,,,,,,,,,,,,,,,,,
2015-09-30,,,,,,,,,,,,,,,,,,,,,,,,,,,,,,,,,,,,,,,,,,,,,,,,,,,,,,,,,,,,,,,,,,,,,,,,,
2015-10-31,,,,,,,,,,,,,,,,,,,,,,,,,,,,,,,,,,,,,,,,,,,,,,,,,,,,,,,,,,,,,,,,,,,,,,,,,
2015-11-30,,,,,,,,,,,,,,,,,,,,,,,,,,,,,,,,,,,,,,,,,,,,,,,,,,,,,,,,,,,,,,,,,,,,,,,,,
2015-12-31,,,,,,,,,,,,,,,,,,,,,,,,,,,,,,,,,,,,,,,,,,,,,,,,,,,,,,,,,,,,,,,,,,,,,,,,,
2016-01-31,,,,,,,,,,,,,,,,,,,,,,,,,,,,,,,,,,,,,,,,,,,,,,,,,,,,,,,,,,,,,,,,,,,,,,,,,
2016-02-29,,,,,,,,,,,,,,,,,,,,,,,,,,,,,,,,,,,,,,,,,,,,,,,,,,,,,,,,,,,,,,,,,,,,,,,,,
2016-03-31,,,,,,,,,,,,,,,,,,,,,,,,,,,,,,,,,,,,,,,,,,,,,,,,,,,,,,,,,,,,,,,,,,,,,,,,,
2016-04-30,,,,,,,,,,,,,,,,,,,,,,,,,,,,,,,,,,,,,,,,,,,,,,,,,,,,,,,,,,,,,,,,,,,,,,,,,
2016-05-31,,,,,,,,,,,,,,,,,,,,,,,,,,,,,,,,,,,,,,,,,,,,,,,,,,,,,,,,,,,,,,,,,,,,,,,,,
2016-06-30,,,,,,,,,,,,,,,,,,,,,,,,,,,,,,,,,,,,,,,,,,,,,,,,,,,,,,,,,,,,,,,,,,,,,,,,,
2016-07-31,,,,,,,,,,,,,,,,,,,,,,,,,,,,,,,,,,,,,,,,,,,,,,,,,,,,,,,,,,,,,,,,,,,,,,,,,
2016-08-31,,,,,,,,,,,,,,,,,,,,,,,,,,,,,,,,,,,,,,,,,,,,,,,,,,,,,,,,,,,,,,,,,,,,,,,,,
2016-09-30,,,,,,,,,,,,,,,,,,,,,,,,,,,,,,,,,,,,,,,,,,,,,,,,,,,,,,,,,,,,,,,,,,,,,,,,,
2016-10-31,,,,,,,,,,,,,,,,,,,,,,,,,,,,,,,,,,,,,,,,,,,,,,,,,,,,,,,,,,,,,,,,,,,,,,,,,
2016-11-30,,,,,,,,,,,,,,,,,,,,,,,,,,,,,,,,,,,,,,,,,,,,,,,,,,,,,,,,,,,,,,,,,,,,,,,,,
2016-12-31,,,,,,,,,,,,,,,,,,,,,,,,,,,,,,,,,,,,,,,,,,,,,,,,,,,,,,,,,,,,,,,,,,,,,,,,,
2017-01-31,,,,,,,,,,,,,,,,,,,,,,,,,,,,,,,,,,,,,,,,,,,,,,,,,,,,,,,,,,,,,,,,,,,,,,,,,
2017-02-28,,,,,,,,,,,,,,,,,,,,,,,,,,,,,,,,,,,,,,,,,,,,,,,,,,,,,,,,,,,,,,,,,,,,,,,,,
2017-03-31,,,,,,,,,,,,,,,,,,,,,,,,,,,,,,,,,,,,,,,,,,,,,,,,,,,,,,,,,,,,,,,,,,,,,,,,,
2017-04-30,,,,,,,,,,,,,,,,,,,,,,,,,,,,,,,,,,,,,,,,,,,,,,,,,,,,,,,,,,,,,,,,,,,,,,,,,
2017-05-31,,,,,,,,,,,,,,,,,,,,,,,,,,,,,,,,,,,,,,,,,,,,,,,,,,,,,,,,,,,,,,,,,,,,,,,,,
2017-06-30,,,,,,,,,,,,,,,,,,,,,,,,,,,,,,,,,,,,,,,,,,,,,,,,,,,,,,,,,,,,,,,,,,,,,,,,,
2017-07-31,,,,,,,,,,,,,,,,,,,,,,,,,,,,,,,,,,,,,,,,,,,,,,,,,,,,,,,,,,,,,,,,,,,,,,,,,
2017-08-31,,,,,,,,,,,,,,,,,,,,,,,,,,,,,,,,,,,,,,,,,,,,,,,,,,,,,,,,,,,,,,,,,,,,,,,,,
2017-09-30,,,,,,,,,,,,,,,,,,,,,,,,,,,,,,,,,,,,,,,,,,,,,,,,,,,,,,,,,,,,,,,,,,,,,,,,,
2017-10-31,,,,,,,,,,,,,,,,,,,,,,,,,,,,,,,,,,,,,,,,,,,,,,,,,,,,,,,,,,,,,,,,,,,,,,,,,
2017-11-30,,,,,,,,,,,,,,,,,,,,,,,,,,,,,,,,,,,,,,,,,,,,,,,,,,,,,,,,,,,,,,,,,,,,,,,,,
2017-12-31,,,,,,,,,,,,,,,,,,,,,,,,,,,,,,,,,,,,,,,,,,,,,,,,,,,,,,,,,,,,,,,,,,,,,,,,,
2018-01-31,,,,,,,,,,,,,,,,,,,,,,,,,,,,,,,,,,,,,,,,,,,,,,,,,,,,,,,,,,,,,,,,,,,,,,,,,
2018-02-28,,,,,,,,,,,,,,,,,,,,,,,,,,,,,,,,,,,,,,,,,,,,,,,,,,,,,,,,,,,,,,,,,,,,,,,,,
2018-03-31,,,,,,,,,,,,,,,,,,,,,,,,,,,,,,,,,,,,,,,,,,,,,,,,,,,,,,,,,,,,,,,,,,,,,,,,,
2018-04-30,,,,,,,,,,,,,,,,,,,,,,,,,,,,,,,,,,,,,,,,,,,,,,,,,,,,,,,,,,,,,,,,,,,,,,,,,
2018-05-31,,,,,,,,,,,,,,,,,,,,,,,,,,,,,,,,,,,,,,,,,,,,,,,,,,,,,,,,,,,,,,,,,,,,,,,,,
2018-06-30,,,,,,,,,,,,,,,,,,,,,,,,,,,,,,,,,,,,,,,,,,,,,,,,,,,,,,,,,,,,,,,,,,,,,,,,,
2018-07-31,,,,,,,,,,,,,,,,,,,,,,,,,,,,,,,,,,,,,,,,,,,,,,,,,,,,,,,,,,,,,,,,,,,,,,,,,
2018-08-31,,,,,,,,,,,,,,,,,,,,,,,,,,,,,,,,,,,,,,,,,,,,,,,,,,,,,,,,,,,,,,,,,,,,,,,,,
2018-09-30,,,,,,,,,,,,,,,,,,,,,,,,,,,,,,,,,,,,,,,,,,,,,,,,,,,,,,,,,,,,,,,,,,,,,,,,,
2018-10-31,,,,,,,,,,,,,,,,,,,,,,,,,,,,,,,,,,,,,,,,,,,,,,,,,,,,,,,,,,,,,,,,,,,,,,,,,
2018-11-30,,,,,,,,,,,,,,,,,,,,,,,,,,,,,,,,,,,,,,,,,,,,,,,,,,,,,,,,,,,,,,,,,,,,,,,,,
2018-12-31,,,,,,,,,,,,,,,,,,,,,,,,,,,,,,,,,,,,,,,,,,,,,,,,,,,,,,,,,,,,,,,,,,,,,,,,,
2019-01-31,,,,,,,,,,,,,,,,,,,,,,,,,,,,,,,,,,,,,,,,,,,,,,,,,,,,,,,,,,,,,,,,,,,,,,,,,
2019-02-28,,,,,,,,,,,,,,,,,,,,,,,,,,,,,,,,,,,,,,,,,,,,,,,,,,,,,,,,,,,,,,,,,,,,,,,,,
2019-03-31,,,,,,,,,,,,,,,,,,,,,,,,,,,,,,,,,,,,,,,,,,,,,,,,,,,,,,,,,,,,,,,,,,,,,,,,,
2019-04-30,,,,,,,,,,,,,,,,,,,,,,,,,,,,,,,,,,,,,,,,,,,,,,,,,,,,,,,,,,,,,,,,,,,,,,,,,
2019-05-31,,,,,,,,,,,,,,,,,,,,,,,,,,,,,,,,,,,,,,,,,,,,,,,,,,,,,,,,,,,,,,,,,,,,,,,,,
2019-06-30,,,,,,,,,,,,,,,,,,,,,,,,,,,,,,,,,,,,,,,,,,,,,,,,,,,,,,,,,,,,,,,,,,,,,,,,,
2019-07-31,,,,,,,,,,,,,,,,,,,,,,,,,,,,,,,,,,,,,,,,,,,,,,,,,,,,,,,,,,,,,,,,,,,,,,,,,
2019-08-31,,,,,,,,,,,,,,,,,,,,,,,,,,,,,,,,,,,,,,,,,,,,,,,,,,,,,,,,,,,,,,,,,,,,,,,,,
2019-09-30,,,,,,,,,,,,,,,,,,,,,,,,,,,,,,,,,,,,,,,,,,,,,,,,,,,,,,,,,,,,,,,,,,,,,,,,,
2019-10-31,,,,,,,,,,,,,,,,,,,,,,,,,,,,,,,,,,,,,,,,,,,,,,,,,,,,,,,,,,,,,,,,,,,,,,,,,
2019-11-30,,,,,,,,,,,,,,,,,,,,,,,,,,,,,,,,,,,,,,,,,,,,,,,,,,,,,,,,,,,,,,,,,,,,,,,,,
2019-12-31,,,,,,,,,,,,,,,,,,,,,,,,,,,,,,,,,,,,,,,,,,,,,,,,,,,,,,,,,,,,,,,,,,,,,,,,,
2020-01-31,,,,,,,,,,,,,,,,,,,,,,,,,,,,,,,,,,,,,,,,,,,,,,,,,,,,,,,,,,,,,,,,,,,,,,,,,
2020-02-29,,,,,,,,,,,,,,,,,,,,,,,,,,,,,,,,,,,,,,,,,,,,,,,,,,,,,,,,,,,,,,,,,,,,,,,,,
2020-03-31,,,,,,,,,,,,,,,,,,,,,,,,,,,,,,,,,,,,,,,,,,,,,,,,,,,,,,,,,,,,,,,,,,,,,,,,,
2020-04-30,,,,,,,,,,,,,,,,,,,,,,,,,,,,,,,,,,,,,,,,,,,,,,,,,,,,,,,,,,,,,,,,,,,,,,,,,
2020-05-31,,,,,,,,,,,,,,,,,,,,,,,,,,,,,,,,,,,,,,,,,,,,,,,,,,,,,,,,,,,,,,,,,,,,,,,,,
2020-06-30,,,,,,,,,,,,,,,,,,,,,,,,,,,,,,,,,,,,,,,,,,,,,,,,,,,,,,,,,,,,,,,,,,,,,,,,,
2020-07-31,,,,,,,,,,,,,,,,,,,,,,,,,,,,,,,,,,,,,,,,,,,,,,,,,,,,,,,,,,,,,,,,,,,,,,,,,
2020-08-31,,,,,,,,,,,,,,,,,,,,,,,,,,,,,,,,,,,,,,,,,,,,,,,,,,,,,,,,,,,,,,,,,,,,,,,,,
2020-09-30,,,,,,,,,,,,,,,,,,,,,,,,,,,,,,,,,,,,,,,,,,,,,,,,,,,,,,,,,,,,,,,,,,,,,,,,,
2020-10-31,,,,,,,,,,,,,,,,,,,,,,,,,,,,,,,,,,,,,,,,,,,,,,,,,,,,,,,,,,,,,,,,,,,,,,,,,
2020-11-30,,,,,,,,,,,,,,,,,,,,,,,,,,,,,,,,,,,,,,,,,,,,,,,,,,,,,,,,,,,,,,,,,,,,,,,,,
2020-12-31,,,,,,,,,,,,,,,,,,,,,,,,,,,,,,,,,,,,,,,,,,,,,,,,,,,,,,,,,,,,,,,,,,,,,,,,,
2021-01-31,,,,,,,,,,,,,,,,,,,,,,,,,,,,,,,,,,,,,,,,,,,,,,,,,,,,,,,,,,,,,,,,,,,,,,,,,
2021-02-28,,,,,,,,,,,,,,,,,,,,,,,,,,,,,,,,,,,,,,,,,,,,,,,,,,,,,,,,,,,,,,,,,,,,,,,,,
2021-03-31,,,,,,,,,,,,,,,,,,,,,,,,,,,,,,,,,,,,,,,,,,,,,,,,,,,,,,,,,,,,,,,,,,,,,,,,,
2021-04-30,,,,,,,,,,,,,,,,,,,,,,,,,,,,,,,,,,,,,,,,,,,,,,,,,,,,,,,,,,,,,,,,,,,,,,,,,
2021-05-31,,,,,,,,,,,,,,,,,,,,,,,,,,,,,,,,,,,,,,,,,,,,,,,,,,,,,,,,,,,,,,,,,,,,,,,,,
2021-06-30,,,,,,,,,,,,,,,,,,,,,,,,,,,,,,,,,,,,,,,,,,,,,,,,,,,,,,,,,,,,,,,,,,,,,,,,,
2021-07-31,,,,,,,,,,,,,,,,,,,,,,,,,,,,,,,,,,,,,,,,,,,,,,,,,,,,,,,,,,,,,,,,,,,,,,,,,
2021-08-31,,,,,,,,,,,,,,,,,,,,,,,,,,,,,,,,,,,,,,,,,,,,,,,,,,,,,,,,,,,,,,,,,,,,,,,,,
2021-09-30,,,,,,,,,,,,,,,,,,,,,,,,,,,,,,,,,,,,,,,,,,,,,,,,,,,,,,,,,,,,,,,,,,,,,,,,,
2021-10-31,,,,,,,,,,,,,,,,,,,,,,,,,,,,,,,,,,,,,,,,,,,,,,,,,,,,,,,,,,,,,,,,,,,,,,,,,
2021-11-30,,,,,,,,,,,,,,,,,,,,,,,,,,,,,,,,,,,,,,,,,,,,,,,,,,,,,,,,,,,,,,,,,,,,,,,,,
2021-12-31,,,,,,,,,,,,,,,,,,,,,,,,,,,,,,,,,,,,,,,,,,,,,,,,,,,,,,,,,,,,,,,,,,,,,,,,,
2022-01-31,,,,,,,,,,,,,,,,,,,,,,,,,,,,,,,,,,,,,,,,,,,,,,,,,,,,,,,,,,,,,,,,,,,,,,,,,
2022-02-28,,,,,,,,,,,,,,,,,,,,,,,,,,,,,,,,,,,,,,,,,,,,,,,,,,,,,,,,,,,,,,,,,,,,,,,,,
2022-03-31,,,,,,,,,,,,,,0.18411893045990502,,,,0.23722762532173977,,,,,,,,,,,,,,,,,,,,,,,,,,,,,,,,,,,,,,,,0.10916207644088081,,,,,,,,,,,,,,,
2022-04-30,,,,,,,,,,,,,,0.18411893045990502,,,,0.23722762532173977,,,,,,,,,,,,,,,,,,,,,,,,,,,,,,,,,,,,,,,,0.10916207644088081,,,,,,,,,,,,,,,
2022-05-31,,,,,,,,,,,,,,0.18411893045990502,,,,0.23722762532173977,,,,,,,,,,,,,,,,,,,,,,,,,,,,,,,,,,,,,,,,0.10916207644088081,,,,,,,,,,,,,,,
2022-06-30,,,,,,,,,,,,,,0.18411893045990502,,,,0.23722762532173977,,,,,,,,,,0.09638976515948125,,,,,,,,,,,,,,,,,,,,,,,,,,,,,,0.10916207644088081,,,,,,,,,,,,,,,
2022-07-31,,,,,,,,,,,,,,0.18411893045990502,,,,0.23722762532173977,,,,,,,,,,0.09638976515948125,,,,,,,,,,,,,,,,,,,,,,,,,,,,,,0.10916207644088081,,,,,,,,,,,,,,,
2022-08-31,,,,,,,,,,,,,,0.18411893045990502,,,,0.23722762532173977,,,,,,,,,,0.09638976515948125,,,,,,,,,,,,,,,,,,,,,,,,,,,,,,0.10916207644088081,,,,,,,,,,,,,,,
2022-09-30,,,,,,,,,,,,,,0.18411893045990502,,,,0.23722762532173977,,,,,,,,,,0.09638976515948125,,,,,,,,,,,,,,,,,,,,,,,,,,,,,,0.10916207644088081,,,,,,,,,,,,,,,
2022-10-31,,,,,,,,,,,,,,0.18411893045990502,,,,0.23722762532173977,,,,,,,,,,0.09638976515948125,,,,,,,,,,,,,,,,,,,,,,,,,,,,,,0.10916207644088081,,,,,,,,,,,,,,,
2022-11-30,,,,,,,,,,,,,,0.18411893045990502,,,,0.23722762532173977,,,,,,,,,,0.09638976515948125,,,,,,,,,,,,,,,,,,,,,,,,,,,,,,0.10916207644088081,,,,,,,,,,,,,,,
2022-12-31,,,,,,,,,,,,,,0.18411893045990502,,,,0.23722762532173977,,,,,,,,,,0.09638976515948125,,,,,,,,,,,,,,,,,,,,,,,,,,,,,,0.10916207644088081,,,,,,,,,,,,,,,
2023-01-31,,,,,,,,,,,,,,0.18411893045990502,,,,0.23722762532173977,,,,,,,,,,0.09638976515948125,,,,,,,,,,,,,,,,,,,,,,,,,,,,,,0.10916207644088081,,,,,,,,,,,,,,,
2023-02-28,,,,,,,,,,,,,,0.18411893045990502,,,,0.23722762532173977,,,,,,,,,,0.09638976515948125,,,,,,,,,,,,,,,,,,,,,,,,,,,,,,0.10916207644088081,,,,,,,,,,,,,,,
2023-03-31,-0.028045977675245855,0.23839406380040376,0.3907774292740245,0.17062083409929385,0.21179369609477525,-0.06554470345882339,0.28490492221799735,0.18901380275401045,0.4772571686323563,0.19825783000471037,0.07872987985962539,0.11340297233820379,0.4015201399805904,0.2782430611964497,0.11906781210992871,0.016054461209567748,0.2238045606301922,0.2648974646155869,-0.24557519087087173,0.2873884405257789,0.33822305879825293,0.2176588291775451,0.11383574609014646,0.34014215599666564,0.25721444614520395,0.38674212800430535,0.4995365310806375,0.09638976515948125,0.0056261669979187365,0.0954954527560202,0.014705887370867105,0.016207982857167007,0.15569197142249644,0.5422181701209001,0.3818501889273204,0.007006520898083983,0.02101671392664255,0.20238293246424924,-0.045937298920580245,0.052903294220865815,0.3220829861803337,0.36014366328596287,0.4706598487932253,0.19866847120261386,0.16079075761488282,0.030268340294725915,0.3331470488865817,0.05421222673086899,0.3091806623588385,-0.028788922727258318,0.3934744331067312,0.180923665744742,0.04182433083730334,0.15923841554863655,0.3010911024898933,0.26645167556623284,0.10144024039978085,0.09082701037394397,0.2614291541268424,0.05560235538050112,0.6868785461214184,0.09236598073432187,0.3626451444980531,0.12615834173246993,0.27631791654567683,0.31160328896890577,0.0855256828083855,0.466207043917284,0.3446827609095831,0.08182158679505856,0.2511193708110656,-0.004067054991544245,0.41774529594797266
2023-04-30,-0.028045977675245855,0.23839406380040376,0.3907774292740245,0.17062083409929385,0.21179369609477525,-0.06554470345882339,0.28490492221799735,0.18901380275401045,0.4772571686323563,0.19825783000471037,0.07872987985962539,0.11340297233820379,0.4015201399805904,0.2782430611964497,0.11906781210992871,0.016054461209567748,0.2238045606301922,0.2648974646155869,-0.24557519087087173,0.2873884405257789,0.33822305879825293,0.2176588291775451,0.11383574609014646,0.34014215599666564,0.25721444614520395,0.38674212800430535,0.4995365310806375,0.09638976515948125,0.0056261669979187365,0.0954954527560202,0.014705887370867105,0.016207982857167007,0.15569197142249644,0.5422181701209001,0.3818501889273204,0.007006520898083983,0.02101671392664255,0.20238293246424924,-0.045937298920580245,0.052903294220865815,0.3220829861803337,0.36014366328596287,0.4706598487932253,0.19866847120261386,0.16079075761488282,0.030268340294725915,0.3331470488865817,0.05421222673086899,0.3091806623588385,-0.028788922727258318,0.3934744331067312,0.180923665744742,0.04182433083730334,0.15923841554863655,0.3010911024898933,0.26645167556623284,0.10144024039978085,0.09082701037394397,0.2614291541268424,0.05560235538050112,0.6868785461214184,0.09236598073432187,0.3626451444980531,0.12615834173246993,0.27631791654567683,0.31160328896890577,0.0855256828083855,0.466207043917284,0.3446827609095831,0.08182158679505856,0.2511193708110656,-0.004067054991544245,0.41774529594797266
2023-05-31,-0.028045977675245855,0.23839406380040376,0.3907774292740245,0.17062083409929385,0.21179369609477525,-0.06554470345882339,0.28490492221799735,0.18901380275401045,0.4772571686323563,0.19825783000471037,0.07872987985962539,0.11340297233820379,0.4015201399805904,0.2782430611964497,0.11906781210992871,0.016054461209567748,0.2238045606301922,0.2648974646155869,-0.24557519087087173,0.2873884405257789,0.33822305879825293,0.2176588291775451,0.11383574609014646,0.34014215599666564,0.25721444614520395,0.38674212800430535,0.4995365310806375,0.09638976515948125,0.0056261669979187365,0.0954954527560202,0.014705887370867105,0.016207982857167007,0.15569197142249644,0.5422181701209001,0.3818501889273204,0.007006520898083983,0.02101671392664255,0.20238293246424924,-0.045937298920580245,0.052903294220865815,0.3220829861803337,0.36014366328596287,0.4706598487932253,0.19866847120261386,0.16079075761488282,0.030268340294725915,0.3331470488865817,0.05421222673086899,0.3091806623588385,-0.028788922727258318,0.3934744331067312,0.180923665744742,0.04182433083730334,0.15923841554863655,0.3010911024898933,0.26645167556623284,0.10144024039978085,0.09082701037394397,0.2614291541268424,0.05560235538050112,0.6868785461214184,0.09236598073432187,0.3626451444980531,0.12615834173246993,0.27631791654567683,0.31160328896890577,0.0855256828083855,0.466207043917284,0.3446827609095831,0.08182158679505856,0.2511193708110656,-0.004067054991544245,0.41774529594797266
2023-06-30,-0.028045977675245855,0.23839406380040376,0.3907774292740245,0.17062083409929385,0.21179369609477525,-0.06554470345882339,0.28490492221799735,0.18901380275401045,0.4772571686323563,0.19825783000471037,0.07872987985962539,0.11340297233820379,0.4015201399805904,0.2782430611964497,0.11906781210992871,0.016054461209567748,0.2238045606301922,0.2648974646155869,-0.24557519087087173,0.2873884405257789,0.33822305879825293,0.2176588291775451,0.11383574609014646,0.34014215599666564,0.25721444614520395,0.38674212800430535,0.4995365310806375,0.19674815767926074,0.0056261669979187365,0.0954954527560202,0.014705887370867105,0.016207982857167007,0.15569197142249644,0.5422181701209001,0.3818501889273204,0.007006520898083983,0.02101671392664255,0.20238293246424924,-0.045937298920580245,0.052903294220865815,0.3220829861803337,0.36014366328596287,0.4706598487932253,0.19866847120261386,0.16079075761488282,0.030268340294725915,0.3331470488865817,0.05421222673086899,0.3091806623588385,-0.028788922727258318,0.3934744331067312,0.180923665744742,0.04182433083730334,0.15923841554863655,0.3010911024898933,0.26645167556623284,0.10144024039978085,0.09082701037394397,0.2614291541268424,0.05560235538050112,0.6868785461214184,0.09236598073432187,0.3626451444980531,0.12615834173246993,0.27631791654567683,0.31160328896890577,0.0855256828083855,0.466207043917284,0.3446827609095831,0.08182158679505856,0.2511193708110656,-0.004067054991544245,0.41774529594797266
2023-07-31,-0.028045977675245855,0.23839406380040376,0.3907774292740245,0.17062083409929385,0.21179369609477525,-0.06554470345882339,0.28490492221799735,0.18901380275401045,0.4772571686323563,0.19825783000471037,0.07872987985962539,0.11340297233820379,0.4015201399805904,0.2782430611964497,0.11906781210992871,0.016054461209567748,0.2238045606301922,0.2648974646155869,-0.24557519087087173,0.2873884405257789,0.33822305879825293,0.2176588291775451,0.11383574609014646,0.34014215599666564,0.25721444614520395,0.38674212800430535,0.4995365310806375,0.19674815767926074,0.0056261669979187365,0.0954954527560202,0.014705887370867105,0.016207982857167007,0.15569197142249644,0.5422181701209001,0.3818501889273204,0.007006520898083983,0.02101671392664255,0.20238293246424924,-0.045937298920580245,0.052903294220865815,0.3220829861803337,0.36014366328596287,0.4706598487932253,0.19866847120261386,0.16079075761488282,0.030268340294725915,0.3331470488865817,0.05421222673086899,0.3091806623588385,-0.028788922727258318,0.3934744331067312,0.180923665744742,0.04182433083730334,0.15923841554863655,0.3010911024898933,0.26645167556623284,0.10144024039978085,0.09082701037394397,0.2614291541268424,0.05560235538050112,0.6868785461214184,0.09236598073432187,0.3626451444980531,0.12615834173246993,0.27631791654567683,0.31160328896890577,0.0855256828083855,0.466207043917284,0.3446827609095831,0.08182158679505856,0.2511193708110656,-0.004067054991544245,0.41774529594797266
2023-08-31,-0.028045977675245855,0.23839406380040376,0.3907774292740245,0.17062083409929385,0.21179369609477525,-0.06554470345882339,0.28490492221799735,0.18901380275401045,0.4772571686323563,0.19825783000471037,0.07872987985962539,0.11340297233820379,0.4015201399805904,0.2782430611964497,0.11906781210992871,0.016054461209567748,0.2238045606301922,0.2648974646155869,-0.24557519087087173,0.2873884405257789,0.33822305879825293,0.2176588291775451,0.11383574609014646,0.34014215599666564,0.25721444614520395,0.38674212800430535,0.4995365310806375,0.19674815767926074,0.0056261669979187365,0.0954954527560202,0.014705887370867105,0.016207982857167007,0.15569197142249644,0.5422181701209001,0.3818501889273204,0.007006520898083983,0.02101671392664255,0.20238293246424924,-0.045937298920580245,0.052903294220865815,0.3220829861803337,0.36014366328596287,0.4706598487932253,0.19866847120261386,0.16079075761488282,0.030268340294725915,0.3331470488865817,0.05421222673086899,0.3091806623588385,-0.028788922727258318,0.3934744331067312,0.180923665744742,0.04182433083730334,0.15923841554863655,0.3010911024898933,0.26645167556623284,0.10144024039978085,0.09082701037394397,0.2614291541268424,0.05560235538050112,0.6868785461214184,0.09236598073432187,0.3626451444980531,0.12615834173246993,0.27631791654567683,0.31160328896890577,0.0855256828083855,0.466207043917284,0.3446827609095831,0.08182158679505856,0.2511193708110656,-0.004067054991544245,0.41774529594797266
2023-09-30,-0.028045977675245855,0.23839406380040376,0.3907774292740245,0.17062083409929385,0.21179369609477525,-0.06554470345882339,0.28490492221799735,0.18901380275401045,0.4772571686323563,0.19825783000471037,0.07872987985962539,0.11340297233820379,0.4015201399805904,0.2782430611964497,0.11906781210992871,0.016054461209567748,0.2238045606301922,0.2648974646155869,-0.24557519087087173,0.2873884405257789,0.33822305879825293,0.2176588291775451,0.11383574609014646,0.34014215599666564,0.25721444614520395,0.38674212800430535,0.4995365310806375,0.19674815767926074,0.0056261669979187365,0.0954954527560202,0.014705887370867105,0.016207982857167007,0.15569197142249644,0.5422181701209001,0.3818501889273204,0.007006520898083983,0.02101671392664255,0.20238293246424924,-0.045937298920580245,0.052903294220865815,0.3220829861803337,0.36014366328596287,0.4706598487932253,0.19866847120261386,0.16079075761488282,0.030268340294725915,0.3331470488865817,0.05421222673086899,0.3091806623588385,-0.028788922727258318,0.3934744331067312,0.180923665744742,0.04182433083730334,0.15923841554863655,0.3010911024898933,0.26645167556623284,0.10144024039978085,0.09082701037394397,0.2614291541268424,0.05560235538050112,0.6868785461214184,0.09236598073432187,0.3626451444980531,0.12615834173246993,0.27631791654567683,0.31160328896890577,0.0855256828083855,0.466207043917284,0.3446827609095831,0.08182158679505856,0.2511193708110656,-0.004067054991544245,0.41774529594797266
2023-10-31,-0.028045977675245855,0.23839406380040376,0.3907774292740245,0.17062083409929385,0.21179369609477525,-0.06554470345882339,0.28490492221799735,0.18901380275401045,0.4772571686323563,0.19825783000471037,0.07872987985962539,0.11340297233820379,0.4015201399805904,0.2782430611964497,0.11906781210992871,0.016054461209567748,0.2238045606301922,0.2648974646155869,-0.24557519087087173,0.2873884405257789,0.33822305879825293,0.2176588291775451,0.11383574609014646,0.34014215599666564,0.25721444614520395,0.38674212800430535,0.4995365310806375,0.19674815767926074,0.0056261669979187365,0.0954954527560202,0.014705887370867105,0.016207982857167007,0.15569197142249644,0.5422181701209001,0.3818501889273204,0.007006520898083983,0.02101671392664255,0.20238293246424924,-0.045937298920580245,0.052903294220865815,0.3220829861803337,0.36014366328596287,0.4706598487932253,0.19866847120261386,0.16079075761488282,0.030268340294725915,0.3331470488865817,0.05421222673086899,0.3091806623588385,-0.028788922727258318,0.3934744331067312,0.180923665744742,0.04182433083730334,0.15923841554863655,0.3010911024898933,0.26645167556623284,0.10144024039978085,0.09082701037394397,0.2614291541268424,0.05560235538050112,0.6868785461214184,0.09236598073432187,0.3626451444980531,0.12615834173246993,0.27631791654567683,0.31160328896890577,0.0855256828083855,0.466207043917284,0.3446827609095831,0.08182158679505856,0.2511193708110656,-0.004067054991544245,0.41774529594797266
2023-11-30,-0.028045977675245855,0.23839406380040376,0.3907774292740245,0.17062083409929385,0.21179369609477525,-0.06554470345882339,0.28490492221799735,0.18901380275401045,0.4772571686323563,0.19825783000471037,0.07872987985962539,0.11340297233820379,0.4015201399805904,0.2782430611964497,0.11906781210992871,0.016054461209567748,0.2238045606301922,0.2648974646155869,-0.24557519087087173,0.2873884405257789,0.33822305879825293,0.2176588291775451,0.11383574609014646,0.34014215599666564,0.25721444614520395,0.38674212800430535,0.4995365310806375,0.19674815767926074,0.0056261669979187365,0.0954954527560202,0.014705887370867105,0.016207982857167007,0.15569197142249644,0.5422181701209001,0.3818501889273204,0.007006520898083983,0.02101671392664255,0.20238293246424924,-0.045937298920580245,0.052903294220865815,0.3220829861803337,0.36014366328596287,0.4706598487932253,0.19866847120261386,0.16079075761488282,0.030268340294725915,0.3331470488865817,0.05421222673086899,0.3091806623588385,-0.028788922727258318,0.3934744331067312,0.180923665744742,0.04182433083730334,0.15923841554863655,0.3010911024898933,0.26645167556623284,0.10144024039978085,0.09082701037394397,0.2614291541268424,0.05560235538050112,0.6868785461214184,0.09236598073432187,0.3626451444980531,0.12615834173246993,0.27631791654567683,0.31160328896890577,0.0855256828083855,0.466207043917284,0.3446827609095831,0.08182158679505856,0.2511193708110656,-0.004067054991544245,0.41774529594797266
2023-12-31,-0.028045977675245855,0.23839406380040376,0.3907774292740245,0.17062083409929385,0.21179369609477525,-0.06554470345882339,0.28490492221799735,0.18901380275401045,0.4772571686323563,0.19825783000471037,0.07872987985962539,0.11340297233820379,0.4015201399805904,0.2782430611964497,0.11906781210992871,0.016054461209567748,0.2238045606301922,0.2648974646155869,-0.24557519087087173,0.2873884405257789,0.33822305879825293,0.2176588291775451,0.11383574609014646,0.34014215599666564,0.25721444614520395,0.38674212800430535,0.4995365310806375,0.19674815767926074,0.0056261669979187365,0.0954954527560202,0.014705887370867105,0.016207982857167007,0.15569197142249644,0.5422181701209001,0.3818501889273204,0.007006520898083983,0.02101671392664255,0.20238293246424924,-0.045937298920580245,0.052903294220865815,0.3220829861803337,0.36014366328596287,0.4706598487932253,0.19866847120261386,0.16079075761488282,0.030268340294725915,0.3331470488865817,0.05421222673086899,0.3091806623588385,-0.028788922727258318,0.3934744331067312,0.180923665744742,0.04182433083730334,0.15923841554863655,0.3010911024898933,0.26645167556623284,0.10144024039978085,0.09082701037394397,0.2614291541268424,0.05560235538050112,0.6868785461214184,0.09236598073432187,0.3626451444980531,0.12615834173246993,0.27631791654567683,0.31160328896890577,0.0855256828083855,0.466207043917284,0.3446827609095831,0.08182158679505856,0.2511193708110656,-0.004067054991544245,0.41774529594797266
2024-01-31,-0.028045977675245855,0.23839406380040376,0.3907774292740245,0.17062083409929385,0.21179369609477525,-0.06554470345882339,0.28490492221799735,0.18901380275401045,0.4772571686323563,0.19825783000471037,0.07872987985962539,0.11340297233820379,0.4015201399805904,0.2782430611964497,0.11906781210992871,0.016054461209567748,0.2238045606301922,0.2648974646155869,-0.24557519087087173,0.2873884405257789,0.33822305879825293,0.2176588291775451,0.11383574609014646,0.34014215599666564,0.25721444614520395,0.38674212800430535,0.4995365310806375,0.19674815767926074,0.0056261669979187365,0.0954954527560202,0.014705887370867105,0.016207982857167007,0.15569197142249644,0.5422181701209001,0.3818501889273204,0.007006520898083983,0.02101671392664255,0.20238293246424924,-0.045937298920580245,0.052903294220865815,0.3220829861803337,0.36014366328596287,0.4706598487932253,0.19866847120261386,0.16079075761488282,0.030268340294725915,0.3331470488865817,0.05421222673086899,0.3091806623588385,-0.028788922727258318,0.3934744331067312,0.180923665744742,0.04182433083730334,0.15923841554863655,0.3010911024898933,0.26645167556623284,0.10144024039978085,0.09082701037394397,0.2614291541268424,0.05560235538050112,0.6868785461214184,0.09236598073432187,0.3626451444980531,0.12615834173246993,0.27631791654567683,0.31160328896890577,0.0855256828083855,0.466207043917284,0.3446827609095831,0.08182158679505856,0.2511193708110656,-0.004067054991544245,0.41774529594797266
2024-02-29,-0.028045977675245855,0.23839406380040376,0.3907774292740245,0.17062083409929385,0.21179369609477525,-0.06554470345882339,0.28490492221799735,0.18901380275401045,0.4772571686323563,0.19825783000471037,0.07872987985962539,0.11340297233820379,0.4015201399805904,0.2782430611964497,0.11906781210992871,0.016054461209567748,0.2238045606301922,0.2648974646155869,-0.24557519087087173,0.2873884405257789,0.33822305879825293,0.2176588291775451,0.11383574609014646,0.34014215599666564,0.25721444614520395,0.38674212800430535,0.4995365310806375,0.19674815767926074,0.0056261669979187365,0.0954954527560202,0.014705887370867105,0.016207982857167007,0.15569197142249644,0.5422181701209001,0.3818501889273204,0.007006520898083983,0.02101671392664255,0.20238293246424924,-0.045937298920580245,0.052903294220865815,0.3220829861803337,0.36014366328596287,0.4706598487932253,0.19866847120261386,0.16079075761488282,0.030268340294725915,0.3331470488865817,0.05421222673086899,0.3091806623588385,-0.028788922727258318,0.3934744331067312,0.180923665744742,0.04182433083730334,0.15923841554863655,0.3010911024898933,0.26645167556623284,0.10144024039978085,0.09082701037394397,0.2614291541268424,0.05560235538050112,0.6868785461214184,0.09236598073432187,0.3626451444980531,0.12615834173246993,0.27631791654567683,0.31160328896890577,0.0855256828083855,0.466207043917284,0.3446827609095831,0.08182158679505856,0.2511193708110656,-0.004067054991544245,0.41774529594797266
2024-03-31,0.3924680463422344,0.3427775685797263,0.3148217122643403,0.17185671510644945,0.3657048825025369,0.3556175528480529,0.09871694992020023,0.1732341274355355,0.12345806611620444,0.2822174983134992,0.10566127895327732,0.10604212742585832,0.442489181852221,0.5222304135058388,0.24011673237922498,0.08350004085798289,0.1646119028988494,-0.3206839656584556,0.21628159151699583,0.22341615379472687,0.03579642568642485,0.2981039592311775,0.16444244585140477,0.5238384932261823,0.1341738570351098,0.35973777807366303,0.4746625223597665,0.19674815767926074,-0.00300611999473555,0.0786307234572397,-0.07119140674638569,0.07868515240679926,0.021660973871577054,0.6719260204134876,0.35298151450353993,-0.3945764685675389,-0.09641178540773492,0.11949927378514984,-0.33379513478565587,0.15813559451828008,0.2694054276165756,0.11583058626226134,0.07122514533273039,0.1844738174941124,0.014272794590528444,0.04309863399545224,0.24507600244414937,0.06670928368380402,0.23701408009887234,0.14451094695988873,0.382436674884486,0.06990421540639533,0.014819713718690423,0.12094315178306708,0.26654119872282905,0.04604032506520937,0.17654903533616728,0.13441726595879092,0.38700347088314696,-0.05136055048393622,0.4203820862128468,0.13845353112660966,0.4089915594498111,0.1201791149329324,0.1749596846330764,0.32514496051836134,0.16707209793889305,0.6066998795306383,0.2668682377866477,0.1880138589019365,0.18061433209686,0.04021792437830914,0.38019608178451186
2024-04-30,0.3924680463422344,0.3427775685797263,0.3148217122643403,0.17185671510644945,0.3657048825025369,0.3556175528480529,0.09871694992020023,0.1732341274355355,0.12345806611620444,0.2822174983134992,0.10566127895327732,0.10604212742585832,0.442489181852221,0.5222304135058388,0.24011673237922498,0.08350004085798289,0.1646119028988494,-0.3206839656584556,0.21628159151699583,0.22341615379472687,0.03579642568642485,0.2981039592311775,0.16444244585140477,0.5238384932261823,0.1341738570351098,0.35973777807366303,0.4746625223597665,0.19674815767926074,-0.00300611999473555,0.0786307234572397,-0.07119140674638569,0.07868515240679926,0.021660973871577054,0.6719260204134876,0.35298151450353993,-0.3945764685675389,-0.09641178540773492,0.11949927378514984,-0.33379513478565587,0.15813559451828008,0.2694054276165756,0.11583058626226134,0.07122514533273039,0.1844738174941124,0.014272794590528444,0.04309863399545224,0.24507600244414937,0.06670928368380402,0.23701408009887234,0.14451094695988873,0.382436674884486,0.06990421540639533,0.014819713718690423,0.12094315178306708,0.26654119872282905,0.04604032506520937,0.17654903533616728,0.13441726595879092,0.38700347088314696,-0.05136055048393622,0.4203820862128468,0.13845353112660966,0.4089915594498111,0.1201791149329324,0.1749596846330764,0.32514496051836134,0.16707209793889305,0.6066998795306383,0.2668682377866477,0.1880138589019365,0.18061433209686,0.04021792437830914,0.38019608178451186
2024-05-31,0.3924680463422344,0.3427775685797263,0.3148217122643403,0.17185671510644945,0.3657048825025369,0.3556175528480529,0.09871694992020023,0.1732341274355355,0.12345806611620444,0.2822174983134992,0.10566127895327732,0.10604212742585832,0.442489181852221,0.5222304135058388,0.24011673237922498,0.08350004085798289,0.1646119028988494,-0.3206839656584556,0.21628159151699583,0.22341615379472687,0.03579642568642485,0.2981039592311775,0.16444244585140477,0.5238384932261823,0.1341738570351098,0.35973777807366303,0.4746625223597665,0.19674815767926074,-0.00300611999473555,0.0786307234572397,-0.07119140674638569,0.07868515240679926,0.021660973871577054,0.6719260204134876,0.35298151450353993,-0.3945764685675389,-0.09641178540773492,0.11949927378514984,-0.33379513478565587,0.15813559451828008,0.2694054276165756,0.11583058626226134,0.07122514533273039,0.1844738174941124,0.014272794590528444,0.04309863399545224,0.24507600244414937,0.06670928368380402,0.23701408009887234,0.14451094695988873,0.382436674884486,0.06990421540639533,0.014819713718690423,0.12094315178306708,0.26654119872282905,0.04604032506520937,0.17654903533616728,0.13441726595879092,0.38700347088314696,-0.05136055048393622,0.4203820862128468,0.13845353112660966,0.4089915594498111,0.1201791149329324,0.1749596846330764,0.32514496051836134,0.16707209793889305,0.6066998795306383,0.2668682377866477,0.1880138589019365,0.18061433209686,0.04021792437830914,0.38019608178451186
2024-06-30,0.3924680463422344,0.3427775685797263,0.3148217122643403,0.17185671510644945,0.3657048825025369,0.3556175528480529,0.09871694992020023,0.1732341274355355,0.12345806611620444,0.2822174983134992,0.10566127895327732,0.10604212742585832,0.442489181852221,0.5222304135058388,0.24011673237922498,0.08350004085798289,0.1646119028988494,-0.3206839656584556,0.21628159151699583,0.22341615379472687,0.03579642568642485,0.2981039592311775,0.16444244585140477,0.5238384932261823,0.1341738570351098,0.35973777807366303,0.4746625223597665,0.22317336209220814,-0.00300611999473555,0.0786307234572397,-0.07119140674638569,0.07868515240679926,0.021660973871577054,0.6719260204134876,0.35298151450353993,-0.3945764685675389,-0.09641178540773492,0.11949927378514984,-0.33379513478565587,0.15813559451828008,0.2694054276165756,0.11583058626226134,0.07122514533273039,0.1844738174941124,0.014272794590528444,0.04309863399545224,0.24507600244414937,0.06670928368380402,0.23701408009887234,0.14451094695988873,0.382436674884486,0.06990421540639533,0.014819713718690423,0.12094315178306708,0.26654119872282905,0.04604032506520937,0.17654903533616728,0.13441726595879092,0.38700347088314696,-0.05136055048393622,0.4203820862128468,0.13845353112660966,0.4089915594498111,0.1201791149329324,0.1749596846330764,0.32514496051836134,0.16707209793889305,0.6066998795306383,0.2668682377866477,0.1880138589019365,0.18061433209686,0.04021792437830914,0.38019608178451186
2024-07-31,0.3924680463422344,0.3427775685797263,0.3148217122643403,0.17185671510644945,0.3657048825025369,0.3556175528480529,0.09871694992020023,0.1732341274355355,0.12345806611620444,0.2822174983134992,0.10566127895327732,0.10604212742585832,0.442489181852221,0.5222304135058388,0.24011673237922498,0.08350004085798289,0.1646119028988494,-0.3206839656584556,0.21628159151699583,0.22341615379472687,0.03579642568642485,0.2981039592311775,0.16444244585140477,0.5238384932261823,0.1341738570351098,0.35973777807366303,0.4746625223597665,0.22317336209220814,-0.00300611999473555,0.0786307234572397,-0.07119140674638569,0.07868515240679926,0.021660973871577054,0.6719260204134876,0.35298151450353993,-0.3945764685675389,-0.09641178540773492,0.11949927378514984,-0.33379513478565587,0.15813559451828008,0.2694054276165756,0.11583058626226134,0.07122514533273039,0.1844738174941124,0.014272794590528444,0.04309863399545224,0.24507600244414937,0.06670928368380402,0.23701408009887234,0.14451094695988873,0.382436674884486,0.06990421540639533,0.014819713718690423,0.12094315178306708,0.26654119872282905,0.04604032506520937,0.17654903533616728,0.13441726595879092,0.38700347088314696,-0.05136055048393622,0.4203820862128468,0.13845353112660966,0.4089915594498111,0.1201791149329324,0.1749596846330764,0.32514496051836134,0.16707209793889305,0.6066998795306383,0.2668682377866477,0.1880138589019365,0.18061433209686,0.04021792437830914,0.38019608178451186
2024-08-31,0.3924680463422344,0.3427775685797263,0.3148217122643403,0.17185671510644945,0.3657048825025369,0.3556175528480529,0.09871694992020023,0.1732341274355355,0.12345806611620444,0.2822174983134992,0.10566127895327732,0.10604212742585832,0.442489181852221,0.5222304135058388,0.24011673237922498,0.08350004085798289,0.1646119028988494,-0.3206839656584556,0.21628159151699583,0.22341615379472687,0.03579642568642485,0.2981039592311775,0.16444244585140477,0.5238384932261823,0.1341738570351098,0.35973777807366303,0.4746625223597665,0.22317336209220814,-0.00300611999473555,0.0786307234572397,-0.07119140674638569,0.07868515240679926,0.021660973871577054,0.6719260204134876,0.35298151450353993,-0.3945764685675389,-0.09641178540773492,0.11949927378514984,-0.33379513478565587,0.15813559451828008,0.2694054276165756,0.11583058626226134,0.07122514533273039,0.1844738174941124,0.014272794590528444,0.04309863399545224,0.24507600244414937,0.06670928368380402,0.23701408009887234,0.14451094695988873,0.382436674884486,0.06990421540639533,0.014819713718690423,0.12094315178306708,0.26654119872282905,0.04604032506520937,0.17654903533616728,0.13441726595879092,0.38700347088314696,-0.05136055048393622,0.4203820862128468,0.13845353112660966,0.4089915594498111,0.1201791149329324,0.1749596846330764,0.32514496051836134,0.16707209793889305,0.6066998795306383,0.2668682377866477,0.1880138589019365,0.18061433209686,0.04021792437830914,0.38019608178451186
2024-09-30,0.3924680463422344,0.3427775685797263,0.3148217122643403,0.17185671510644945,0.3657048825025369,0.3556175528480529,0.09871694992020023,0.1732341274355355,0.12345806611620444,0.2822174983134992,0.10566127895327732,0.10604212742585832,0.442489181852221,0.5222304135058388,0.24011673237922498,0.08350004085798289,0.1646119028988494,-0.3206839656584556,0.21628159151699583,0.22341615379472687,0.03579642568642485,0.2981039592311775,0.16444244585140477,0.5238384932261823,0.1341738570351098,0.35973777807366303,0.4746625223597665,0.22317336209220814,-0.00300611999473555,0.0786307234572397,-0.07119140674638569,0.07868515240679926,0.021660973871577054,0.6719260204134876,0.35298151450353993,-0.3945764685675389,-0.09641178540773492,0.11949927378514984,-0.33379513478565587,0.15813559451828008,0.2694054276165756,0.11583058626226134,0.07122514533273039,0.1844738174941124,0.014272794590528444,0.04309863399545224,0.24507600244414937,0.06670928368380402,0.23701408009887234,0.14451094695988873,0.382436674884486,0.06990421540639533,0.014819713718690423,0.12094315178306708,0.26654119872282905,0.04604032506520937,0.17654903533616728,0.13441726595879092,0.38700347088314696,-0.05136055048393622,0.4203820862128468,0.13845353112660966,0.4089915594498111,0.1201791149329324,0.1749596846330764,0.32514496051836134,0.16707209793889305,0.6066998795306383,0.2668682377866477,0.1880138589019365,0.18061433209686,0.04021792437830914,0.38019608178451186
2024-10-31,0.3924680463422344,0.3427775685797263,0.3148217122643403,0.17185671510644945,0.3657048825025369,0.3556175528480529,0.09871694992020023,0.1732341274355355,0.12345806611620444,0.2822174983134992,0.10566127895327732,0.10604212742585832,0.442489181852221,0.5222304135058388,0.24011673237922498,0.08350004085798289,0.1646119028988494,-0.3206839656584556,0.21628159151699583,0.22341615379472687,0.03579642568642485,0.2981039592311775,0.16444244585140477,0.5238384932261823,0.1341738570351098,0.35973777807366303,0.4746625223597665,0.22317336209220814,-0.00300611999473555,0.0786307234572397,-0.07119140674638569,0.07868515240679926,0.021660973871577054,0.6719260204134876,0.35298151450353993,-0.3945764685675389,-0.09641178540773492,0.11949927378514984,-0.33379513478565587,0.15813559451828008,0.2694054276165756,0.11583058626226134,0.07122514533273039,0.1844738174941124,0.014272794590528444,0.04309863399545224,0.24507600244414937,0.06670928368380402,0.23701408009887234,0.14451094695988873,0.382436674884486,0.06990421540639533,0.014819713718690423,0.12094315178306708,0.26654119872282905,0.04604032506520937,0.17654903533616728,0.13441726595879092,0.38700347088314696,-0.05136055048393622,0.4203820862128468,0.13845353112660966,0.4089915594498111,0.1201791149329324,0.1749596846330764,0.32514496051836134,0.16707209793889305,0.6066998795306383,0.2668682377866477,0.1880138589019365,0.18061433209686,0.04021792437830914,0.38019608178451186
2024-11-30,0.3924680463422344,0.3427775685797263,0.3148217122643403,0.17185671510644945,0.3657048825025369,0.3556175528480529,0.09871694992020023,0.1732341274355355,0.12345806611620444,0.2822174983134992,0.10566127895327732,0.10604212742585832,0.442489181852221,0.5222304135058388,0.24011673237922498,0.08350004085798289,0.1646119028988494,-0.3206839656584556,0.21628159151699583,0.22341615379472687,0.03579642568642485,0.2981039592311775,0.16444244585140477,0.5238384932261823,0.1341738570351098,0.35973777807366303,0.4746625223597665,0.22317336209220814,-0.00300611999473555,0.0786307234572397,-0.07119140674638569,0.07868515240679926,0.021660973871577054,0.6719260204134876,0.35298151450353993,-0.3945764685675389,-0.09641178540773492,0.11949927378514984,-0.33379513478565587,0.15813559451828008,0.2694054276165756,0.11583058626226134,0.07122514533273039,0.1844738174941124,0.014272794590528444,0.04309863399545224,0.24507600244414937,0.06670928368380402,0.23701408009887234,0.14451094695988873,0.382436674884486,0.06990421540639533,0.014819713718690423,0.12094315178306708,0.26654119872282905,0.04604032506520937,0.17654903533616728,0.13441726595879092,0.38700347088314696,-0.05136055048393622,0.4203820862128468,0.13845353112660966,0.4089915594498111,0.1201791149329324,0.1749596846330764,0.32514496051836134,0.16707209793889305,0.6066998795306383,0.2668682377866477,0.1880138589019365,0.18061433209686,0.04021792437830914,0.38019608178451186
2024-12-31,0.3924680463422344,0.3427775685797263,0.3148217122643403,0.17185671510644945,0.3657048825025369,0.3556175528480529,0.09871694992020023,0.1732341274355355,0.12345806611620444,0.2822174983134992,0.10566127895327732,0.10604212742585832,0.442489181852221,0.5222304135058388,0.24011673237922498,0.08350004085798289,0.1646119028988494,-0.3206839656584556,0.21628159151699583,0.22341615379472687,0.03579642568642485,0.2981039592311775,0.16444244585140477,0.5238384932261823,0.1341738570351098,0.35973777807366303,0.4746625223597665,0.22317336209220814,-0.00300611999473555,0.0786307234572397,-0.07119140674638569,0.07868515240679926,0.021660973871577054,0.6719260204134876,0.35298151450353993,-0.3945764685675389,-0.09641178540773492,0.11949927378514984,-0.33379513478565587,0.15813559451828008,0.2694054276165756,0.11583058626226134,0.07122514533273039,0.1844738174941124,0.014272794590528444,0.04309863399545224,0.24507600244414937,0.06670928368380402,0.23701408009887234,0.14451094695988873,0.382436674884486,0.06990421540639533,0.014819713718690423,0.12094315178306708,0.26654119872282905,0.04604032506520937,0.17654903533616728,0.13441726595879092,0.38700347088314696,-0.05136055048393622,0.4203820862128468,0.13845353112660966,0.4089915594498111,0.1201791149329324,0.1749596846330764,0.32514496051836134,0.16707209793889305,0.6066998795306383,0.2668682377866477,0.1880138589019365,0.18061433209686,0.04021792437830914,0.38019608178451186
2025-01-31,0.3924680463422344,0.3427775685797263,0.3148217122643403,0.17185671510644945,0.3657048825025369,0.3556175528480529,0.09871694992020023,0.1732341274355355,0.12345806611620444,0.2822174983134992,0.10566127895327732,0.10604212742585832,0.442489181852221,0.5222304135058388,0.24011673237922498,0.08350004085798289,0.1646119028988494,-0.3206839656584556,0.21628159151699583,0.22341615379472687,0.03579642568642485,0.2981039592311775,0.16444244585140477,0.5238384932261823,0.1341738570351098,0.35973777807366303,0.4746625223597665,0.22317336209220814,-0.00300611999473555,0.0786307234572397,-0.07119140674638569,0.07868515240679926,0.021660973871577054,0.6719260204134876,0.35298151450353993,-0.3945764685675389,-0.09641178540773492,0.11949927378514984,-0.33379513478565587,0.15813559451828008,0.2694054276165756,0.11583058626226134,0.07122514533273039,0.1844738174941124,0.014272794590528444,0.04309863399545224,0.24507600244414937,0.06670928368380402,0.23701408009887234,0.14451094695988873,0.382436674884486,0.06990421540639533,0.014819713718690423,0.12094315178306708,0.26654119872282905,0.04604032506520937,0.17654903533616728,0.13441726595879092,0.38700347088314696,-0.05136055048393622,0.4203820862128468,0.13845353112660966,0.4089915594498111,0.1201791149329324,0.1749596846330764,0.32514496051836134,0.16707209793889305,0.6066998795306383,0.2668682377866477,0.1880138589019365,0.18061433209686,0.04021792437830914,0.38019608178451186
2025-02-28,0.3924680463422344,0.3427775685797263,0.3148217122643403,0.17185671510644945,0.3657048825025369,0.3556175528480529,0.09871694992020023,0.1732341274355355,0.12345806611620444,0.2822174983134992,0.10566127895327732,0.10604212742585832,0.442489181852221,0.5222304135058388,0.24011673237922498,0.08350004085798289,0.1646119028988494,-0.3206839656584556,0.21628159151699583,0.22341615379472687,0.03579642568642485,0.2981039592311775,0.16444244585140477,0.5238384932261823,0.1341738570351098,0.35973777807366303,0.4746625223597665,0.22317336209220814,-0.00300611999473555,0.0786307234572397,-0.07119140674638569,0.07868515240679926,0.021660973871577054,0.6719260204134876,0.35298151450353993,-0.3945764685675389,-0.09641178540773492,0.11949927378514984,-0.33379513478565587,0.15813559451828008,0.2694054276165756,0.11583058626226134,0.07122514533273039,0.1844738174941124,0.014272794590528444,0.04309863399545224,0.24507600244414937,0.06670928368380402,0.23701408009887234,0.14451094695988873,0.382436674884486,0.06990421540639533,0.014819713718690423,0.12094315178306708,0.26654119872282905,0.04604032506520937,0.17654903533616728,0.13441726595879092,0.38700347088314696,-0.05136055048393622,0.4203820862128468,0.13845353112660966,0.4089915594498111,0.1201791149329324,0.1749596846330764,0.32514496051836134,0.16707209793889305,0.6066998795306383,0.2668682377866477,0.1880138589019365,0.18061433209686,0.04021792437830914,0.38019608178451186
2025-03-31,0.01286629993177761,0.15607944317282887,0.1762528686151246,0.0813683178651869,-0.24166544242628915,0.36461302292580033,0.047603571777337816,0.04938440705266257,0.03554381082971945,0.2586868111071127,-0.03822141918678978,-0.0662073853620786,0.42752235313567194,0.4863348452628843,0.025146063069920024,0.14272973735418287,0.04060673752340118,-0.3206839656584556,0.35975904079165333,0.15799665416478448,-1.675663539788116,0.07771044370696902,-0.007529034836487891,0.2758333900472436,0.10862035094513764,0.499167583455079,0.13815067537171719,0.22317336209220814,0.06806866006832935,0.022805652828631333,0.13775522674486468,0.08836536987767354,0.0568959521948924,0.3372885799037446,0.27667171569129156,-0.32599474717499993,-0.017896177658910467,0.13231242602507254,-0.41549695586683827,0.06962186674324355,0.14312172246785942,0.02280819658354656,-0.14014254072809953,0.0024698708990243358,-0.08120539947882462,-0.05893566498481511,0.11062331589783908,0.04999943879338135,-0.3791330075183761,-0.10868261210300666,0.17733046652307197,-0.05463054016036429,0.08762390475627674,0.02699266463470911,0.18127669901090915,0.1334629477382605,0.11382545693400146,0.12581623608417758,0.177369238736406,0.013263728992548612,-0.8170910034160903,-0.06960022316980795,0.11085477793005265,0.08406549320893376,0.08855957618567152,0.3137939032886838,0.05788249707373853,0.33832519552482815,0.06489781945687227,0.2365685277997711,0.21756943725864522,-0.24635729466535128,0.15049526714211298
2025-04-30,0.01286629993177761,0.15607944317282887,0.1762528686151246,0.0813683178651869,-0.24166544242628915,0.36461302292580033,0.047603571777337816,0.04938440705266257,0.03554381082971945,0.2586868111071127,-0.03822141918678978,-0.0662073853620786,0.42752235313567194,0.4863348452628843,0.025146063069920024,0.14272973735418287,0.04060673752340118,-0.3206839656584556,0.35975904079165333,0.15799665416478448,-1.675663539788116,0.07771044370696902,-0.007529034836487891,0.2758333900472436,0.10862035094513764,0.499167583455079,0.13815067537171719,0.22317336209220814,0.06806866006832935,0.022805652828631333,0.13775522674486468,0.08836536987767354,0.0568959521948924,0.3372885799037446,0.27667171569129156,-0.32599474717499993,-0.017896177658910467,0.13231242602507254,-0.41549695586683827,0.06962186674324355,0.14312172246785942,0.02280819658354656,-0.14014254072809953,0.0024698708990243358,-0.08120539947882462,-0.05893566498481511,0.11062331589783908,0.04999943879338135,-0.3791330075183761,-0.10868261210300666,0.17733046652307197,-0.05463054016036429,0.08762390475627674,0.02699266463470911,0.18127669901090915,0.1334629477382605,0.11382545693400146,0.12581623608417758,0.177369238736406,0.013263728992548612,-0.8170910034160903,-0.06960022316980795,0.11085477793005265,0.08406549320893376,0.08855957618567152,0.3137939032886838,0.05788249707373853,0.33832519552482815,0.06489781945687227,0.2365685277997711,0.21756943725864522,-0.24635729466535128,0.15049526714211298
2025-05-31,0.01286629993177761,0.15607944317282887,0.1762528686151246,0.0813683178651869,-0.24166544242628915,0.36461302292580033,0.047603571777337816,0.04938440705266257,0.03554381082971945,0.2586868111071127,-0.03822141918678978,-0.0662073853620786,0.42752235313567194,0.4863348452628843,0.025146063069920024,0.14272973735418287,0.04060673752340118,-0.3206839656584556,0.35975904079165333,0.15799665416478448,-1.675663539788116,0.07771044370696902,-0.007529034836487891,0.2758333900472436,0.10862035094513764,0.499167583455079,0.13815067537171719,0.22317336209220814,0.06806866006832935,0.022805652828631333,0.13775522674486468,0.08836536987767354,0.0568959521948924,0.3372885799037446,0.27667171569129156,-0.32599474717499993,-0.017896177658910467,0.13231242602507254,-0.41549695586683827,0.06962186674324355,0.14312172246785942,0.02280819658354656,-0.14014254072809953,0.0024698708990243358,-0.08120539947882462,-0.05893566498481511,0.11062331589783908,0.04999943879338135,-0.3791330075183761,-0.10868261210300666,0.17733046652307197,-0.05463054016036429,0.08762390475627674,0.02699266463470911,0.18127669901090915,0.1334629477382605,0.11382545693400146,0.12581623608417758,0.177369238736406,0.013263728992548612,-0.8170910034160903,-0.06960022316980795,0.11085477793005265,0.08406549320893376,0.08855957618567152,0.3137939032886838,0.05788249707373853,0.33832519552482815,0.06489781945687227,0.2365685277997711,0.21756943725864522,-0.24635729466535128,0.15049526714211298
2025-06-30,0.01286629993177761,0.15607944317282887,0.1762528686151246,0.0813683178651869,-0.24166544242628915,0.36461302292580033,0.047603571777337816,0.04938440705266257,0.03554381082971945,0.2586868111071127,-0.03822141918678978,-0.0662073853620786,0.42752235313567194,0.4863348452628843,0.025146063069920024,0.14272973735418287,0.04060673752340118,-0.3206839656584556,0.35975904079165333,0.15799665416478448,-1.675663539788116,0.07771044370696902,-0.007529034836487891,0.2758333900472436,0.10862035094513764,0.499167583455079,0.13815067537171719,0.2309768348451908,0.06806866006832935,0.022805652828631333,0.13775522674486468,0.08836536987767354,0.0568959521948924,0.3372885799037446,0.27667171569129156,-0.32599474717499993,-0.017896177658910467,0.13231242602507254,-0.41549695586683827,0.06962186674324355,0.14312172246785942,0.02280819658354656,-0.14014254072809953,0.0024698708990243358,-0.08120539947882462,-0.05893566498481511,0.11062331589783908,0.04999943879338135,-0.3791330075183761,-0.10868261210300666,0.17733046652307197,-0.05463054016036429,0.08762390475627674,0.02699266463470911,0.18127669901090915,0.1334629477382605,0.11382545693400146,0.12581623608417758,0.177369238736406,0.013263728992548612,-0.8170910034160903,-0.06960022316980795,0.11085477793005265,0.08406549320893376,0.08855957618567152,0.3137939032886838,0.05788249707373853,0.33832519552482815,0.06489781945687227,0.2365685277997711,0.21756943725864522,-0.24635729466535128,0.15049526714211298
2025-07-31,0.01286629993177761,0.15607944317282887,0.1762528686151246,0.0813683178651869,-0.24166544242628915,0.36461302292580033,0.047603571777337816,0.04938440705266257,0.03554381082971945,0.2586868111071127,-0.03822141918678978,-0.0662073853620786,0.42752235313567194,0.4863348452628843,0.025146063069920024,0.14272973735418287,0.04060673752340118,-0.3206839656584556,0.35975904079165333,0.15799665416478448,-1.675663539788116,0.07771044370696902,-0.007529034836487891,0.2758333900472436,0.10862035094513764,0.499167583455079,0.13815067537171719,0.2309768348451908,0.06806866006832935,0.022805652828631333,0.13775522674486468,0.08836536987767354,0.0568959521948924,0.3372885799037446,0.27667171569129156,-0.32599474717499993,-0.017896177658910467,0.13231242602507254,-0.41549695586683827,0.06962186674324355,0.14312172246785942,0.02280819658354656,-0.14014254072809953,0.0024698708990243358,-0.08120539947882462,-0.05893566498481511,0.11062331589783908,0.04999943879338135,-0.3791330075183761,-0.10868261210300666,0.17733046652307197,-0.05463054016036429,0.08762390475627674,0.02699266463470911,0.18127669901090915,0.1334629477382605,0.11382545693400146,0.12581623608417758,0.177369238736406,0.013263728992548612,-0.8170910034160903,-0.06960022316980795,0.11085477793005265,0.08406549320893376,0.08855957618567152,0.3137939032886838,0.05788249707373853,0.33832519552482815,0.06489781945687227,0.2365685277997711,0.21756943725864522,-0.24635729466535128,0.15049526714211298
2025-08-31,0.01286629993177761,0.15607944317282887,0.1762528686151246,0.0813683178651869,-0.24166544242628915,0.36461302292580033,0.047603571777337816,0.04938440705266257,0.03554381082971945,0.2586868111071127,-0.03822141918678978,-0.0662073853620786,0.42752235313567194,0.4146207966507597,0.025146063069920024,0.14272973735418287,0.04060673752340118,-0.3206839656584556,0.35975904079165333,0.15799665416478448,-1.675663539788116,0.07771044370696902,-0.007529034836487891,0.2758333900472436,0.10862035094513764,0.499167583455079,0.13815067537171719,0.2309768348451908,0.06806866006832935,0.022805652828631333,0.13775522674486468,0.08836536987767354,0.0568959521948924,0.3372885799037446,0.27667171569129156,-0.32599474717499993,-0.017896177658910467,0.13231242602507254,-0.41549695586683827,0.06962186674324355,0.14312172246785942,0.02280819658354656,-0.14014254072809953,0.0024698708990243358,-0.08120539947882462,-0.05893566498481511,0.11062331589783908,0.04999943879338135,-0.3791330075183761,-0.10868261210300666,0.17733046652307197,-0.05463054016036429,0.08762390475627674,0.02699266463470911,0.18127669901090915,0.1334629477382605,0.11382545693400146,0.12581623608417758,0.177369238736406,0.013263728992548612,-0.8170910034160903,-0.06960022316980795,0.11085477793005265,0.08406549320893376,0.08855957618567152,0.31174917686263404,0.05788249707373853,0.33832519552482815,0.06489781945687227,0.2365685277997711,0.21756943725864522,-0.24635729466535128,0.15049526714211298
2025-09-30,0.01286629993177761,0.15607944317282887,0.1762528686151246,0.0813683178651869,-0.24166544242628915,0.36461302292580033,0.047603571777337816,0.04938440705266257,0.03554381082971945,0.2586868111071127,-0.03822141918678978,-0.0662073853620786,0.42752235313567194,0.4146207966507597,0.025146063069920024,0.14272973735418287,0.04060673752340118,-0.3206839656584556,0.35975904079165333,0.15799665416478448,-1.675663539788116,0.07771044370696902,-0.007529034836487891,0.2758333900472436,0.10862035094513764,0.499167583455079,0.13815067537171719,0.2309768348451908,0.06806866006832935,0.022805652828631333,0.13775522674486468,0.08836536987767354,0.0568959521948924,0.3372885799037446,0.27667171569129156,-0.32599474717499993,-0.017896177658910467,0.13231242602507254,-0.41549695586683827,0.06962186674324355,0.14312172246785942,0.02280819658354656,-0.14014254072809953,0.0024698708990243358,-0.08120539947882462,-0.05893566498481511,0.11062331589783908,0.04999943879338135,-0.3791330075183761,-0.10868261210300666,0.17733046652307197,-0.05463054016036429,0.08762390475627674,0.02699266463470911,0.18127669901090915,0.1334629477382605,0.11382545693400146,0.12581623608417758,0.177369238736406,0.013263728992548612,-0.8170910034160903,-0.06960022316980795,0.11085477793005265,0.08406549320893376,0.08855957618567152,0.31174917686263404,0.05788249707373853,0.33832519552482815,0.06489781945687227,0.2365685277997711,0.21756943725864522,-0.24635729466535128,0.15049526714211298
2025-10-31,0.01286629993177761,0.15607944317282887,0.1762528686151246,0.0813683178651869,-0.24166544242628915,0.36461302292580033,0.047603571777337816,0.04938440705266257,0.03554381082971945,0.2586868111071127,-0.03822141918678978,-0.0662073853620786,0.42752235313567194,0.4146207966507597,0.025146063069920024,0.14272973735418287,0.04060673752340118,-0.3206839656584556,0.35975904079165333,0.15799665416478448,-1.675663539788116,0.07771044370696902,-0.007529034836487891,0.2758333900472436,0.10862035094513764,0.499167583455079,0.13815067537171719,0.2309768348451908,0.06806866006832935,0.022805652828631333,0.13775522674486468,0.08836536987767354,0.0568959521948924,0.3372885799037446,0.27667171569129156,-0.32599474717499993,-0.017896177658910467,0.13231242602507254,-0.41549695586683827,0.06962186674324355,0.14312172246785942,0.02280819658354656,-0.14014254072809953,0.0024698708990243358,-0.08120539947882462,-0.05893566498481511,0.11062331589783908,0.04999943879338135,-0.3791330075183761,-0.10868261210300666,0.17733046652307197,-0.05463054016036429,0.08762390475627674,0.02699266463470911,0.18127669901090915,0.1334629477382605,0.11382545693400146,0.12581623608417758,0.177369238736406,0.013263728992548612,-0.8170910034160903,-0.06960022316980795,0.11085477793005265,0.08406549320893376,0.08855957618567152,0.31174917686263404,0.05788249707373853,0.33832519552482815,0.06489781945687227,0.2365685277997711,0.21756943725864522,-0.24635729466535128,0.15049526714211298
2025-11-30,0.01286629993177761,0.15607944317282887,0.1762528686151246,0.0813683178651869,-0.24166544242628915,0.37000953672211706,0.047603571777337816,0.04938440705266257,0.03554381082971945,0.2586868111071127,-0.041016778146380335,0.06827916601165422,0.42752235313567194,0.4146207966507597,0.025146063069920024,0.14272973735418287,0.04060673752340118,-0.3206839656584556,0.35975904079165333,0.15799665416478448,-1.675663539788116,0.07771044370696902,-0.007529034836487891,0.2758333900472436,0.10862035094513764,0.499167583455079,0.13815067537171719,0.2435378386795391,0.06806866006832935,0.022805652828631333,0.14930204791886506,0.08836536987767354,0.0568959521948924,0.3372885799037446,0.27667171569129156,-0.32599474717499993,0.21667006222023877,0.13231242602507254,-0.41549695586683827,0.06962186674324355,0.14312172246785942,0.02280819658354656,-0.14014254072809953,0.0024698708990243358,-0.08120539947882462,-0.05893566498481511,0.11062331589783908,0.041332726579353087,-0.3791330075183761,-0.10868261210300666,0.17733046652307197,-0.05463054016036429,0.08762390475627674,0.02699266463470911,0.18127669901090915,0.1334629477382605,0.11382545693400146,0.06830579506307807,0.177369238736406,0.013263728992548612,-0.8170910034160903,0.31056681281246795,0.11085477793005265,0.08406549320893376,0.08855957618567152,0.31174917686263404,0.05788249707373853,0.33832519552482815,0.06489781945687227,0.2365685277997711,0.21756943725864522,-0.24635729466535128,0.15049526714211298
2025-12-31,0.01286629993177761,0.15607944317282887,0.1762528686151246,0.0813683178651869,-0.24166544242628915,0.37000953672211706,0.047603571777337816,0.04938440705266257,0.03554381082971945,0.2586868111071127,-0.041016778146380335,0.06827916601165422,0.42752235313567194,0.4146207966507597,0.025146063069920024,0.14272973735418287,0.04060673752340118,-0.3206839656584556,0.35975904079165333,0.15799665416478448,-1.675663539788116,0.07771044370696902,-0.007529034836487891,0.2758333900472436,0.10862035094513764,0.499167583455079,0.13815067537171719,0.2435378386795391,0.06806866006832935,0.022805652828631333,0.14930204791886506,0.08836536987767354,0.0568959521948924,0.3372885799037446,0.27667171569129156,-0.32599474717499993,0.21667006222023877,0.13231242602507254,-0.41549695586683827,0.06962186674324355,0.14312172246785942,0.02280819658354656,-0.14014254072809953,0.0024698708990243358,-0.08120539947882462,-0.05893566498481511,0.11062331589783908,0.041332726579353087,-0.3791330075183761,-0.10868261210300666,0.17733046652307197,-0.05463054016036429,0.08762390475627674,0.02699266463470911,0.18127669901090915,0.1334629477382605,0.11382545693400146,0.06830579506307807,0.177369238736406,0.013263728992548612,-0.8170910034160903,0.31056681281246795,0.11085477793005265,0.08406549320893376,0.08855957618567152,0.31174917686263404,0.05788249707373853,0.33832519552482815,0.06489781945687227,0.2365685277997711,0.21756943725864522,-0.24635729466535128,0.15049526714211298
2026-01-31,0.01286629993177761,0.15607944317282887,0.1762528686151246,0.0813683178651869,-0.24166544242628915,0.37000953672211706,0.047603571777337816,0.04938440705266257,0.03554381082971945,0.2586868111071127,-0.041016778146380335,0.06827916601165422,0.42752235313567194,0.4146207966507597,0.025146063069920024,0.14272973735418287,0.04060673752340118,-0.3206839656584556,0.35975904079165333,0.15799665416478448,-1.675663539788116,0.07771044370696902,-0.007529034836487891,0.2758333900472436,0.10862035094513764,0.499167583455079,0.13815067537171719,0.2435378386795391,0.06806866006832935,0.022805652828631333,0.14930204791886506,0.08836536987767354,0.0568959521948924,0.3372885799037446,0.27667171569129156,-0.32599474717499993,0.21667006222023877,0.13231242602507254,-0.41549695586683827,0.06962186674324355,0.14312172246785942,0.02280819658354656,-0.14014254072809953,0.0024698708990243358,-0.08120539947882462,-0.05893566498481511,0.11062331589783908,0.041332726579353087,-0.3791330075183761,-0.10868261210300666,0.17733046652307197,-0.05463054016036429,0.08762390475627674,0.02699266463470911,0.18127669901090915,0.1334629477382605,0.11382545693400146,0.06830579506307807,0.177369238736406,0.013263728992548612,-0.8170910034160903,0.31056681281246795,0.11085477793005265,0.08406549320893376,0.08855957618567152,0.31174917686263404,0.05788249707373853,0.33832519552482815,0.06489781945687227,0.2365685277997711,0.21756943725864522,-0.24635729466535128,0.15049526714211298
2026-02-28,-0.5700678727634522,0.029383496858920836,0.16900049980129422,0.02682052132772207,-0.6939354002010444,0.32510426704059564,0.12393356804856884,0.0612852502654923,-0.01875607227419639,0.5236098882069682,-0.09300254242069082,-0.20855348844592983,0.4211312086265022,0.4146207966507597,0.004160894118877169,0.13746765587794796,0.05788830947972048,-0.3206839656584556,-0.19624698202701377,0.11406409409658855,-6.128498898551485,-0.018077121797150975,0.033699805983197086,0.18339843813868206,0.04605738850429958,0.43340953871164817,0.04586532177816244,0.2320472792149866,0.020290197989959412,0.03811286437182113,0.03931031342564657,0.09694978241730387,0.008876898528367459,0.2526628375548322,0.23489281916485508,-0.4245822975995187,0.18211497109823802,0.12424419689958828,-0.331122265037461,0.11524325666276895,0.15855994831578044,-0.04110751417032074,-0.11150407034784154,0.03126896179074598,-0.12208571534162363,-0.02396538477958945,0.08365877860832724,0.021209032585143176,-0.22476270665602816,-0.16612598357662314,0.11408314910963624,0.008761901897594541,-0.01185473674057848,0.04077374752070396,0.13938035579820882,0.011980425496000662,-0.04832591126505031,0.06830579506307807,0.1365427927927928,-0.17673079424184512,-3.292932497049551,0.20734915270263407,0.13657529053161266,0.03387442722423676,0.05819024025275977,0.25506313519896096,0.09847107260676724,0.04915735494215214,0.07929966998174987,0.12074260028014512,0.23488923197333988,-1.1159357931685332,0.15116671996859715
2026-03-31,-0.5700678727634522,0.029383496858920836,0.16900049980129422,0.02682052132772207,-0.6939354002010444,0.32510426704059564,0.12393356804856884,0.0612852502654923,-0.01875607227419639,0.5236098882069682,-0.09300254242069082,-0.20855348844592983,0.4211312086265022,0.4146207966507597,0.004160894118877169,0.13746765587794796,0.05788830947972048,-0.3206839656584556,-0.19624698202701377,0.11406409409658855,-6.128498898551485,-0.018077121797150975,0.033699805983197086,0.18339843813868206,0.04605738850429958,0.43340953871164817,0.04586532177816244,0.2320472792149866,0.020290197989959412,0.03811286437182113,0.03931031342564657,0.09694978241730387,0.008876898528367459,0.2526628375548322,0.23489281916485508,-0.4245822975995187,0.18211497109823802,0.12424419689958828,-0.331122265037461,0.11524325666276895,0.15855994831578044,-0.04110751417032074,-0.11150407034784154,0.03126896179074598,-0.12208571534162363,-0.02396538477958945,0.08365877860832724,0.021209032585143176,-0.22476270665602816,-0.16612598357662314,0.11408314910963624,0.008761901897594541,-0.01185473674057848,0.04077374752070396,0.13938035579820882,0.011980425496000662,-0.04832591126505031,0.06830579506307807,0.1365427927927928,-0.17673079424184512,-3.292932497049551,0.20734915270263407,0.13657529053161266,0.03387442722423676,0.05819024025275977,0.25506313519896096,0.09847107260676724,0.04915735494215214,0.07929966998174987,0.12074260028014512,0.23488923197333988,-1.1159357931685332,0.15116671996859715
2026-04-30,-0.5700678727634522,0.029383496858920836,0.16900049980129422,0.02682052132772207,-0.6939354002010444,0.32510426704059564,0.12393356804856884,0.0612852502654923,-0.01875607227419639,0.5236098882069682,-0.09300254242069082,-0.20855348844592983,0.4211312086265022,0.4146207966507597,0.004160894118877169,0.13746765587794796,0.05788830947972048,-0.3206839656584556,-0.19624698202701377,0.11406409409658855,-6.128498898551485,-0.018077121797150975,0.033699805983197086,0.18339843813868206,0.04605738850429958,0.43340953871164817,0.04586532177816244,0.2320472792149866,0.020290197989959412,0.03811286437182113,0.03931031342564657,0.09694978241730387,0.008876898528367459,0.2526628375548322,0.23489281916485508,-0.4245822975995187,0.18211497109823802,0.12424419689958828,-0.331122265037461,0.11524325666276895,0.15855994831578044,-0.04110751417032074,-0.11150407034784154,0.03126896179074598,-0.12208571534162363,-0.02396538477958945,0.08365877860832724,0.021209032585143176,-0.22476270665602816,-0.16612598357662314,0.11408314910963624,0.008761901897594541,-0.01185473674057848,0.04077374752070396,0.13938035579820882,0.011980425496000662,-0.04832591126505031,0.06830579506307807,0.1365427927927928,-0.17673079424184512,-3.292932497049551,0.20734915270263407,0.13657529053161266,0.03387442722423676,0.05819024025275977,0.25506313519896096,0.09847107260676724,0.04915735494215214,0.07929966998174987,0.12074260028014512,0.23488923197333988,-1.1159357931685332,0.15116671996859715
2026-05-31,-0.4200857761043481,0.047774018653632754,0.20602140202180236,0.021277514702591403,-0.2926677525468526,0.32510426704059564,0.1319933264040085,0.05757496300450128,0.019824130195863404,0.27985025386305856,-0.09300254242069082,-0.20855348844592983,0.5339369314339347,0.4146207966507597,-0.11210580046844239,0.10960947500679599,0.04709177994952257,-0.3206839656584556,-0.2833335499115684,0.11540145445536552,-14.443353019805082,-0.05360322254817853,0.046461546782470074,0.2094624955068895,0.07094400623967838,0.3856154282498821,0.042751726033032005,0.2320472792149866,0.029955350382201828,-0.00922501621261727,0.03931031342564657,0.09342104082018048,0.0008274213849767641,0.19291117437355113,0.2495147164735387,-0.31012371569335867,0.18211497109823802,0.13373386930507264,-0.478646643849092,0.1264857306490643,0.18088768688701995,-0.02131412282711365,-0.09093858625830689,0.03296243480353946,-0.12208571534162363,-0.0007014366113155003,0.07839704454364693,0.021209032585143176,-0.36017190193675963,-0.10230449106551472,0.07090688309903458,0.019167142136191678,0.03427763079213068,0.03940408477528747,0.13617785744247213,0.014285884337588232,-0.08798112925955325,0.06278880271744974,0.1458237828917209,-0.1511542224728875,-7.788852054583301,0.20734915270263407,0.19284662362209462,0.05797635596930213,0.056663516564353374,0.25506313519896096,0.11018584456303882,-0.06376326119293967,0.0917680382606715,0.07457116716926883,0.21319731346675555,-0.9927495199401472,0.1929832532020038
