date,mad_3,mad_5,mad_10,mad_20,mad_50,mad_100,mad_200,mad_400,mad_600,mad_800,mad_1000
2000-01-31,-0.05361616983667661,-0.052641727488362156,-0.06704912743036717,,,,,,,,
2000-02-29,0.02044180850902455,0.06336344699789165,0.062489123091361565,0.030514007646418317,,,,,,,
2000-03-31,-0.016419619552681897,-0.04609507365627141,-0.06554684281709056,-0.063078714918396,-0.04328075431247891,,,,,,
2000-04-30,0.02416197904592643,0.05276399268368648,0.09182788073352,0.11663579994907058,0.15177041681134118,,,,,,
2000-05-31,0.015862911713697914,0.011490203078778904,0.005789675441806308,-0.044976805463927794,-0.05472167341604073,-0.04153868379704506,,,,,
2000-06-30,-0.00602364921608578,-0.008596749557403638,-0.014068466719682537,-0.05267177536299783,-0.12300985361430472,-0.1213836648203479,,,,,
2000-07-31,-0.0024763807748747757,0.0009063726939244621,0.02356528844073802,0.0073597314820326165,-0.06274783188042088,-0.13738766789748158,,,,,
2000-08-31,-0.00011424556623618187,0.0007543967074088442,0.006730862171484109,-0.003892809244939399,-0.04057397990099654,-0.14004956085138032,,,,,
2000-09-30,0.003320756311815387,-0.001093057820524268,0.01821342353830757,-0.026744942649876258,-0.1059899387891643,-0.18793175428809683,,,,,
2000-10-31,0.012509538838139322,0.012916592260360682,0.008257675475603854,0.033643597236420186,0.08697330836360151,0.025879500515692877,-0.09906508140074655,,,,
2000-11-30,-0.059451181831128075,-0.1129335086733455,-0.19085791682619435,-0.2885136598566458,-0.30258203568975695,-0.3127428553969549,-0.39806963545810936,,,,
2000-12-31,0.017550034191280428,0.01819705251623338,0.007636400140058619,0.016014511553621436,-0.19161290638638417,-0.21529622713794716,-0.32631980229795454,,,,
2001-01-31,0.010764985214645417,-0.00021708804901376944,-0.016349530678462454,-0.01017697598326961,0.03418599726795479,-0.0693079054979191,-0.19708500585122768,,,,
2001-02-28,0.0014048428885840014,0.03252995813685944,0.008921442952303016,-0.053772825753210185,-0.11124911880483157,-0.20369410325050974,-0.2936418539911815,,,,
2001-03-31,0.05574803466879641,0.02623036208361973,-0.020055292759340593,-0.05447497187129091,-0.14595311385492882,-0.21773040921066422,-0.31842593670336283,,,,
2001-04-30,0.04159686502733617,0.10690852233044335,0.20683113776841777,0.3280565369635149,0.38903586773919896,0.3066261076628982,0.10356156661025295,,,,
2001-05-31,0.00035240764971744554,-0.025570350028389144,-0.07394219257625734,-0.09064585844706596,0.04951965987634965,0.07982713182433954,-0.011621798728205457,,,,
2001-06-30,0.0047618715299755365,0.013070958498371255,0.017639429177764843,-0.013698308681126536,-0.034467293474232275,0.09901135533084271,0.034953718690236,,,,
2001-07-31,0.00784421096269261,0.013665391846630737,0.016401516578025133,0.021847212092147572,-0.07285057846509169,-0.04062669043161782,-0.06868499209557855,,,,
2001-08-31,-0.015647135229286513,-0.02094306077941188,-0.00228652506834659,0.01974425046306627,-0.0064827255688243435,-0.07316968470245522,-0.03392112369651401,-0.21452808574246407,,,
2001-09-30,0.01598746747460189,0.013330581473866454,0.003990512351748743,-0.09929335873091627,-0.17454961013109593,-0.25105470628768833,-0.23233864787086567,-0.37460178139540046,,,
2001-10-31,-0.004638816581047589,0.013142666207631049,0.04575109974605307,0.12748099766105558,0.12170977504325298,0.03809178015036907,0.003921656863722145,-0.16289032148932914,,,
2001-11-30,0.034915543374915314,0.011486890712255393,-0.0036023066665565873,0.047611604936889096,0.21943699808035677,0.22762352359394944,0.1792647506575642,0.017003871831372086,,,
2001-12-31,0.021952411343898692,0.04379883810827989,0.06324728020328507,0.10176551295035074,0.22277550017433323,0.37444750939991245,0.3502930985328936,0.22957752372790075,,,
2002-01-31,0.03786841795345408,0.036275039236847384,0.034050617180146237,-0.0051830648431858695,0.04146214361965872,0.22657925987717897,0.23417505548223172,0.19594793185347514,,,
2002-02-28,-0.00021703240010650937,-0.0027691524395612177,-0.02481945311987177,-0.06560666853330177,-0.12768813215250685,-0.033007912247923654,0.025046007470965748,0.008212635805811885,,,
2002-03-31,-0.008839998356305112,-0.010329362761899996,0.021872529963883336,0.032618455859705575,-0.009516587279331468,-0.025450153348626214,0.08788205661715365,0.07644949318933358,,,
2002-04-30,-0.02320718262896193,-0.025684835343231183,-0.038043599788315396,-0.03932985177926196,-0.008877027386797076,-0.06069906475947673,0.05763598806353154,0.05867080372589717,,,
2002-05-31,-0.015355366756937716,-0.03329803139133847,-0.033899784263097144,-0.06649170390170878,-0.09915696344959857,-0.11598715903880819,-0.05353786633562252,-0.03280916729297523,,,
2002-06-30,0.041574623392584,0.03999479865478284,0.023111936604124805,-0.022608869388946573,-0.11803782625757009,-0.15396872275185025,-0.1469049330248524,-0.1119137757459211,-0.21714012840800234,,
2002-07-31,-0.0016579614143376054,0.011843803714859602,0.0077903855871499506,0.05244920407901099,0.045173028992999686,-0.041209139210588885,-0.08587669587496105,-0.02770135312291322,-0.12898818083531272,,
2002-08-31,0.014979179054936287,0.0171006570619745,0.00032481974238951494,-0.04119313553591797,-0.0183403069709015,-0.07962526291396621,-0.15054421871975376,-0.09169879076138554,-0.17040724026954635,,
2002-09-30,-0.005212705234049708,-0.014396933830119973,-0.030566823770625917,-0.04048597217911232,-0.08650183292490421,-0.09948490449232839,-0.19476552341936093,-0.15599396844660363,-0.21120320017149952,,
2002-10-31,-0.002351750407925346,-0.007064530265665225,0.011977611037689462,0.0671475736398035,0.090818196802678,0.07183608319336843,-0.02902957654003857,-0.027068076929203544,-0.06361317120995147,,
2002-11-30,0.01630364128374695,0.020935439031084746,-0.0013897477160974558,0.02902379373681141,0.22611070365809005,0.28894433960268007,0.2549816939086944,0.24151137682833856,0.22311848392815237,,
2002-12-31,-0.00039519994234205047,-0.010547265816967633,-0.03565329044655963,-0.12111077648667867,-0.1304888315406869,-0.026479655000296587,-0.027551065433517707,-0.03054431255023471,-0.04069470413587495,,
2003-01-31,0.012004846030562177,0.014391994114699713,0.023465842695105543,0.05003461770649276,-0.037822034851474506,0.01816205696795814,0.04872774227731069,0.035532847350372876,0.029684627473507197,,
2003-02-28,0.010773478061723463,0.014970664052836202,0.0053593654965067294,0.03398163276156896,0.060802837307012636,0.03716966449958781,0.10344576153034879,0.08129396930930177,0.08088823112436194,,
2003-03-31,-0.008839288509981391,0.0021216114376714224,-0.010314577512583911,-0.06142199740096366,-0.10704492981390179,-0.16004544459094494,-0.09068087568671057,-0.11659024878721036,-0.1077453251745717,-0.19309687817275667,
2003-04-30,0.007960359621926871,0.014663697213726623,0.014388259338310894,0.04898322385520926,0.07911860033014184,0.0544158101561778,0.08631072212681823,0.06492241411991229,0.09235242214244477,-0.005329310367641504,
2003-05-31,-0.0023870531146740204,0.008272515147186077,0.039722026724147375,0.049613533039433166,0.0681160596756174,0.06302866498419468,0.06574708712028299,0.03816652385136621,0.07474886129150482,-0.005511282692866826,
2003-06-30,-0.004275251247960465,0.002424003608250791,-0.0014403471386321698,-0.0007202341312527727,-0.008060626109133273,0.008233413566253178,0.007137413755807787,-0.01071259846501793,0.026910994407580935,-0.03557949379991765,
2003-07-31,0.007007410304602724,0.00389517056489197,-0.0009695676365097938,-0.0005861347954242424,-0.022291441683911062,-0.009947650243711026,-0.037139245663807996,-0.031397181237794114,-0.0069822236401513305,-0.045578287728956335,
2003-08-31,0.002624876000981269,-0.0037476232064415083,-0.007805640551603377,-0.004438658082049796,0.05053392963645109,0.05339690079338055,0.0457644127190151,0.0734275855103117,0.07875909702245254,0.05963622236198329,
2003-09-30,-0.02253267546389981,-0.03724077321844077,-0.03803877811350043,0.014455568282320197,0.09131372413378713,0.14684961759656368,0.17999344325117517,0.20171199792282857,0.20462636545384583,0.19613970109260803,
2003-10-31,0.03177432858659257,0.04695735218840569,0.03848735192199282,0.037630657790801436,0.15509334054393253,0.28078925835745294,0.3659589867674835,0.42332980271796816,0.4377387480338977,0.43775273267330506,
2003-11-30,-0.04995210425414798,-0.06209094808248061,-0.06426917629227502,-0.05947608325337628,-0.01014322056595185,0.12561511032729755,0.22967286397611364,0.3049896838349073,0.3211050901205721,0.32827196978504936,
2003-12-31,0.017911585906136507,0.02863838328650581,0.027017848001763767,0.06467475562916092,0.1398590017252639,0.2817330220538359,0.477362262802433,0.6139836079336727,0.6408869660468866,0.6671061779806475,
2004-01-31,-0.012693641084345786,-0.027092563887387233,-0.04665923660085747,-0.07803475019876038,-0.022321751811557156,0.08296978326745275,0.27986809470589513,0.4418998949767603,0.4813148496352162,0.5273221661144256,0.43480852224701194
2004-02-29,0.005316819320154487,0.013917361405537454,0.0038225285142852172,0.03343313763584521,0.025783573381623848,0.11652052707641691,0.34012852784224434,0.5275872664151189,0.5835334936648338,0.6523394928054296,0.5663864171568558
2004-03-31,-0.008772879565531966,-0.014286623108716978,-0.004167098305266181,0.018181347823329697,0.06482714731275574,0.11765710644664207,0.3360335387347735,0.5639266081354042,0.6331192391446476,0.7214604402582718,0.6632163318719775
2004-04-30,0.0014410070176562595,-0.007493902554309817,-0.042512559606487144,-0.061348514647819874,-0.07100279394441222,-0.04102744894022092,0.12614347895650613,0.34233848846292836,0.42387817141261364,0.5078418762332395,0.4784758232995343
2004-05-31,-0.006392848861685674,-0.002267485779460121,0.0180854181393717,0.0023229116428535868,-0.07998631791041455,-0.08532896739461548,0.026441580013087274,0.23557864949388496,0.3331117648759174,0.4052781598169981,0.40315815186673354
2004-06-30,0.009160635722699872,0.024877581047488828,0.0453511426543689,0.03639160293702348,0.03235690723195184,-0.023993934723113508,0.04119940579948134,0.26791431887380335,0.38677172818582384,0.4487941903099928,0.47199958250718876
2004-07-31,0.01098576298923759,0.020789896277639386,0.025064842529988196,0.03590439967839765,0.08391270088903235,0.05556760727607424,0.08549902092157202,0.3383478407432736,0.46676961247149107,0.5376387282946968,0.5747033629387037
2004-08-31,0.01691985724210232,0.02249880574491958,0.03454278918984821,0.04643608029160884,0.07746182524676515,0.10988011776006545,0.10656938928558124,0.352656622553595,0.49843343114601213,0.5790695048068608,0.6265283821096037
2004-09-30,-0.009127791794041662,-0.009833306107374318,0.011564592144966745,0.021738886972117566,0.08750436302000253,0.16387323443334822,0.16447450636815986,0.4148264913649389,0.5858707662347586,0.6755935997309859,0.7380561307756897
2004-10-31,0.01614443161114454,0.02451227663184108,0.02439953940922046,0.02560409454974044,0.06606774369140078,0.1489682866925932,0.1909274528911118,0.421258481302236,0.6104452189957035,0.7066320868513891,0.7845661344223187
2004-11-30,-0.01633164034595147,-0.02707178692528045,-0.025892073889480116,-0.019444778749076685,0.0018521181043411605,0.0701656155456678,0.14105901156215062,0.34386121869350017,0.5330676087080968,0.6354510931884805,0.7274177355452573
2004-12-31,0.005594725775156295,0.011271823008142112,0.020611481717802027,0.050227008566214426,0.07839372357760532,0.133693145427644,0.23662839637744093,0.43463818198651216,0.647382325221223,0.7624988925538025,0.8766817933067625
2005-01-31,0.003475727816650398,0.007585623958754617,0.015812222483774452,0.04457844072787709,0.11347434838258441,0.17229757324275674,0.31544730847177793,0.5077228860598366,0.7440172723716165,0.8764600730322318,1.0081017848844676
2005-02-28,0.016785243544043205,0.03363405470589398,0.035055967866784776,0.02782917668543572,0.07657617560507157,0.15705828517755505,0.30845496583248067,0.4965866201421727,0.7440344397952632,0.8967922725983446,1.0344477521334028
2005-03-31,0.027264795850381107,0.02244942545989237,0.023563205838632806,-0.015069075254989128,-0.048543424111932576,0.006360387105389886,0.12349602927211012,0.28834367015611084,0.5101806534107378,0.6662046504142785,0.7793150110652924
2005-04-30,-0.005710760430275297,-0.020798015364207223,-0.021985380603799398,-0.045179885330190794,-0.08250615167193909,-0.08510977024808297,0.004257203589761449,0.1503353842697257,0.3595880155212936,0.506496407051789,0.6054520008791886
2005-05-31,0.013956558587517653,0.027199331240266744,0.022433471539758942,0.019674296686418735,0.018543460320979532,-0.026391300900707626,0.04770570447555311,0.1988005969911948,0.41796340890311656,0.5758484174787262,0.6871613527513085
2005-06-30,-0.0004042144676870141,0.0018634004755144762,0.004664142734509769,0.023594754361960346,0.06415481030002312,0.04655421372229296,0.08816258896415263,0.24567950941776306,0.4670009591835165,0.6424441276480748,0.7634240552798184
2005-07-31,0.008202236976869282,0.013340524521656238,0.020869173973392607,0.04099717415931159,0.10040408690295899,0.14166426048688052,0.1634102463813636,0.3314989229283609,0.5603191772722713,0.7572086122104498,0.8894531804238985
2005-08-31,0.01957801771048029,0.02937516912527105,0.056192258153825,0.05603112859941417,0.08099048687120947,0.15403431424383407,0.1798061610768289,0.35431256512630904,0.5698926489179421,0.7787863662049512,0.9191251736798183
2005-09-30,0.005279731168615687,0.0021429813589579627,-0.0014917793163423676,0.014608746298000685,0.08174690263264428,0.16471048488979956,0.2227858574703352,0.4117502694042694,0.627500885028895,0.8496173178751494,1.003629622296915
2005-10-31,0.017143297754369957,0.015244543482761053,0.016498860873653376,-0.013130873572936186,-0.007991243423716932,0.05955779969319441,0.14074457823730513,0.31679136818377196,0.505151620491433,0.7180105036666289,0.8650879017016009
2005-11-30,0.018365437520925232,0.024588823531594306,0.04811158776081448,0.08369227394675294,0.12980017356438478,0.19737655011320832,0.3232220084660242,0.5192041074033225,0.7274602386255995,0.9787453838862261,1.1612967779663417
2005-12-31,0.004189861496664449,0.009636556531597007,0.02476929972230324,0.03332205271414734,0.10382527438687017,0.1739187834462641,0.323630563896665,0.5152113267848855,0.7244803617417679,0.9832079190704515,1.1862552572724216
2006-01-31,-0.007612211814240877,-0.014916473146641684,0.0012468749407466007,0.04020602106902804,0.12400640489929593,0.22927284777851775,0.41132819466157367,0.6294494893283962,0.8606466331171634,1.149113639674035,1.3838877604061603
2006-02-28,-0.003777338846633449,0.002892435668098603,0.014999600287719073,0.036361535044475035,0.09481554431919625,0.21249215679026956,0.3952226297782766,0.637609639221199,0.8768467000906968,1.1813007818718462,1.4267458875074466
2006-03-31,0.0029129035906392264,0.008194531963447105,-0.010741138870518419,-0.01422859519460018,-0.03928608585243065,0.03626512964242323,0.19661877036026687,0.42397027840009516,0.640172132000721,0.9067123128598789,1.1322324317742467
2006-04-30,-0.005565115202149529,-0.016173340167942807,-0.003659268996010767,0.005020245855734462,-0.008302885310828678,0.020400325105870643,0.16972317084691713,0.40331318277742123,0.6200265053221865,0.8811401695628645,1.113690944886009
2006-05-31,-0.004395051191003918,0.0022904512631773954,0.0034908371487920586,-0.06191484136073244,-0.10048347238905875,-0.12367574240786405,-0.017400713003179802,0.18063046172523456,0.3654135902516684,0.5786372828835602,0.7806685910819553
2006-06-30,0.035722470868450484,0.06076138822794386,0.05001727511845888,0.03179787763214814,-0.08361147581683626,-0.14497101794155443,-0.09805936627904333,0.0759401569790763,0.24262939244911474,0.4279613364181123,0.6138962729836845
2006-07-31,-0.006549973080517635,0.0009629469615577424,0.02292070992790074,0.022000870165072683,0.019015639941214246,-0.08313515866021393,-0.08660272389465695,0.07456393423064833,0.23951169076905177,0.4161870559590599,0.6025638993873959
2006-08-31,0.008910469563639278,0.011099738906782175,0.004819867113664111,0.006043960823899797,0.04240136474494727,-0.015516977211598504,-0.06735807110722436,0.09185166415221624,0.2545024027619678,0.4241639229241605,0.6141707600452786
2006-09-30,-0.0021358222752193567,0.0059723535769271585,-0.008927598305158324,-0.01482016344932302,-0.0019425463153105449,0.010838652339120625,-0.07702198058743515,0.06508485810073195,0.21463146311267756,0.373482243922612,0.558510272973139
2006-10-31,0.0032954945068845998,0.006595815045582709,0.021991182567523637,0.056573699513044584,0.07397252518132635,0.11265218845565195,0.017629266650684094,0.15084275924127866,0.30584470453955226,0.4739469137624184,0.6738883819480612
2006-11-30,0.009577746077109373,0.008468612615976312,0.0035598122944162647,-0.016706832846070663,-0.007082149166978691,0.017963913361962902,-0.028008549979797293,0.05904216318515387,0.1980976240514667,0.3499256766989032,0.5373509911914685
2006-12-31,0.004160305338527737,0.006427955462301682,0.0017239122390422246,0.001686712689822123,-0.00048535507414981804,0.021929706377461944,0.013241057628637476,0.06324859226019908,0.2015389543884345,0.35256369457313186,0.5403716439167074
2007-01-31,-0.007061224264550359,-0.012808272785186814,0.00260198276172785,0.03904192541832541,0.054193055412486535,0.06387713556404218,0.07621057392459085,0.10110796863667915,0.2421548246908234,0.39763352066559476,0.5887282961895932
2007-02-28,-0.020866251108157652,-0.0336233911913878,-0.043198204510356275,-0.033561404776214165,0.014399081178175788,0.04129909270159726,0.08576390792912592,0.08601365241572001,0.22350169099811668,0.37523052179641936,0.5601809753955413
2007-03-31,0.0044207696748483905,0.007095143197035414,0.01637824855993064,0.038849492285733866,0.034925786392434155,0.07836865800808757,0.1324221424143508,0.12384714435399413,0.263018229243549,0.41929154087346454,0.6019981036492135
2007-04-30,-0.033782024891666596,-0.041739170073287646,-0.037427029660265676,-0.022450730502305616,0.028629508045130203,0.07260892918991435,0.13232995956363824,0.13723550240202842,0.27291118278121473,0.43000520477147397,0.6091724099492108
2007-05-31,0.006307376140179066,0.00824989984216673,0.012952590859596214,0.028631768543956992,0.03660740280308561,0.08448062651547472,0.15235374816307679,0.16963141363154377,0.30329300845259954,0.46304166290370197,0.6393341592392883
2007-06-30,0.020545110975713543,0.02438137524906736,0.022948406220845596,0.03217407932195093,0.027285890350037922,0.0584052847629275,0.12875450763923446,0.15185903818142488,0.2806692434257738,0.43318947818179465,0.5990905912413549
2007-07-31,0.016867334362745234,0.0035495805986653917,-0.005404578985766073,0.01611079389557557,0.09083508805522378,0.13431053922342362,0.2197549739735447,0.26872492880678855,0.4027892591347806,0.5626588110819797,0.7403245050017295
2007-08-31,0.03125560916811798,0.04246004648554558,0.06121118068883247,0.03667034015028059,0.01089538658321798,0.051033168565025155,0.13283795165283663,0.19590610917834494,0.3033493352030574,0.44788559247852233,0.6105253573513276
2007-09-30,-0.0033661017815264094,0.00396392360338349,0.01682258758617028,0.0525462267315453,0.07028542678450234,0.10649000611987836,0.18517103866217788,0.2784155718585166,0.3711408609361462,0.522705622830415,0.692052381095613
2007-10-31,0.011768535019285542,0.020816105173287358,0.024578359849031672,0.028075106122518845,0.10322931671059976,0.13525676890600447,0.2191303690900317,0.3449603962714691,0.42612881348210085,0.5840977720870075,0.7607007706896214
2007-11-30,0.012724931262887207,0.023935088565476326,0.025379236893021906,0.0038370481916918386,-0.011463398979114747,0.03269117368940555,0.11399480398999606,0.2481630107264392,0.30927428061923723,0.453563123702422,0.6148772545001124
2007-12-31,0.0008697957584045124,0.001684894963329242,0.011033630713704001,0.005341022716945476,0.0100007603326151,0.046469364193601814,0.11262651397974732,0.2603844117576526,0.31474971726388246,0.4583660183727998,0.6197289162135902
2008-01-31,-0.02646327181991459,-0.03302217887152703,-0.0450614952212246,-0.1126079209197719,-0.17783924238820137,-0.1958000636718723,-0.153978882941457,-0.04630712370149437,-0.005610134228482888,0.10051909092926081,0.22165298525963784
2008-02-29,-0.01848450474444774,-0.01493971457373533,-0.02059944178958839,0.0019069697365501348,-0.06536941692181475,-0.13182049413194352,-0.1106951129399184,-0.011458916072741854,0.03318089743359964,0.1376501295485406,0.26150398602495817
2008-03-31,-0.01766910143864442,-0.028512621396996618,-0.03221264203385976,-0.056585688580130356,-0.09756027413130908,-0.19406954870412396,-0.21784335203723992,-0.14334090488053308,-0.10640234973122631,-0.019103839307229475,0.08542027824872278
2008-04-30,0.0020570347702377756,0.0019352365900837665,0.014158429769532743,0.027764770867344524,0.024127939325998993,-0.05431404146263452,-0.1185053288646849,-0.050677021694142343,-0.009277260475851534,0.08233155025826577,0.19297321654110378
2008-05-31,0.012392715360687312,0.008978210236251227,-0.009647849577313572,-0.03641719297963575,-0.03934548503688262,-0.0745226068944399,-0.1709466444261235,-0.13102172484020758,-0.09103812156346336,-0.014348626472037829,0.08161515395356544
2008-06-30,-0.02073904054609388,-0.03783407501189273,-0.058533081121868946,-0.0819245967792338,-0.1324180732066137,-0.15495606548244456,-0.25622406611592674,-0.2360982103721797,-0.19825208699325536,-0.14209974542261528,-0.061544807007768654
2008-07-31,0.031831330543005354,0.06366386219434106,0.08167990218836518,0.1318715523335643,0.11704836486763948,0.05991251536088393,-0.06619338485349602,-0.07901751721564954,-0.028562941113290163,0.02296845669656289,0.11633523260840972
2008-08-31,-0.00030941290566555146,-0.005674766260961195,-0.01144938998410705,-0.030033405631986088,0.03178366979906899,0.00017584654774749353,-0.08749069080666705,-0.1320148700058379,-0.08104506883842577,-0.04341410653748079,0.0415683803791731
2008-09-30,-0.007486514829780577,0.003649738290594451,0.027585008169896286,-0.025262397860077446,-0.07901287014436265,-0.0676798446200606,-0.1389254363238115,-0.20957563408673496,-0.16391716548892354,-0.13943776769269933,-0.06551790898324061
2008-10-31,0.050805732172978235,0.08743511865349651,0.07880636584254708,-0.010168378030576353,-0.18266369132435967,-0.23058923252460461,-0.29283539418107796,-0.38042205059940826,-0.34946325205340834,-0.33522145003246184,-0.28061419476868865
2008-11-30,0.021693313257350244,0.036321797179936555,0.08624111403265688,0.019429966310674285,-0.09307928883080552,-0.240765588871657,-0.31355919953322475,-0.41405045443684096,-0.39472879735362365,-0.3834386316883932,-0.3361544465606149
2008-12-31,0.011210939622476879,0.01560292410466535,0.019874243816787596,0.04485456636203011,0.05052991912695859,-0.14882255170334602,-0.24712284773739313,-0.37454306181618147,-0.36317769270275757,-0.3530556829185756,-0.3070564662995523
2009-01-31,-0.012687383110957073,-0.0068874698267243906,0.019026562319158113,-0.001273340971876702,0.019762096178310262,-0.08728094996375779,-0.23974510473065203,-0.38122415717349367,-0.3794506880727061,-0.37274912788528536,-0.3308196312310778
2009-02-28,-0.003700198209763972,-0.0019772222977180176,-0.0032698102969694887,-0.03751730637055517,-0.06338421653713588,-0.07625315371462082,-0.2570430287499038,-0.40900339611475667,-0.41932943411972845,-0.4144674491385735,-0.37920772314060613
2009-03-31,0.008990211844483564,0.009973206756582087,0.0348236149527279,0.06674330228009673,0.043530705518329826,0.025753090852142835,-0.15658835514388625,-0.3432015271489003,-0.36911647338537357,-0.3650841993921773,-0.3336479652011779
2009-04-30,0.03677588335129589,0.049357784282675565,0.0694328246282101,0.10599243209972076,0.21999485860664847,0.2219612282211776,0.06503019281954248,-0.1694364834669152,-0.21816783171972232,-0.21162498477377856,-0.18313253954586795
2009-05-31,-0.0017463335047031014,-0.0025418666892635944,0.007319995062870621,0.03734336707750496,0.17420546756322208,0.28031294384007865,0.1974653264545152,-0.05607674093803383,-0.1317996708601541,-0.12232792202877207,-0.10062993893191174
2009-06-30,0.0027264831613718066,0.01157187865518794,0.028996917169447523,0.05021384810282603,0.09639822183876223,0.255145309062776,0.2899746495894451,0.02661403193304679,-0.07921211518577387,-0.06841179431583022,-0.055362866751093254
2009-07-31,0.021756369523902697,0.03981764744684879,0.07196392654949202,0.1073001848617785,0.1637257624632742,0.30615253842834456,0.4671357448050668,0.21676228314251844,0.06659575068059298,0.07869762620363296,0.08397380267484578
2009-08-31,-0.013011806796186742,-0.015946960875452665,-0.00511239084916193,0.022613324432230852,0.13326229855947225,0.2604628332895764,0.5004180964622222,0.33634340241233485,0.16221501064072896,0.1702681532433441,0.1733513314891264
2009-09-30,-0.0024991163387083626,-0.0006041001502509191,0.010841322511758733,0.02958608900820736,0.06692227988080601,0.19149650117925887,0.4408727080340582,0.37120194357316083,0.19555384407154053,0.19540694127452607,0.1993371955414991
2009-10-31,-0.03370964691681111,-0.05290823340255579,-0.061082482859991294,-0.05542483005043708,-0.017482145428869722,0.08567998249694053,0.3215787620715047,0.3352721868817481,0.17345858628126698,0.16704069409228617,0.17048477289549235
2009-11-30,-0.002579128712387857,-0.003006557223949269,-0.023529269598888236,-0.035588932906365445,-0.060732481437336006,-0.005327167627179219,0.20199415438918034,0.2739389542305035,0.12724511168536168,0.11532930224819204,0.11863844615872532
2009-12-31,0.014049188896358089,0.01758708181563784,0.025459549979666152,0.04156561037763895,0.07641206420841495,0.09895611738248422,0.2956081708419531,0.46465416129943904,0.31505619415966035,0.2874011784742647,0.2942966011541328
2010-01-31,0.0028117622656624874,0.0042721152124063355,-0.00011507618004036324,0.0033695761681540315,0.06435594247785592,0.09754951317274463,0.252660785503094,0.4832519787684446,0.35357648432576205,0.32008418312849973,0.33196049205899403
2010-02-28,0.006833004791654496,-0.014225706256399295,-0.03341634969277463,-0.04290303255205008,-0.05972932269211462,-0.022231050155309684,0.08656395710181353,0.3200984741885269,0.23119652026024418,0.19099625435988576,0.2077600427300641
2010-03-31,-0.0020346356708621505,-0.0032593772868823034,0.020606716362434607,0.04588178125240261,0.06451962264961808,0.09158404415100607,0.17938686350292876,0.4726795064509548,0.40394155399786924,0.3410965887546642,0.36606328409759437
2010-04-30,0.007302602392623703,0.00662409333253966,0.008007284844394835,0.006519452977063134,0.06416433694320256,0.09015327157696196,0.17327613934912578,0.49396583788058424,0.45838009009357816,0.3848099282663384,0.41393123751435845
2010-05-31,-0.005861044859664544,0.005350949860959409,-0.005117178251436982,-0.02171617445507379,-0.043034727884296964,-0.008954047006407673,0.052498022264775956,0.33592892825117193,0.34398410001291335,0.26692872671100143,0.2946077607413504
2010-06-30,-0.01182909571509716,-0.014627267386125076,-0.024874266184418903,-0.014729152488892616,-0.021852696598070653,-0.006090292888491167,0.03999544968944191,0.29417310669039765,0.34299646192424516,0.26901834358154164,0.2911768121790601
2010-07-31,-0.0077786275140562244,-0.005022500929951823,0.004643605880972235,0.02400446278350432,0.05871480818711983,0.057440805760573976,0.11268728551494589,0.35559540712610804,0.4483041069731446,0.3744490484506957,0.3930333312970993
2010-08-31,0.00864018549555401,0.015501995801139756,0.015311826772131942,0.013998503881837765,0.028969526978894766,0.04534641985400523,0.09282256518259846,0.30642710559461994,0.42877635531841785,0.36583465118425695,0.38065100432188936
2010-09-30,0.0020694616414840272,0.009477174014232315,0.017026410604219056,0.04105708957322696,0.0800461942646451,0.12613845997745332,0.16629333967107174,0.37555357746558826,0.5419187113583375,0.48691345815403286,0.4964688550876668
2010-10-31,-0.008718135139512695,-0.01778096789176775,-0.018042595452936294,-0.00038791372354429754,0.06439303185910461,0.1251486052959645,0.18541340100702763,0.3736428722170697,0.5771682618340446,0.538472656793094,0.5432919752670975
2010-11-30,0.002464035729937919,-0.00968606639286973,-0.030184147672477013,-0.04745230665470601,-0.03452365797447232,0.030345019475465307,0.1016779324517314,0.259218635181502,0.4670435651038565,0.4476477967415249,0.4493721735899172
2010-12-31,-0.007681436792330687,-0.006987611247328163,0.00220548559898881,0.0009033482862783604,-0.024690363189481812,0.012991493283349698,0.08262290180681897,0.22690504569650893,0.4468177680214165,0.4517347985813498,0.4439049817909604
2011-01-31,-0.008843051162245485,-0.019375624546372427,-0.02940269486841518,-0.05118661994754148,-0.046035118776264095,-0.0517120930158933,0.01950244686884761,0.14097435554627658,0.3599695382839627,0.3827065406111776,0.3675430384801268
2011-02-28,0.0023973661019398573,-0.015369402802631882,-0.04012093708285769,-0.047699926954483884,-0.06682029771964026,-0.08361828236752622,-0.02302832883967232,0.07889735904128115,0.29111922393182255,0.33185887394662905,0.31202778912501317
2011-03-31,0.0027992288078086958,0.002802270655577477,0.0032192863653890402,0.014835778098085672,0.010435003122158282,-0.015045414055007367,0.012536267167151616,0.11334134014319774,0.3198568604279579,0.39031736751345214,0.3657786217046053
2011-04-30,0.01103398914922149,0.009835564112896433,0.014595199991186192,0.01475850726247363,0.06390785412310995,0.05698948930219605,0.06761224559077195,0.17350003304480488,0.3753501393232963,0.47438956200148175,0.4535284245711746
2011-05-31,0.011730187182879215,0.002927669717905257,-0.006364560149168197,-0.036746293100288874,-0.051466142019144345,-0.035201547477611506,-0.03780331607105181,0.053570767629142146,0.21903336413921415,0.3253123556409825,0.3119503743185772
2011-06-30,0.003790763171586331,0.010314640893481997,0.019351566721073965,0.011766842039372616,-0.022319376405410818,-0.02149313587167445,-0.038612098609995926,0.04242959705842386,0.1920919565791821,0.3140087339302784,0.30688257532714047
2011-07-31,0.004725020706850103,0.009836415467301407,0.013546313444304126,-0.0015598168499877385,-0.004929339510584052,-0.03549360873982077,-0.047994115917427305,0.015841036826726995,0.14461653821095521,0.27970845976252434,0.2810343382843026
2011-08-31,0.007576207237630639,0.0136890797255671,0.01269611982775154,-0.005240914419281206,-0.08739674370290462,-0.13500300179330038,-0.15464709166603607,-0.12047043561334025,-0.026817316830974214,0.09891904544543606,0.10638130848464855
2011-09-30,0.0035872177328695187,0.016914351718173126,0.01613382312624201,0.0401782580806449,0.05078202753883576,-0.005397582325176287,-0.05083823552575706,-0.031239955589981383,0.05919029977810908,0.20225012066379588,0.22155750755073167
2011-10-31,-0.009051389130435905,-0.004126604694338343,-0.011216586792352823,-0.023965250653538717,-0.011516007415609764,-0.04410603444293337,-0.09398024255647386,-0.09314082837080895,-0.0191471926360941,0.11930682699063233,0.14674201134455167
2011-11-30,0.029322645089203236,0.050086837041315224,0.038472056397485854,0.006061897697257956,-0.03453663712858157,-0.04445489469183883,-0.10398312890570927,-0.11516082263047334,-0.05546872512387069,0.0806196801737269,0.11498434396420887
2011-12-31,-0.0069321258344512415,-0.01392141194993457,-0.010504568718217921,-0.023812601911363696,-0.048810532190001976,-0.0679137739696426,-0.14180464518435942,-0.16541828280668203,-0.1185021902994432,0.004597458059587778,0.04950446641982631
2012-01-31,-0.004792285933671425,0.0057674159307294914,0.024436465920277595,0.06556812543770185,0.07998141041613138,0.03968997443786093,-0.02028527738829744,-0.06758133031298297,-0.02170579245687254,0.10355268497677184,0.1664579901064791
2012-02-29,0.01471741100749635,0.015657353410496677,0.005941852128314773,0.007163642427035821,0.08208069672658058,0.09435452561240742,0.05515590966172401,-0.01175348972632373,0.031517105216884334,0.1517919559591263,0.23052440457731138
2012-03-31,0.007998580745945949,0.004116321909914289,0.00551539894146158,0.0225579278571717,0.0397792174342797,0.10748949918989448,0.08929741643469402,0.014361696710596838,0.052658344135869894,0.16287351651409554,0.2539099615322602
2012-04-30,-0.006915596352515041,-0.002922237736520561,-0.0034239382953206166,-0.01369198842099384,-0.013603378834395663,0.03829962004776388,0.05065038808763833,-0.023218134033787696,0.004666328025807243,0.09960354832471463,0.19672549441945653
2012-05-31,-0.002270749597515831,0.0006123324445992395,-0.009955770106680029,-0.03303512957614041,-0.07266383202181703,-0.06639999431944277,-0.03251725892052215,-0.09383649107678005,-0.08009869306937245,-0.006968431691359744,0.09083988687840017
2012-06-30,0.016689752391953583,0.02814704820152203,0.03880178337283824,0.06488665000441496,0.07500543473429366,0.051030121314792565,0.09035953957035692,0.037254801089333434,0.04105965032838976,0.11122881858560518,0.2269613272190032
2012-07-31,-0.00457443704509275,0.00653039873392447,0.02351599406699778,0.02447570987029901,0.07265203886626992,0.06960721445475104,0.11139126436608748,0.06911307053176552,0.06270360231563621,0.12589968883193858,0.24789156639635168
2012-08-31,0.012241248308538788,0.016857584142174975,0.022694173403421614,0.03163447612896664,0.06270375748117951,0.10831176042581836,0.146757019237175,0.12180439836142187,0.10901279523074336,0.16499408748043387,0.29578282814507517
2012-09-30,-0.003267108407789432,-0.008589321621179424,-0.012777204151252275,-0.016170345892181137,0.011024365558424565,0.06605865889239237,0.10267522030144183,0.1021687722147695,0.08716650251735669,0.13364881455205668,0.2615459910782909
2012-10-31,0.012247683182706082,0.015994158696719163,0.02325916385388016,0.04560696958097732,0.06792222643248902,0.11834655383341541,0.16990050850575233,0.19792304419887308,0.17815674575197704,0.22539192158041454,0.3563908923020005
2012-11-30,0.007787372075125587,0.010914729441612092,0.02325157465279548,0.020426410198042477,0.04367119174696543,0.0825829572496466,0.1497003186362056,0.202651794447122,0.17608569823970877,0.22008770498362118,0.34028522189677424
2012-12-31,-0.00262073931375717,0.0005449682854568039,0.008163161096358174,0.01502297607521208,0.05994170229479856,0.11073131563099392,0.19741644332309627,0.27500300668812616,0.24666328616555355,0.29077972097191207,0.4074681550258945
2013-01-31,-0.014979243663286401,-0.029438512618406687,-0.05600767046090105,-0.04556128656824898,0.0028049109575745135,0.06442249713576653,0.16592855973202547,0.2620776604721493,0.2396582861854215,0.2798066264293708,0.38669129381477574
2013-02-28,0.012708969194514808,0.023440602667242683,0.0197033626219707,0.012549928186111226,-0.008133566889451438,0.04102586993934576,0.1420475799303791,0.2549006512427572,0.2401760685105423,0.2742649973836464,0.3700917101707195
2013-03-31,0.009198387791460094,0.0175563984088265,0.02905524498228318,0.036092587249657804,0.059282983251955024,0.09095033496303717,0.18908127756846693,0.32812478175134663,0.3334974918198268,0.36332641370507157,0.4533323497831241
2013-04-30,0.007122181238341518,0.009843307944695123,0.017709207550883344,0.021923269076526086,0.041685513349001724,0.05927369705591201,0.1522229507424373,0.3015829685717988,0.32292196171214327,0.347565904208069,0.428589414577631
2013-05-31,-0.009083297777031651,-0.02460968365456384,-0.04210803682973141,-0.04681295670885921,-0.009114981092577135,0.025284994678407502,0.10819826431675161,0.26653285236557633,0.30508879313826953,0.32584583000514544,0.39932336372602806
2013-06-30,0.013173553391667037,0.03727922634592362,0.017467596428324628,-0.00022686406718508412,-0.08839960523435342,-0.07656989817705318,-0.02891256045222801,0.10562484881128698,0.15131859188104957,0.16829135100711312,0.22559940085196906
2013-07-31,-0.002739442247423951,-0.0006929088723423016,-0.01538164730488778,-0.010543153275365924,-0.04938703613799633,-0.10013269235601152,-0.07491767480494704,0.04440511489020538,0.09990648491700549,0.11453302382146369,0.1644632513001123
2013-08-31,0.009203656549508388,-0.006292058565298464,-0.039079806285979846,-0.07404724500709892,-0.09394870076474937,-0.16241066038066776,-0.16299840793110032,-0.06644170935613802,-0.007314589926809667,0.002710248637716184,0.04558916716134176
2013-09-30,-0.006302548207129055,-0.013791127189365038,-0.02148622318636062,0.019684908955871938,0.024446417179258884,-0.027688117386220235,-0.0599556562279876,0.03756413922112922,0.11090924658010626,0.11814499897496455,0.1634014403399109
2013-10-31,-0.01373876751834413,-0.015524971900030438,-0.00905744503308703,0.009528113644243108,0.05378321957426735,0.043558528444845646,-0.018775651449716935,0.07018282528958775,0.1506764461410368,0.15827444283104253,0.20298163915985334
2013-11-30,0.008969659831451482,0.003769172741890925,0.0056412339536842104,0.013809284373972552,-0.0019485242456269702,0.022733761835966204,-0.032889677272953666,0.03423466507281714,0.11585389655211009,0.12448985648024391,0.1636795739400152
2013-12-31,0.018693144885009172,0.02628964049801641,0.00076548130741938,-0.03909179924251405,-0.07930183741352426,-0.07568982476678732,-0.12399183126908364,-0.08304938321617683,-0.006683802917486603,0.005294404127350383,0.03495488122895618
2014-01-31,-0.00575259329578115,-0.017377407692671598,-0.039569083610028755,-0.062110230765619834,-0.10719016337617304,-0.14453365575807942,-0.18037956326124316,-0.168653502334837,-0.09962379190526494,-0.08186014954844001,-0.059594077591544004
2014-02-28,0.00981731347534609,0.001990160068273239,-0.011513341578342606,-0.015161406302078517,-0.04040308025783712,-0.10804258829086644,-0.14500555830116446,-0.16004053321894596,-0.0918457734278092,-0.07068864134233843,-0.052429311113315724
2014-03-31,0.01606050534634762,0.030597938236577082,0.051922793230581465,0.07584983350507124,0.08751802354328708,0.03205263673728154,-0.016555556446185116,-0.06352293139555742,0.008435531276383301,0.03699078578755799,0.053354495333496565
2014-04-30,0.013859634509772567,0.01929687276821701,0.014134910718235805,0.016003671501702454,0.090936112772803,0.098709370396314,0.0453254244561605,-0.011625214270897466,0.057976392524847986,0.09496631383992193,0.11063969717974742
2014-05-31,0.005428086069952043,0.009491217909470162,0.022375760276937662,0.03649845511865357,0.08546626407146296,0.15492679628374462,0.11877380700307327,0.05530103260995611,0.1222040298205398,0.16925495445913374,0.18448879301071264
2014-06-30,0.0017080498268007283,-0.001537946965108894,-0.0013392519499756395,-0.007275194640589011,0.020422388183541473,0.09683354174947856,0.09277832547569353,0.039160283110011296,0.09846924385475342,0.15221383995466287,0.1640871423486392
2014-07-31,-0.014903707350262141,-0.011550479287149806,-0.004723736113497412,0.02013355871814171,0.03441497912802571,0.0960783688589073,0.1356217077539854,0.08424988837813685,0.13897390875949922,0.20005835205353795,0.21076333904639188
2014-08-31,-0.002811464640305239,-0.0001747931819170434,0.010216654318410345,0.015336341260956843,0.008265590404530565,0.03274392834246176,0.10544813799833896,0.061489988976603405,0.10395417971948362,0.16572730599372765,0.17633107740996556
2014-09-30,0.002664872789924111,0.0018433387893237452,-0.015174679473502262,-0.04037023754016633,-0.05562823204285483,-0.04997120992163351,0.025401310210917405,-0.008756921265939854,0.020615313165025517,0.08092390911058889,0.09260872454583002
2014-10-31,0.006963438698875057,0.010480020312916283,0.02544049520867575,0.05396150127756072,0.03551255206406201,0.023689203391436875,0.0901826842462099,0.06935541295682146,0.08756182493734044,0.15411628913629172,0.17254933908470482
2014-11-30,0.013350043607623707,0.021239307727047185,0.0369677346022248,0.06098333975001147,0.10068406159350918,0.08797866902277085,0.1402283385306533,0.14572366490022248,0.15185864775037672,0.223007097581563,0.249001618677807
2014-12-31,0.011020964305401781,0.010547870009210758,0.013988735311589728,0.02043318925476645,0.04114279683255817,0.07221104946410972,0.09948662120378993,0.14415423921785364,0.1336052873387794,0.20380748393424342,0.2352071521837873
2015-01-31,-0.0037625965553134133,-0.012608990354279759,-0.0112375024901743,0.0027968245957339377,0.034097633851581044,0.08698771745231326,0.11102099154332912,0.17973577724849332,0.16406831062459393,0.2337356173421179,0.2728452260144294
2015-02-28,-0.016954696136378677,-0.021030515048759413,-0.01878671115239705,-0.018405547891904406,-0.029682091317601356,0.005580790739112329,0.035770926586225604,0.10787082368910372,0.09253244059580368,0.1540411604722538,0.19631411726888337
2015-03-31,-0.005682917599696857,-0.00937565219943215,-0.01190546826883676,0.0034133695625775395,-0.041322210952216554,-0.042280793523696736,-0.00831582385625862,0.05853018908509933,0.04462863411030371,0.09697789724608952,0.1437232625887357
2015-04-30,-0.016764217196850173,-0.019512591972625892,-0.00454547951540718,0.0064720799116617655,0.01613482680764422,-0.0057460467865152465,0.023412385163988025,0.09004056562556229,0.07949771236227465,0.12949385496262633,0.18238409768668462
2015-05-31,-0.007571655211535022,-0.009910977856708358,-0.029999765768464415,-0.02356200150079324,-0.008179661295985796,-0.019115726734951655,0.0070077694592007855,0.07185540488969155,0.06398688732803914,0.10773623937745747,0.16224727635833114
2015-06-30,-0.0032449533850616996,-0.008969548698106844,-0.004923366021626463,0.008816955052455056,-0.013571037724957491,-0.009375764574978795,-0.004127387776624247,0.05776371512253409,0.05505470235658283,0.08995618713854547,0.14536464081940448
2015-07-31,0.014679118030973548,0.020201115659317592,0.007927874495413878,-0.010638230102306467,-0.019817386783155255,-0.028346793170431206,-0.039331131346064696,0.020938642806673347,0.024074095515110194,0.05041891166752288,0.10628398850148857
2015-08-31,0.004298405164540942,0.01146049825613793,0.012426928782751867,-0.012454716980428993,-0.05079262883922864,-0.0744869657579239,-0.09264537500869718,-0.045204439986591516,-0.03298421095503279,-0.017897166071679793,0.034366502390244635
2015-09-30,0.0037799206449764533,-0.0009547894789943001,-0.0034785483914858695,0.010118835450052321,-0.0189849400578046,-0.06368867671778178,-0.09317778001892063,-0.06384754186571429,-0.04091045273289584,-0.034620168563031184,0.01619569489138728
2015-10-31,0.006843409715366899,0.002651840813718165,-0.0008061563780558112,0.007623095875191499,0.04848329524270922,0.017386684799386876,-0.021252906507656544,-0.008000246742201789,0.030712929652030097,0.027975512267337077,0.0807878694221742
2015-11-30,-0.000754388162745534,-0.007347403367169991,-0.037307363485788336,-0.06133694126170608,-0.04398046471057648,-0.03277072224462685,-0.06354058129764195,-0.06525992374317369,-0.025564810375893088,-0.030420467881387192,0.016269623218470253
2015-12-31,-0.01672128308204779,-0.023519249027274203,-0.023137562260101996,-0.017950507335913968,-0.06904073372375208,-0.05969892412004707,-0.09504321827827811,-0.10717794709221484,-0.07068050110652024,-0.07730106131330994,-0.037585907036225774
2016-01-31,0.011386869530773724,0.01969470783020455,0.03372494556837191,0.03229000643935853,0.005922931274578103,-0.02720575978066353,-0.059910553461668736,-0.08083049174022128,-0.04849081761799867,-0.054647422461206685,-0.01804857100636703
2016-02-29,0.006629463648367029,0.009479564332443013,0.02365790059908801,0.036404838372341874,0.04660358040374568,0.007307460689864431,-0.015189506649795903,-0.047092308529589344,-0.017386201064848672,-0.023854054290065374,0.009460544861504383
2016-03-31,0.007601683147541616,0.013928951023255642,0.014875804009074844,0.034472439629136264,0.09377121315006365,0.10794894738439487,0.08564866659665937,0.04613769566382531,0.07716106392649369,0.0728198331811527,0.10247614288505424
2016-04-30,-0.0007666489001777466,-0.0009521089729710441,-0.003982755776143598,0.007728909280269702,0.04936982270731538,0.11278685519793497,0.10928930697720807,0.06732722939976821,0.09878929143679405,0.09718965734440843,0.12202649177702307
2016-05-31,-0.004084631595757449,-0.005102687898379754,-7.393994545223936e-05,-0.006098213284600917,-0.04638693944275363,-0.0024274362418816864,0.011238008231195584,-0.027832543598309667,-0.002930055645177454,0.0015351324459744742,0.016853345347267457
2016-06-30,-2.995382185355666e-05,0.008137568564361874,0.0018831784556074815,-0.0012407055702001735,-0.025051080797617975,-0.028832310100859515,-0.00659908302022727,-0.03670458619178962,-0.021368980228690826,-0.008564269040482908,-0.0007445609083389648
2016-07-31,0.002176048181745216,0.009204726118852147,0.012208246227853436,-0.020683861115295077,-0.02225295575831765,-0.05251071797231843,-0.025367339439882675,-0.05078578916647336,-0.0444219293076451,-0.023080868585911962,-0.022316467683503705
2016-08-31,-0.005686134362515527,-0.005951893770441252,-0.015534592555021431,-0.017305734248892257,-0.013865065735776616,-0.034864006729042774,-0.01284214464046285,-0.036233248386113304,-0.04123676916896446,-0.014804433385155136,-0.01819078808509922
2016-09-30,-0.007688011070495326,-0.006977910012455513,-0.01632998476283165,-0.01098062066513339,-0.0036033072838452807,-0.011381573226163955,-0.007828662410955367,-0.024994457233977863,-0.036055130298671356,-0.008944906029967448,-0.01376890701494815
2016-10-31,1.2693688851150853e-06,-0.004458223092850044,-0.0058941509640154655,0.00330941227995063,0.010292558854433143,0.015070921454303221,0.010658994725208037,0.003124323852768285,-0.010367391877353027,0.01617395962405177,0.01044919043595871
2016-11-30,-0.005400273970774916,-0.004765298003150398,-0.011968195985550767,-0.01601206445661507,-0.038032947958116625,-0.03941325607012647,-0.052552928952780076,-0.049877926052476096,-0.06625246896900505,-0.04430409197923013,-0.04882956938814553
2016-12-31,0.003827486975919392,0.008891694601909972,0.009267123108941178,0.017221212945312647,0.02404841504701949,0.015102988552869956,-0.000808727303878598,0.009282470462025794,-0.011978644935785043,0.009279945956068847,0.004834265535982096
2017-01-31,0.009855245347608843,0.019283698495004664,0.02890014505859817,0.06060045270631109,0.10333263968464901,0.1100905449759435,0.10536096721418309,0.11507635691342344,0.09056018355445339,0.11230439431093897,0.11014019820176402
2017-02-28,-0.0040504288291488555,-0.008568975335931261,-0.010005374651029353,-0.0072276840302913925,0.05060828528973005,0.095660412978408,0.11366083820946993,0.12508914121725723,0.09962150357108013,0.12163831112442214,0.12262108439567077
2017-03-31,-0.002456803382418382,-0.005899268801346724,-0.01042084740151139,-0.010359354924912356,0.00632426229751637,0.07606437730183346,0.1124360340158399,0.13263141684206836,0.11223999740607216,0.13070010663216558,0.1393445899904222
2017-04-30,0.0017843601731946102,0.002921594096363167,0.018683084032909303,0.03690909176796109,0.04916302431538622,0.10117597275867207,0.16440975609351738,0.19182558500648184,0.18000610188616695,0.19273708502724496,0.21080924358729458
2017-05-31,3.281060251758561e-05,-0.00031443453303625635,0.004377216127497308,0.016479386703561305,0.04946194361065048,0.08519445661846192,0.16974443996967548,0.2146439599128087,0.21058183305764389,0.21626191655446703,0.24490078841961038
2017-06-30,0.00024165112777829734,0.0024806419875098573,0.008558857657612995,0.01375456772520467,0.038970083970028435,0.08003992584474928,0.17372239492749886,0.23617248434729876,0.2408232956529328,0.24202602864288703,0.27422993041922905
2017-07-31,-0.0031784119505242625,-0.00039546503169962666,0.0037520523309202414,0.02525552680603682,0.06357935048362084,0.11608246948904322,0.2162795569447149,0.29735045061571186,0.31618763662618976,0.31732704290980385,0.35317187308577
2017-08-31,-0.0022435466526360415,0.0006729105523304302,0.009388759021792037,0.013089430766356491,0.04132291761293505,0.09479921573120298,0.19771975514047702,0.29538297070619834,0.33069651595678295,0.3345281997099303,0.36989930460415743
2017-09-30,0.006343388969961561,0.003044786178614256,-0.008478652314929946,-0.03250224929793066,-0.041348749044776256,-0.0022300089244872145,0.08548138793444804,0.18962991173103783,0.2343384679901077,0.23907436374576152,0.272109541541407
2017-10-31,0.012050498244666086,0.01573272060284503,0.019328014481389433,0.035324468086388006,0.03209730568678082,0.04656111489363801,0.12459722875835322,0.2518034252775361,0.3078600582690183,0.31460497677337584,0.35062374374038363
2017-11-30,0.011540435043906339,0.004305055333380325,-0.00407832592185331,-0.031182101249180638,-0.02367082626171446,-0.02852859018188736,0.03574808089664616,0.1646164149528342,0.2211408776491286,0.2292941049205428,0.26368907522807383
2017-12-31,0.01180185564975944,0.02052065447318152,0.0329395405549755,0.054577505574786134,0.06295572441403952,0.07196310453193155,0.12601010467795137,0.270328558000688,0.33849945787219515,0.3502107799184624,0.3877971726835616
2018-01-31,-0.003032724117508101,-0.0022358157971305026,0.007601692991575648,0.02342882683847569,0.06900426821680838,0.09298143266281977,0.13409410399797395,0.28560436943536227,0.3622224469884989,0.38357141459606314,0.41875041211357855
2018-02-28,0.0007799616376502616,0.006459774228811499,0.017278517372943725,0.023244559484983274,0.026965585702083184,0.0651324192015339,0.10475982823902785,0.2529907059950798,0.33525350889428807,0.3641440236082878,0.39437229829727216
2018-03-31,0.0025777643809341555,-0.0032434126788403184,-0.00902369535755232,-0.014505126822082604,-0.017046699272931676,0.012992720983979522,0.04707699645042651,0.183558063184053,0.27138388161393645,0.3063088541328718,0.3305180818627427
2018-04-30,-0.019013940131554663,-0.027887673509799704,-0.044117489914523134,-0.05908129985374555,-0.0884548510293166,-0.08882643319914063,-0.058507319895166,0.05573369875801526,0.13892838720024003,0.1769733741788737,0.1969754134336914
2018-05-31,-0.024796275518290334,-0.0309969591795225,-0.02315885772018411,-0.01666722678384469,-0.06791398527420411,-0.10417512177667132,-0.0867317974017997,0.0053747937318182615,0.08622638789057269,0.12848641539682126,0.14825440364926878
2018-06-30,0.0029732983897816645,0.01149001384317283,0.01593708899808921,0.006741606710372716,-0.04318121743997472,-0.1072311479717587,-0.11382599699722451,-0.045753136928504246,0.032685490522641025,0.07827050265339897,0.09673930449420576
2018-07-31,0.0074885164192788345,0.012279462158897303,0.025160749101293067,0.026792688001140874,0.004685625650122427,-0.06200160584418257,-0.10114997391575686,-0.05085508198524158,0.029596470747952353,0.07984464216144138,0.09785731271621234
2018-08-31,-0.006077094425784191,0.0049334193584134045,0.014939682767935114,-0.010154956109206026,-0.016145630373618713,-0.06548139102691974,-0.12843706998706572,-0.09753097784742215,-0.018928106773642317,0.029649660096514818,0.04713584675225002
2018-09-30,0.0015570540757048335,0.003091020916582643,0.02185343649373639,0.04687784507839554,0.05951577109946515,0.037278896872251055,-0.05139972646589719,-0.030895395643548595,0.053469993354746226,0.10575699607125633,0.12393461840759756
2018-10-31,-0.0005170639326244064,-0.013514270515463833,-0.03861011735264108,-0.05080011574294785,-0.047382666325664236,-0.049330705988197665,-0.12824087019393504,-0.12813492976642427,-0.05569907309936539,-0.007693074656764054,0.00983007535609004
2018-11-30,0.005746045307509773,0.010565716830235106,0.018651408045238238,0.018554023565475974,0.0036263631012856123,0.01082137848903808,-0.054454662810268784,-0.07929178184950203,-0.007369923094001418,0.043353508985696454,0.06556915014222331
2018-12-31,0.004147372737063781,0.0025105401617440126,0.0002101195203763062,-0.0067739776453275,-0.01642129198510267,-0.028358834043934023,-0.07273402706984977,-0.11782468391611123,-0.055582286677579806,-0.0057181038031359765,0.017620514375060514
2019-01-31,-0.00044664476730404967,0.009540490626670728,0.026923885190284658,0.07601876327653923,0.10741106549110624,0.10039771036209078,0.0806857628551585,0.007399145469043189,0.06940514075087822,0.12856390307434817,0.15817196897040553
2019-02-28,-0.000521116095748897,0.002648322164531036,0.012965249780473975,0.015191775445285716,0.0663083537018807,0.09046114085507329,0.08920443188455307,0.012198841499696966,0.06482472001085315,0.12456802020733937,0.1583913469853946
2019-03-31,0.01293560275074035,-0.011682907685308663,-0.053137957096556665,-0.06968246233049358,-0.07942019019337998,-0.03461561229184085,-0.022565276670290624,-0.08858770587653897,-0.05250734083818476,0.0006420654621273059,0.0345444493547824
2019-04-30,0.005313722098687634,0.003583491007151718,-0.006177989180627952,-0.008438338504569542,-0.03922857557657411,-0.02341290742312907,-0.006080500014107648,-0.0674406954547585,-0.04321934330417243,0.011406199667316264,0.04950337005201533
2019-05-31,0.01486809286766455,0.029169666476940304,0.04542394123963067,0.03284520064379448,-0.02353669966464178,-0.06738430419683217,-0.049864771468970726,-0.10630563432129969,-0.0952775165798222,-0.04245688915121448,-0.004690109995157621
2019-06-30,0.008945244872408109,0.010331670622248046,0.01951340784640654,0.03795008707420244,0.051279620522142855,0.0021178942839319426,0.010499403526335715,-0.04173404253868651,-0.03901356781674814,0.01750410705872385,0.0577839961023392
2019-07-31,-0.006147130950000856,-0.005090169716660764,-0.002654097712743053,0.015567816329980833,0.07342609928962873,0.06659672473250833,0.06435853268522185,0.01740776826766588,0.012368397509251672,0.07068629294115447,0.11371169514018109
2019-08-31,0.005189880917366496,0.0014180632486087141,0.00656566574406936,-0.012436776850628384,-0.015214396360603843,0.01631664464517657,0.005846142160068846,-0.028521814408465462,-0.043014036284314994,0.009707427623811382,0.05069299687062068
2019-09-30,0.00952658481396984,0.016597634652126825,0.029165664623683085,0.0345107634494759,0.049021731658792866,0.09104283730265794,0.08297314072031425,0.06377774262838876,0.03568707486790279,0.08950060165933738,0.13381953114986622
2019-10-31,-0.005364670596956667,-0.010486978007887227,-0.0011994650542614949,-0.004262782319174208,-0.012933524244500894,-0.0023179775575929984,0.005640763854362296,0.007249536210921059,-0.030154398171272967,0.014670453198353473,0.058009757521224836
2019-11-30,0.002616705033023914,0.006172027457020057,0.003043489340915251,0.020401100888359558,0.04893428917976306,0.06123994002899269,0.08585581149492372,0.09891013533609527,0.05109758220370986,0.09355539230229626,0.1421539518105932
2019-12-31,0.0012027561637069084,0.004311029150826595,0.016868008314159244,0.03377819144681671,0.07783903978075246,0.11272214278022408,0.15306046855340338,0.17221172145270902,0.1230937748431935,0.16027944062325794,0.21227328354178687
2020-01-31,-0.0035101085490273354,-0.004894681147003754,-0.017186939499704845,-0.0033725598377339905,0.04750641525575383,0.10809629286114752,0.1742351608748418,0.20660096459568522,0.16503487124713678,0.19395166086766258,0.24836503566883428
2020-02-29,-0.0410222401157333,-0.05487167516059921,-0.08053083076680922,-0.10123390840702196,-0.09911453310215024,-0.04176520544201179,0.02137346172353527,0.06098800509699687,0.032226194466578484,0.051029847727838806,0.10036944008006365
2020-03-31,0.01167261267061348,0.004031439769506706,0.02272400230546867,-0.04542126696692883,-0.17324362547112226,-0.18390232142136365,-0.1424481126315752,-0.10328159369576528,-0.12310538231879287,-0.11514789190846786,-0.07252224561918375
2020-04-30,-0.0002722340244614152,0.004193552086781294,0.018634720298106755,0.046442286484270845,0.029330722100145534,-0.061212817370861705,-0.03254753623141027,0.010403385800774378,-0.007467523776319096,-0.004475468514243408,0.043475344059856535
2020-05-31,0.0023040264380964626,0.01168820212975974,0.029701508062106585,0.04580110341530341,0.10208876755042917,-0.002861044896034337,0.009879462972146813,0.052906691285375285,0.038505501063566205,0.03641898474559957,0.08470039636615478
2020-06-30,0.007313925841009983,0.012160545178827364,0.019286556078939476,0.040395957417890926,0.10798673909364043,0.11984352013681687,0.09958905065730606,0.15111065837964088,0.14895653342743453,0.1377996005092128,0.18853524144212064
2020-07-31,-0.010101879496746902,-0.02902261774375392,-0.039719809834997566,-0.04022310243812133,-0.001787322571531913,0.08122372498186947,0.047516816868127254,0.09926823264159745,0.11076202620444198,0.09370594607471094,0.13957949539136338
2020-08-31,-0.015905867440016763,-0.01575021286615419,-0.023148862050043073,-0.014333606052941872,-0.051262931884447194,0.0029255346986700737,-0.007039697304305204,0.043148238301951025,0.06570615294470161,0.04384999941462553,0.08369999077837931
2020-09-30,0.013540992861133416,0.016419612092338776,0.027813392749580057,0.03552725177302918,0.031201675069091328,0.03607691573339933,0.05039307102878943,0.10275588025367499,0.13165052518037879,0.10554472953436655,0.14226337299466074
2020-10-31,-0.016155616287936714,-0.02882778925143792,-0.05290575842063994,-0.049076285887432514,-0.01600358493149534,-0.018748226382293343,0.01687738658490101,0.0638343558329344,0.0937644713636061,0.07136021606967224,0.10064554318881047
2020-11-30,-0.026297174517739164,-0.027767283591667913,-0.020676000803300898,0.010422213355740784,0.06966842075945734,0.1062537890856754,0.16740711568542532,0.20946087346694608,0.2490002819359467,0.23074105628457575,0.2566382682755026
2020-12-31,0.003124760041547603,0.013994154052323848,0.032917354193153336,0.05936745998450843,0.13231012186046853,0.2171580640217896,0.3079622456140574,0.3577218460256719,0.41462533730674633,0.4031133650564265,0.4266109746014588
2021-01-31,-0.004122741210804359,-0.01964044464620951,-0.03695328040453605,-0.03597352689752775,0.028233690055497362,0.13390551778580484,0.2357077693730627,0.31731968763423946,0.38515616332736213,0.3858875021759165,0.40399660238500146
2021-02-28,-0.006392637427924841,-0.02051629428964663,-0.0360135441286874,-0.03746392719160796,-0.02478143643604691,0.06507112651783853,0.18014330804142742,0.2844040489563897,0.35904191747272285,0.36870275181959644,0.38489118439360226
2021-03-31,-0.0011961207944456431,0.0002587693133602187,-0.02042626437896522,-0.06388416505204098,-0.07838708847500475,-0.04336707653341709,0.07336684541004779,0.18488051806282768,0.2611309459315059,0.2822987521661777,0.2932376896460209
2021-04-30,0.001959283799431999,0.00543791068579047,0.014552718980770374,0.0032369625987898054,-0.040031853856558386,-0.05051725057975254,0.058794260438022716,0.1708565869589469,0.24939591296200891,0.2813572861223361,0.2873434213347956
2021-05-31,0.0009159909460596527,0.0024841489867741817,-0.010283878301701965,-0.007528275660812156,-9.434623756909843e-05,-0.03799661611513472,0.054701139508483765,0.1706371956332875,0.2522689738188819,0.29509591369687294,0.29791513763281174
2021-06-30,-0.007899892822928023,-0.017743324911957847,-0.025653536205389793,-0.04387607814133365,-0.0426639995325,-0.06643821071777656,-0.018835461395641517,0.09819372346933863,0.17814299326984306,0.2283395893588005,0.22856571075309562
2021-07-31,0.008057278085905839,0.016121951275983593,0.02118765234706288,0.01642225179832968,-0.009796143302593818,-0.022889756027648533,-0.007564590546090821,0.11670954283121193,0.19977237839354145,0.25425353622776914,0.25516488329320564
2021-08-31,0.008563979883548622,0.00856396863696296,0.01153704829462443,0.01978819506726648,0.045956403770079035,0.041899616696235986,0.02798482671670177,0.16607502432745047,0.2523214189093683,0.31242567067011073,0.3174486335265947
2021-09-30,0.00887112373784582,0.010562624400848541,0.007132432181052861,-0.009664616092300182,-0.012290166609053577,-0.009524430145807616,-0.027417478956655028,0.10360639042678788,0.17922403975937806,0.23971423954330118,0.25012824607232753
2021-10-31,0.00340623718898736,0.011524204060690879,0.037583428581253076,0.06131870736424472,0.0616807297218962,0.07194573638027779,0.05142048121696319,0.1773296670680662,0.2569965574407753,0.32710098203856974,0.3436714009592643
2021-11-30,0.006339277217000117,0.0024483298657484998,0.01968136547466215,0.06597469478152429,0.1773055289952299,0.22369790003641077,0.23589111030374665,0.3553046384003362,0.4612810610989577,0.5498966213945606,0.5794926494698445
2021-12-31,-0.00779792408298452,-0.008115799371472443,-0.01258130194096252,-0.06125093355914912,0.03466862342012589,0.1525129637475522,0.22702257971013307,0.335552723274964,0.45670523446327826,0.552858738248388,0.5928239643777684
2022-01-31,0.004261294731049192,0.013724149693713716,0.009779208285200847,-0.004190644035111157,0.019996643870288988,0.15946657087959526,0.2741737813823375,0.39245798858897096,0.5275366970938911,0.6361411259969663,0.6916882562684752
2022-02-28,0.015408645808454802,-0.005366218748317886,-0.02414813904491875,-0.02695356183504083,-0.01626389081371893,0.053491920641328905,0.19216942704425666,0.3149987878910645,0.4481064391333187,0.5557040789183567,0.6207093766438767
2022-03-31,0.004482731168449661,0.013477905765784337,0.02045194734564748,0.0531005994180318,0.09264242745657714,0.12477647690121385,0.30690455634599156,0.45282636018456834,0.6105197778260671,0.7375509210815621,0.8271978303100505
2022-04-30,-0.0025442805302391402,-0.004774235848658548,-0.01976120938670367,-0.004501125191304189,0.0919314361358079,0.15065399062842322,0.33636170360480766,0.5122939565685207,0.6941913245907192,0.837954616789887,0.9447113783164929
2022-05-31,0.01706358020107901,0.028549559625717924,0.04824545657971413,0.046176679382660124,0.0707770504680234,0.16000318794243285,0.3324716598963182,0.530430109169076,0.7277820076037946,0.8810565625240285,0.9973750344732923
2022-06-30,-0.011154364463379696,-0.02859223050940607,-0.04346064772845215,-0.05178073185523957,-0.03425516068671408,0.03995035892639631,0.18412928795682326,0.38487710712671475,0.578856788108369,0.7219694787475726,0.8367711328930301
2022-07-31,0.01268258070443462,0.015400960735732827,0.02580333871574103,0.0504328328283965,0.03899225836914333,0.08101390590046154,0.21802473071472983,0.4501328647626599,0.6591660313204664,0.8112295119321824,0.938841959351091
2022-08-31,0.0033008580614040106,0.011263142846719365,0.026823278944358542,0.07579625277349011,0.18365896150707695,0.2320966533466,0.38919976620972596,0.6992794219958758,0.9400161504156026,1.1321782927189337,1.296889437550902
2022-09-30,0.0015642860700133543,-0.009401340086016452,-0.017019772223209828,-0.04684115157476654,0.041719904822781206,0.14919060649328264,0.30162846044840164,0.6185255139119035,0.8476512876958806,1.0488140808866353,1.2192206174063545
2022-10-31,0.012253553566557773,0.007653004917597572,0.013014659560022013,0.06047140832310771,0.14742330024602768,0.3124511318168077,0.5140161075103675,0.9124045735218662,1.1912825220002157,1.4503993451921167,1.6684963215356827
2022-11-30,0.004675938582933803,0.011880088299968339,0.040579171267655534,0.08174952018126636,0.23687180409897346,0.4285546513090721,0.7115356664585983,1.2079896039025932,1.5642687695815982,1.8910340306089997,2.1688407596349344
2022-12-31,0.011995104873528284,0.01010992478721029,0.012491685907865202,0.04959636807150636,0.15321143854944608,0.35632613943788005,0.6888792514451245,1.2363912966133865,1.635072514552562,1.9975756019136446,2.3078952012808256
2023-01-31,-0.021939489359905306,-0.03529955159135745,-0.05855509020295668,-0.044884596839360524,-0.04271777386068565,0.1019653670149756,0.3862295511022431,0.8611546823087124,1.2187474032928889,1.546726100813828,1.8276327358236304
2023-02-28,0.014096208133248744,0.020872353914880515,0.028225966481886466,0.04919112346680676,0.008523682444715464,0.09549041352830634,0.38238520650627184,0.8587911574204381,1.2329666670514023,1.5777267323767132,1.873049391922235
2023-03-31,-0.014571201038192094,-0.016229591271809007,-0.02649139818596591,-0.0608993893496127,-0.05929072539378344,-0.05163465930623079,0.17563548977570487,0.5880551379687493,0.9268552655688798,1.2421411872526327,1.5098908408264546
2023-04-30,-0.023768594681886857,-0.04212023456941372,-0.06424204657452892,-0.06936016451607341,-0.0898946551996902,-0.09901507991755987,0.06631438885684382,0.44362360189515315,0.7664348642352203,1.0653656196039187,1.3161397919917337
2023-05-31,0.0036831970506077116,0.03467622486348043,0.0591208215595691,0.06422733266210878,0.01720223779658525,-0.019179484721734363,0.07732517052506815,0.4522154517373469,0.7927870493780456,1.0997910036544698,1.3594281199621054
2023-06-30,0.011859588565919843,0.039927920649373005,0.055890249193817354,0.06624724466381848,0.15721910427213492,0.14809624633160978,0.21214070623148706,0.6243931435973822,1.021227454924834,1.3650463671064323,1.6699476246534353
2023-07-31,0.024152823943286217,0.0462665476224724,0.0693341336998119,0.1076536155280432,0.26345123367224943,0.35469514685237824,0.42079393140841614,0.9076322763867344,1.3873493998438846,1.7976912517278367,2.1757423347586515
2023-08-31,-0.0005470072447796293,0.015758674109186632,0.022676620068008857,0.03654528147304603,0.15847044993920423,0.3474574690048431,0.4445896586501459,0.9346613326243627,1.4385038159014867,1.8694097976141362,2.2745132797250798
2023-09-30,0.00958122534691408,0.008713741368416406,0.03489772848134942,0.02797465448838876,0.08163512209054691,0.2718181111239324,0.42949903601168815,0.8886404183033154,1.393768108682444,1.8332905983425012,2.246878578337213
2023-10-31,-0.017053718143324015,-0.01183571891915769,-0.022666711597457145,-0.05813973853031851,-0.06337340839967476,0.03350994421673126,0.2268811648017135,0.5845454542903761,1.0179905825352233,1.3995382160192578,1.7608193452844279
2023-11-30,-0.008548327115131649,-0.00936221990827002,-0.00456600353287373,0.009800628782784981,-0.0027706216811171913,0.027618493895622764,0.2361054058190002,0.5760074513784283,1.007411036851023,1.3963121291033338,1.768205743054767
2023-12-31,0.012821530468579256,0.009928702965541714,-0.016067789388692244,-0.03398730291203489,-0.038717381940518325,-0.05407982126355182,0.11793665385610397,0.40712908049986907,0.790931127512742,1.1455572294907017,1.486769153534612
2024-01-31,0.0018630350290735898,0.012502744632076901,0.035894929215696925,0.058041850894768876,0.07727879125361814,0.07243371503568885,0.21202314055902893,0.515200348735144,0.92646474243873,1.3163825013051222,1.6943982584333992
2024-02-29,0.005303320940847289,-0.0038011387797656226,-0.00710620020336683,0.009031553077998744,0.09727283515073659,0.1330094921402627,0.23125281922633611,0.5438091811973045,0.9646374010729095,1.374742355874083,1.7695496493099938
2024-03-31,0.014728561512371119,0.018858402358655768,0.018978792503500097,0.019977498490369783,0.02666333567095669,0.09398607507367274,0.16008535312116723,0.45732905400099244,0.8504537206974272,1.2475068139888097,1.6212073823756339
2024-04-30,0.003095466230222499,0.015065801536958912,0.031124564414875433,0.053064678572915636,0.08539148852948242,0.1600105903379876,0.22299335282072374,0.532691941262722,0.941440318335927,1.3641695460182253,1.7572619210760712
2024-05-31,-0.005085899404157046,-0.0131509865862256,-0.025247637510155463,-0.006586242612620086,0.05661074311707526,0.12181269973842501,0.21184572615837327,0.5003214925522066,0.8962209072841558,1.314195048262473,1.7007480801412496
2024-06-30,0.004029479202796837,-0.00044872307537791034,0.006385421144188497,0.019402139755962278,0.034735111593398704,0.10030705657432892,0.2102274788288938,0.47999541250493816,0.8603274755622652,1.272380351034002,1.6555719853740518
2024-07-31,-0.004625159258249467,-0.011778537884773232,-0.02734227216080487,-0.026437036539058822,-0.004297117808486517,0.05574223643479592,0.16963610104331805,0.41477081999353027,0.7586482130661656,1.1507599007418112,1.5191136693874188
2024-08-31,0.0054671306121967245,0.012206417592456775,0.0007552219637672053,-0.007244795917112246,-0.059943769700858685,-0.04366995929901796,0.055110464620488075,0.2667135996905725,0.5550482858569725,0.9020592222034156,1.230293159862057
2024-09-30,-0.009397968919376165,-0.017567545838025778,-0.018595950101966463,-0.01234095085880016,-0.03692546338176961,-0.062250335182069905,0.015525097069933214,0.20656649289781348,0.46866834227750354,0.7930487114277118,1.1050625154653662
2024-10-31,-0.008375423733905873,-0.006237939670537651,0.00042556122884795933,-0.005025382656552502,-0.0585911899872531,-0.11084217619423675,-0.08233870885307093,0.07883160628025787,0.2999829756991701,0.5835390050903184,0.861170914298311
2024-11-30,0.0008330152299109717,0.0006635387261988424,0.018081197787084724,0.03955134983540254,0.04890405157023836,-0.005296555439085582,-0.010898314096379758,0.14352671761362878,0.36812126446071214,0.6633293918303149,0.9574312736502095
2024-12-31,-0.008539032995182105,-0.004346975996314728,-0.0010659286220391362,-0.010696993464504478,0.03741012575986136,0.0314266936635903,-0.0010291889784068697,0.12723276312269127,0.34426689078886064,0.6312271872804223,0.923553421335455
2025-01-31,-0.004982766357391477,-0.0051945122098537855,-0.0058746200226746925,0.0028056861820482393,0.010281428181030394,0.046709994379811715,0.006629336463208402,0.11426236557342562,0.3223431033025883,0.5989202683691723,0.8887995757096316
2025-02-28,0.00010705066486171866,0.006127224961788746,-0.0034995197673991507,-0.010997168327738782,-0.02115138496997493,0.006140223627475461,-0.02627533663534798,0.05590756904628913,0.2415593030841836,0.49700283727730143,0.7685249465152408
2025-03-31,0.001960475985646415,0.0075245345394037155,-0.01751372231612247,-0.044985337516066926,-0.03065200211894681,-0.01948588605772661,-0.022612318042604884,0.04111703197607319,0.2091486565961298,0.45123834592306844,0.7146521279104616
2025-04-30,-0.013581867593450037,-0.02453483146029678,-0.02536527101374253,-0.03024544925056394,-0.06686678660340006,-0.07686571368654316,-0.06904128953613065,-0.028541723767947613,0.11449106817066368,0.32721123202222335,0.5671641164969305
2025-05-31,-0.011294263821259753,-0.018043985490559078,-0.03367506066955228,-0.0363068080376463,-0.046021487934957195,-0.07163682939919003,-0.06288262548067225,-0.04075551465155791,0.08883579904711292,0.28411042199743997,0.5155140038854831
2025-06-30,0.04156416872276014,0.04672792219204047,0.06396177169221318,0.0623127099153824,0.06285577795124997,0.03596227672032137,0.038612246770848735,0.04917807438588184,0.1824696012556244,0.38285183722015126,0.6302017059077039
2025-07-31,0.011934304325649459,0.012855919962188045,0.014334367180005136,0.03251011322873287,0.09553353263059283,0.10362630919124705,0.11086766088330657,0.11708532394275117,0.24777213452788893,0.4494733470662007,0.7050597500868896
2025-08-31,-0.004456756650533467,-0.0102238723779976,0.0012864683439841595,0.017374018956218817,0.07120756306653897,0.13481497289378597,0.13979395829845553,0.15251625073395925,0.28010623372333443,0.47807370988355946,0.7357958060863323
2025-09-30,-0.0052723037579487375,-0.016001911801322377,-0.019091579039355655,0.0055775296579934075,0.0044853905895430035,0.06791766425542911,0.09534016190486105,0.11004327583553719,0.21812320305000354,0.3991592601211751,0.6404265726074994
2025-10-31,0.007178742595411736,0.007019728157765304,0.027341145813854162,0.029635753032408285,0.006576812722443259,0.03573009957471296,0.08207911331319062,0.09600097061718649,0.18486065261319506,0.35615269753527845,0.5862527490030118
2025-11-30,-0.0019170303013428258,-0.0001944736131970215,0.002296370887275634,0.005041032828036585,0.004770018079950589,0.005925913642254699,0.06543913903090681,0.08045045698490494,0.15534579584178565,0.3163894271093346,0.5351271667650754
2025-12-31,0.0045164337998298,0.0007179935280439143,-0.0019267549912291848,0.002059906576258541,0.02379208334180305,0.026742782217517025,0.08592571497328416,0.11081554370176327,0.17364920800860473,0.3258475918182746,0.5419992821471147
2026-01-31,0.010665378302547435,0.02717294439486495,0.052444632187159,0.09106332337739897,0.17556979236603532,0.2243485418057276,0.2965262898162784,0.34981689204830135,0.41734693621067254,0.5877673765854423,0.8386512061770892
2026-02-28,-0.006105384702231653,-0.013373396931516401,-0.02074121472639534,-0.014407279274805007,0.06326872924851168,0.15457488462264624,0.232400133077727,0.3186268726383823,0.377889788802815,0.5342540576352763,0.7667013906968358
2026-03-31,0.006753124969975266,0.002325769006650491,-0.010638481889442608,-0.013981641472039952,-0.04530484496575071,0.03470763854808889,0.1112982089072978,0.21172489186385768,0.2621547490327587,0.3991336391929854,0.600122183026069
2026-04-30,0.0056797032007593895,0.0017589889534919134,0.002464035744528692,0.031961807086976046,0.06641849617739659,0.11013830156430782,0.20948750925431847,0.34058362389215135,0.39596834537495496,0.5405889566700057,0.7535587291614023
2026-05-31,-0.009030072918195908,-0.0032653769928626675,-0.030718390582223587,-0.05005452472592964,-0.012006808517994516,0.011753842093284117,0.11669694141955511,0.2440196154009342,0.29836278505521574,0.4295477276323243,0.6212393301845616
