date,ticker,status,is_buy,size,price,value,commission
2022-04-04,BAGFS,Completed,True,6643.0,15.07239615271698,100125.9276424989,0.0
2022-04-04,TCELL,Completed,True,5088.0,19.74230570586915,100448.85143146223,0.0
2022-04-04,ANSGR,Completed,True,82041.0,1.2279847286144334,100745.09512025674,0.0
2022-05-13,TCELL,Completed,False,-5088.0,17.706104479136748,100448.85143146223,0.0
2022-05-25,BAGFS,Completed,False,-6643.0,19.11426642201464,100125.9276424989,0.0
2022-06-02,BAGFS,Completed,True,5723.0,17.471633738839575,99990.15988737889,0.0
2022-06-02,TCELL,Completed,True,5825.0,17.22803821664646,100353.32261196563,0.0
2022-06-17,TCELL,Completed,False,-5825.0,15.49284320025975,100353.32261196563,0.0
2022-06-29,BAGFS,Completed,False,-5723.0,15.580117836913692,99990.15988737889,0.0
2022-07-04,BAGFS,Completed,True,6608.0,15.221726099740485,100585.16606708513,0.0
2022-07-04,TCELL,Completed,True,6812.0,14.81115534551362,100893.59021363879,0.0
2022-07-04,DOCO,Completed,True,71.0,1396.3295324886546,99139.39680669448,0.0
2022-08-08,ANSGR,Completed,False,-82041.0,1.5440771579742432,100745.09512025674,0.0
2022-08-15,BAGFS,Completed,False,-6608.0,20.010248797905813,100585.16606708513,0.0
2022-08-24,TCELL,Completed,False,-6812.0,18.95295572569266,100893.59021363879,0.0
2022-09-02,BAGFS,Completed,True,4374.0,23.395065317828,102330.01570017966,0.0
2022-09-02,ANSGR,Completed,True,54289.0,1.826058890728892,99134.91111878082,0.0
2022-09-02,TCELL,Completed,True,5094.0,19.940850834670567,101578.69415181187,0.0
2022-09-14,BAGFS,Completed,False,-4374.0,19.85096227190887,102330.01570017966,0.0
2022-09-29,DOCO,Completed,False,-71.0,1246.4013908072895,99139.39680669448,0.0
2022-10-04,BAGFS,Completed,True,4130.0,24.41051147322593,100815.41238442309,0.0
2022-10-04,DOCO,Completed,True,78.0,1279.5853889039863,99807.66033451093,0.0
2022-10-10,BAGFS,Completed,False,-4130.0,31.37925547661167,100815.41238442309,0.0
2022-11-02,BAGFS,Completed,True,2586.0,38.78603000077492,100300.67358200395,0.0
2022-11-03,TCELL,Completed,False,-5094.0,25.64868966240281,101578.69415181187,0.0
2022-11-04,ANSGR,Completed,False,-54289.0,2.3195267337252243,99134.91111878082,0.0
2022-11-15,DOCO,Completed,False,-78.0,1798.1363897963286,99807.66033451093,0.0
2022-12-02,ANSGR,Completed,True,26379.0,3.811301059952816,100538.31066049534,0.0
2022-12-02,TCELL,Completed,True,3139.0,31.90536360532283,100150.93635710837,0.0
2022-12-02,DOCO,Completed,True,55.0,1799.3358252922185,98963.47039107201,0.0
2023-01-11,BAGFS,Completed,False,-2586.0,34.8038923056736,100300.67358200395,0.0
2023-02-02,BAGFS,Completed,True,3602.0,27.69577488584261,99760.18113880508,0.0
2023-02-15,ANSGR,Completed,False,-26379.0,3.5929926352318944,100538.31066049534,0.0
2023-02-15,BAGFS,Completed,False,-3602.0,25.545420868802328,99760.18113880508,0.0
2023-02-15,TCELL,Completed,False,-3139.0,32.01512827464075,100150.93635710837,0.0
2023-03-02,ANSGR,Completed,True,26051.0,3.8567816575121845,100473.01895984991,0.0
2023-03-02,BAGFS,Completed,True,3240.0,30.86157716661868,99991.51001984453,0.0
2023-03-02,TCELL,Completed,True,3433.0,29.124616622924805,99984.80886650085,0.0
2023-03-21,BAGFS,Completed,False,-3240.0,27.636044076461367,99991.51001984453,0.0
2023-04-04,DOCO,Completed,False,-55.0,2286.301808798422,98963.47039107201,0.0
2023-04-04,ANSGR,Completed,False,-26051.0,3.956839517800004,100473.01895984991,0.0
2023-04-04,DOCO,Completed,False,-55.0,2286.301808798422,-125746.5994839132,0.0
2023-04-04,TCELL,Completed,False,-3433.0,30.112508574620367,99984.80886650085,0.0
2023-04-04,PGSUS,Completed,True,1070.0,93.56330871582033,100112.74032592775,0.0
2023-04-04,AYGAZ,Completed,True,1726.0,58.175847056995735,100411.51202037463,0.0
2023-04-04,MGROS,Completed,True,635.0,157.43992639306987,99974.35325959936,0.0
2023-04-04,THYAO,Completed,True,847.0,118.00761269738145,99952.44795468208,0.0
2023-04-04,ALARK,Completed,True,1584.0,63.14114299449293,100015.5705032768,0.0
2023-04-04,BRSAN,Completed,True,1007.0,99.3499984741211,100045.44846343994,0.0
2023-04-04,TOASO,Completed,True,655.0,153.04017803564275,100241.316613346,0.0
2023-04-04,ISCTR,Completed,True,22265.0,4.502244181691308,100242.46670535699,0.0
2023-04-04,FROTO,Completed,True,2086.0,47.845327006051534,99805.35213462349,0.0
2023-04-04,TTRAK,Completed,True,434.0,230.5364690517807,100052.82756847283,0.0
2023-04-17,BRSAN,Completed,False,-1007.0,128.0,100045.44846343994,0.0
2023-05-02,ALARK,Completed,False,-1584.0,55.81563360553202,100015.5705032768,0.0
2023-05-02,ISCTR,Completed,False,-22265.0,3.997492164041742,100242.46670535699,0.0
2023-05-03,AYGAZ,Completed,False,-1726.0,51.43082290559657,100411.51202037463,0.0
2023-05-03,FROTO,Completed,False,-2086.0,43.15332634838146,99805.35213462349,0.0
2023-05-03,BRSAN,Completed,True,931.0,105.0,97755.0,0.0
2023-05-03,DOAS,Completed,True,1298.0,78.02812397374517,101280.50491792122,0.0
2023-05-03,AKCNS,Completed,True,1706.0,58.61436462693917,99996.10605355822,0.0
2023-05-03,ALARK,Completed,True,1864.0,53.64161721114264,99987.97448156988,0.0
2023-05-11,BRSAN,Completed,False,-931.0,135.0,97755.0,0.0
2023-05-16,PGSUS,Completed,False,-1070.0,83.4765625,100112.74032592775,0.0
2023-05-31,AKCNS,Completed,False,-1706.0,75.69212169286193,99996.10605355822,0.0
2023-05-31,TTRAK,Completed,False,-434.0,294.57939789179244,100052.82756847283,0.0
2023-06-02,BRSAN,Completed,True,502.0,205.0,102910.0,0.0
2023-06-02,TTRAK,Completed,True,319.0,312.10740153084004,99562.26108833797,0.0
2023-06-02,PGSUS,Completed,True,1054.0,96.93920135498048,102173.91822814943,0.0
2023-06-02,AKCNS,Completed,True,1349.0,74.63079702101643,100676.94518135117,0.0
2023-06-02,CIMSA,Completed,True,6638.0,15.023266792297363,99724.4449672699,0.0
2023-06-06,ALARK,Completed,False,-1864.0,67.47701373562174,99987.97448156988,0.0
2023-06-06,DOAS,Completed,False,-1298.0,98.19641246054576,101280.50491792122,0.0
2023-06-06,THYAO,Completed,False,-847.0,160.20899781487486,99952.44795468208,0.0
2023-06-12,BRSAN,Completed,False,-502.0,280.0,102910.0,0.0
2023-06-13,PGSUS,Completed,False,-1054.0,121.90032958984376,102173.91822814943,0.0
2023-06-27,MGROS,Completed,False,-635.0,205.0475419675648,99974.35325959936,0.0
2023-06-27,TOASO,Completed,False,-655.0,195.7716398067588,100241.316613346,0.0
2023-07-04,AKCNS,Completed,False,-1349.0,87.94566555873993,100676.94518135117,0.0
2023-07-04,BRSAN,Completed,True,350.0,285.1000061035156,99785.00213623047,0.0
2023-07-04,TOASO,Completed,True,480.0,208.3968532808236,100030.48957479533,0.0
2023-07-04,PGSUS,Completed,True,743.0,134.52410888671875,99951.41290283203,0.0
2023-07-04,MGROS,Completed,True,474.0,210.85437255859372,99944.97259277343,0.0
2023-07-04,THYAO,Completed,True,486.0,205.63411254342816,99938.17869610609,0.0
2023-07-04,FROTO,Completed,True,1575.0,63.50171650283757,100015.20349196917,0.0
2023-07-04,AYGAZ,Completed,True,1297.0,77.56779687665657,100605.43254902358,0.0
2023-07-04,DOAS,Completed,True,806.0,125.17562466179916,100891.55347741013,0.0
2023-07-07,CIMSA,Completed,False,-6638.0,19.192660710633824,99724.4449672699,0.0
2023-07-10,TTRAK,Completed,False,-319.0,393.7010028587425,99562.26108833797,0.0
2023-07-21,DOAS,Completed,False,-806.0,158.5690125511447,100891.55347741013,0.0
2023-07-24,MGROS,Completed,False,-474.0,264.7341003417969,99944.97259277343,0.0
2023-07-25,AYGAZ,Completed,False,-1297.0,100.50088435928085,100605.43254902358,0.0
2023-07-31,PGSUS,Completed,False,-743.0,174.99388122558594,99951.41290283203,0.0
2023-08-02,TTRAK,Completed,True,172.0,584.2672517849974,100493.96730701954,0.0
2023-08-02,PGSUS,Completed,True,594.0,168.16026306152344,99887.19625854492,0.0
2023-08-02,MGROS,Completed,True,354.0,284.24883491173387,100624.08755875379,0.0
2023-08-02,AYGAZ,Completed,True,1044.0,96.53818522135415,100785.86537109374,0.0
2023-08-02,CIMSA,Completed,True,4069.0,24.63977244471493,100259.23407754504,0.0
2023-08-02,DOAS,Completed,True,615.0,163.39619120150817,100488.65758892753,0.0
2023-08-08,THYAO,Completed,False,-486.0,261.51191647943585,99938.17869610609,0.0
2023-08-11,BRSAN,Completed,False,-350.0,392.0,99785.00213623047,0.0
2023-08-23,TTRAK,Completed,False,-172.0,737.7222778914712,100493.96730701954,0.0
2023-08-24,DOAS,Completed,False,-615.0,219.1957922149123,100488.65758892753,0.0
2023-09-04,AYGAZ,Completed,False,-1044.0,103.70477397513828,100785.86537109374,0.0
2023-09-04,TOASO,Completed,False,-480.0,228.1439786788512,100030.48957479533,0.0
2023-09-04,BRSAN,Completed,True,119.0,865.0,102935.0,0.0
2023-09-04,TTRAK,Completed,True,127.0,783.4106746056916,99493.15567492283,0.0
2023-09-04,DOAS,Completed,True,515.0,193.98827098798512,99903.95955881233,0.0
2023-09-04,ALARK,Completed,True,808.0,123.90735955727358,100117.14652227705,0.0
2023-09-04,TKNSA,Completed,True,3866.0,26.100000381469727,100902.60147476196,0.0
2023-09-04,ANSGR,Completed,True,11351.0,8.809654000195962,99998.38255622437,0.0
2023-09-07,BRSAN,Completed,False,-119.0,654.5,102935.0,0.0
2023-09-07,CIMSA,Completed,False,-4069.0,31.203201853143007,100259.23407754504,0.0
2023-09-11,MGROS,Completed,False,-354.0,365.0684210625944,100624.08755875379,0.0
2023-09-21,DOAS,Completed,False,-515.0,172.68518013581075,99903.95955881233,0.0
2023-09-25,ANSGR,Completed,False,-11351.0,11.288363928280887,99998.38255622437,0.0
2023-10-03,ALARK,Completed,False,-808.0,124.67756298184396,100117.14652227705,0.0
2023-10-03,FROTO,Completed,False,-1575.0,72.46810096013108,100015.20349196917,0.0
2023-10-03,PGSUS,Completed,False,-594.0,172.6205291748047,99887.19625854492,0.0
2023-10-03,TKNSA,Completed,False,-3866.0,25.920000076293945,100902.60147476196,0.0
2023-10-03,BRSAN,Completed,True,129.0,799.9000244140625,103187.10314941406,0.0
2023-10-03,ANSGR,Completed,True,8158.0,12.257108112939148,99993.48798535757,0.0
2023-10-03,CIMSA,Completed,True,2626.0,38.28041200942136,100524.36193674049,0.0
2023-10-03,AKCNS,Completed,True,569.0,175.60187106662326,99917.46463690864,0.0
2023-10-03,TUPRS,Completed,True,832.0,120.23940775595273,100039.18725295267,0.0
2023-10-03,DOAS,Completed,True,535.0,188.7138601312256,100961.9151702057,0.0
2023-10-03,ANHYT,Completed,True,2389.0,41.863858644337526,100012.75830132235,0.0
2023-10-03,ISCTR,Completed,True,10463.0,9.601348982798823,100458.91440702409,0.0
2023-10-03,AYGAZ,Completed,True,733.0,136.4181596531825,99994.51102578278,0.0
2023-10-10,CIMSA,Completed,False,-2626.0,34.25090037631314,100524.36193674049,0.0
2023-10-17,AYGAZ,Completed,False,-733.0,123.51829349377972,99994.51102578278,0.0
2023-10-17,ISCTR,Completed,False,-10463.0,8.621318284665218,100458.91440702409,0.0
2023-10-17,TUPRS,Completed,False,-832.0,107.71128964458646,100039.18725295267,0.0
2023-10-23,TTRAK,Completed,False,-127.0,683.6266342941358,99493.15567492283,0.0
2023-11-02,TTRAK,Completed,True,161.0,628.4269350809907,101176.7365480395,0.0
2023-11-02,CIMSA,Completed,True,2983.0,33.855475131431376,100990.88231705979,0.0
2023-11-02,TUPRS,Completed,True,902.0,111.45445151422172,100531.91526582799,0.0
2023-11-02,OTKAR,Completed,True,257.0,391.56164798890615,100631.34353314887,0.0
2023-11-02,MGROS,Completed,True,300.0,342.69784168407006,102809.35250522102,0.0
2023-11-06,ANHYT,Completed,False,-2389.0,37.17135542283968,100012.75830132235,0.0
2023-11-14,AKCNS,Completed,False,-569.0,151.28777157441257,99917.46463690864,0.0
2023-11-14,CIMSA,Completed,False,-2983.0,30.127231086451403,100990.88231705979,0.0
2023-11-27,ANSGR,Completed,False,-8158.0,15.45214031195877,99993.48798535757,0.0
2023-11-30,BRSAN,Completed,False,-129.0,697.0,103187.10314941406,0.0
2023-12-04,BRSAN,Completed,True,147.0,679.0,99813.0,0.0
2023-12-04,ANSGR,Completed,True,6854.0,14.69033633771074,100687.5652586694,0.0
2023-12-04,CIMSA,Completed,True,3100.0,32.386777047330405,100399.00884672426,0.0
2023-12-04,FROTO,Completed,True,1413.0,70.90005885481102,100181.78316184797,0.0
2023-12-04,SKBNK,Completed,True,14337.0,7.003986133662564,100416.14919832018,0.0
2023-12-06,DOAS,Completed,False,-535.0,169.1118859238963,100961.9151702057,0.0
2023-12-07,TTRAK,Completed,False,-161.0,561.7628090115176,101176.7365480395,0.0
2023-12-13,ANSGR,Completed,False,-6854.0,12.962061498971895,100687.5652586694,0.0
2023-12-13,CIMSA,Completed,False,-3100.0,28.90331367465148,100399.00884672426,0.0
2023-12-14,FROTO,Completed,False,-1413.0,64.36588509386227,100181.78316184797,0.0
2023-12-19,BRSAN,Completed,False,-147.0,599.0,99813.0,0.0
2023-12-25,SKBNK,Completed,False,-14337.0,6.170178493941465,100416.14919832018,0.0
2024-01-03,OTKAR,Completed,False,-257.0,416.9588915092783,100631.34353314887,0.0
2024-01-03,BRSAN,Completed,True,153.0,680.0,104040.0,0.0
2024-01-03,ANSGR,Completed,True,6925.0,14.44019125260524,99998.32442429129,0.0
2024-01-03,TTRAK,Completed,True,167.0,597.8548926999266,99841.76708088774,0.0
2024-01-03,CCOLA,Completed,True,199.0,502.37855260512407,99973.33196841969,0.0
2024-01-03,DOAS,Completed,True,560.0,178.49142387265067,99955.19736868437,0.0
2024-01-03,AKBNK,Completed,True,3013.0,33.18900001972888,99998.45705944311,0.0
2024-01-03,GARAN,Completed,True,1916.0,51.94622381201088,99528.96482381284,0.0
2024-01-03,YKBNK,Completed,True,5280.0,18.918538631535608,99889.883974508,0.0
2024-01-10,BRSAN,Completed,False,-153.0,598.0,104040.0,0.0
2024-02-02,CCOLA,Completed,False,-199.0,536.0629180520502,99973.33196841969,0.0
2024-02-02,DOAS,Completed,False,-560.0,194.94064712181677,99955.19736868437,0.0
2024-02-02,TUPRS,Completed,False,-902.0,118.63519287109376,100531.91526582799,0.0
2024-02-02,BRSAN,Completed,True,159.0,632.5,100567.5,0.0
2024-02-02,AKCNS,Completed,True,577.0,175.60187106662326,101322.27960544162,0.0
2024-02-02,BIMAS,Completed,True,558.0,180.39101781281823,100658.18793955258,0.0
2024-02-02,TKNSA,Completed,True,2531.0,40.09999847412109,101493.09613800047,0.0
2024-02-15,MGROS,Completed,False,-300.0,433.1320165428941,102809.35250522102,0.0
2024-02-27,TKNSA,Completed,False,-2531.0,53.45000076293945,101493.09613800047,0.0
2024-02-29,AKCNS,Completed,False,-577.0,154.47177034534016,101322.27960544162,0.0
2024-03-04,AKBNK,Completed,False,-3013.0,36.71317362650596,99998.45705944311,0.0
2024-03-04,BIMAS,Completed,False,-558.0,182.54422217975036,100658.18793955258,0.0
2024-03-04,MGROS,Completed,True,214.0,469.7816419963596,100533.27138722096,0.0
2024-03-04,TKNSA,Completed,True,2025.0,49.36000061035156,99954.00123596191,0.0
2024-03-04,ANELE,Completed,True,6116.0,16.350000381469727,99996.60233306885,0.0
2024-03-04,CCOLA,Completed,True,167.0,596.6947897886619,99648.02989470653,0.0
2024-03-04,CLEBI,Completed,True,82.0,1223.0499568665657,100290.09646305839,0.0
2024-03-08,TTRAK,Completed,False,-167.0,771.9460615493927,99841.76708088774,0.0
2024-03-18,CCOLA,Completed,False,-167.0,536.5441501376865,99648.02989470653,0.0
2024-03-22,YKBNK,Completed,False,-5280.0,24.841363466573,99889.883974508,0.0
2024-03-25,MGROS,Completed,False,-214.0,415.9971116885301,100533.27138722096,0.0
2024-03-25,TKNSA,Completed,False,-2025.0,42.02000045776367,99954.00123596191,0.0
2024-04-01,CLEBI,Completed,False,-82.0,1586.585452861686,100290.09646305839,0.0
2024-04-02,GARAN,Completed,False,-1916.0,64.74307827846464,99528.96482381284,0.0
2024-04-02,TTRAK,Completed,True,119.0,836.2756687581473,99516.80458221953,0.0
2024-04-02,CLEBI,Completed,True,57.0,1807.629587544364,103034.88649002876,0.0
2024-04-02,AKENR,Completed,True,7158.0,14.859999656677246,106367.87754249573,0.0
2024-04-02,DOAS,Completed,True,447.0,223.9892538265306,100123.19646045918,0.0
2024-04-02,YKBNK,Completed,True,3671.0,27.294831472082283,100199.32633401405,0.0
2024-04-02,CCOLA,Completed,True,173.0,588.0330442914153,101729.71666241485,0.0
2024-04-02,AKBNK,Completed,True,2207.0,45.47549958048454,100364.42757412938,0.0
2024-04-04,CLEBI,Completed,False,-57.0,1619.4680520559998,103034.88649002876,0.0
2024-04-08,ANSGR,Completed,False,-6925.0,18.3174398602663,99998.32442429129,0.0
2024-04-16,AKENR,Completed,False,-7158.0,20.81999969482422,106367.87754249573,0.0
2024-04-16,ANELE,Completed,False,-6116.0,21.299999237060547,99996.60233306885,0.0
2024-04-22,AKBNK,Completed,False,-2207.0,59.66408855982016,100364.42757412938,0.0
2024-05-03,DOAS,Completed,False,-447.0,226.86366138490973,100123.19646045918,0.0
2024-05-03,ANSGR,Completed,True,4859.0,20.693816621424787,100551.25496350304,0.0
2024-05-03,AKENR,Completed,True,5200.0,19.11000061035156,99372.00317382811,0.0
2024-05-03,CLEBI,Completed,True,58.0,1712.36739103869,99317.30868024401,0.0
2024-05-03,AKBNK,Completed,True,1814.0,55.49375694558604,100665.67509929308,0.0
2024-05-03,ANHYT,Completed,True,1858.0,54.203284145386746,100709.70194212858,0.0
2024-05-03,ANELE,Completed,True,4703.0,23.3799991607666,109956.13605308533,0.0
2024-05-08,ANELE,Completed,False,-4703.0,20.700000762939453,109956.13605308533,0.0
2024-05-13,BRSAN,Completed,False,-159.0,568.0,100567.5,0.0
2024-05-14,AKENR,Completed,False,-5200.0,17.18000030517578,99372.00317382811,0.0
2024-05-20,CCOLA,Completed,False,-173.0,743.9437251034461,101729.71666241485,0.0
2024-05-21,YKBNK,Completed,False,-3671.0,34.540000915527344,100199.32633401405,0.0
2024-05-23,ANHYT,Completed,False,-1858.0,71.38968562508771,100709.70194212858,0.0
2024-06-03,ANSGR,Completed,False,-4859.0,26.378932926982632,100551.25496350304,0.0
2024-06-04,ANSGR,Completed,True,3717.0,27.061145519600917,100586.27789635661,0.0
2024-06-04,ANHYT,Completed,True,1169.0,85.57949332054658,100042.42769171894,0.0
2024-06-04,GARAN,Completed,True,993.0,100.65995801749352,99955.33831137107,0.0
2024-06-04,AKENR,Completed,True,6596.0,15.18000030517578,100127.28201293944,0.0
2024-06-04,ISCTR,Completed,True,6412.0,15.593575850941363,99986.00835623602,0.0
2024-06-04,YKBNK,Completed,True,3041.0,32.880001068115234,99988.08324813843,0.0
2024-06-04,CCOLA,Completed,True,129.0,770.626483386076,99410.8163568038,0.0
2024-06-14,ANHYT,Completed,False,-1169.0,117.22010744002692,100042.42769171894,0.0
2024-06-21,CLEBI,Completed,False,-58.0,2251.867286712525,99317.30868024401,0.0
2024-06-24,ANSGR,Completed,False,-3717.0,23.991183244801785,100586.27789635661,0.0
2024-07-02,ISCTR,Completed,False,-6412.0,14.459497818806424,99986.00835623602,0.0
2024-07-02,YKBNK,Completed,False,-3041.0,32.58000183105469,99988.08324813843,0.0
2024-07-02,ANHYT,Completed,True,937.0,106.64386003467536,99925.2968524908,0.0
2024-07-02,ANSGR,Completed,True,4353.0,23.036086580026552,100276.08488285558,0.0
2024-07-02,CLEBI,Completed,True,44.0,2261.349048051678,99499.35811427383,0.0
2024-07-02,AEFES,Completed,True,4200.0,23.90722340695729,100410.33830922062,0.0
2024-07-02,ULKER,Completed,True,650.0,154.09344548192516,100160.73956325135,0.0
2024-07-08,AKENR,Completed,False,-6596.0,13.40999984741211,100127.28201293944,0.0
2024-07-23,TTRAK,Completed,False,-119.0,746.933799304752,99516.80458221953,0.0
2024-07-29,CLEBI,Completed,False,-44.0,2005.347218879591,99499.35811427383,0.0
2024-07-31,ANHYT,Completed,False,-937.0,93.42354151520554,99925.2968524908,0.0
2024-08-02,CCOLA,Completed,False,-129.0,74.435516348161,99410.8163568038,0.0
2024-08-02,ANHYT,Completed,True,953.0,104.88115244752734,99951.73828249356,0.0
2024-08-02,BIMAS,Completed,True,340.0,293.8400013203524,99905.60044891982,0.0
2024-08-02,BANVT,Completed,True,308.0,322.0,99176.0,0.0
2024-08-02,CLEBI,Completed,True,49.0,2015.776830264889,98773.06468297956,0.0
2024-08-06,ANSGR,Completed,False,-4353.0,21.023554566625624,100276.08488285558,0.0
2024-08-07,ANHYT,Completed,False,-953.0,93.86422076557956,99951.73828249356,0.0
2024-08-09,BIMAS,Completed,False,-340.0,264.3120126107607,99905.60044891982,0.0
2024-08-21,BANVT,Completed,False,-308.0,410.0,99176.0,0.0
2024-08-23,CLEBI,Completed,False,-49.0,1794.8568436964897,98773.06468297956,0.0
2024-08-26,ULKER,Completed,False,-650.0,136.78684997558594,100160.73956325135,0.0
2024-09-03,ANHYT,Completed,True,1099.0,93.33540808658032,102575.61348715177,0.0
2024-09-03,BANVT,Completed,True,281.0,355.25,99825.25,0.0
2024-09-03,ANSGR,Completed,True,5587.0,17.964963682260247,100370.252092788,0.0
2024-09-03,AKENR,Completed,True,7886.0,12.699999809265137,100152.19849586487,0.0
2024-09-03,CLEBI,Completed,True,54.0,1839.4200747237248,99328.68403508114,0.0
2024-09-03,YKBNK,Completed,True,3024.0,33.02000045776367,99852.48138427734,0.0
2024-09-03,ULKER,Completed,True,706.0,142.15467231860433,100361.19865693465,0.0
2024-09-05,AEFES,Completed,False,-4200.0,21.045437539930013,100410.33830922062,0.0
2024-09-11,YKBNK,Completed,False,-3024.0,29.559999465942383,99852.48138427734,0.0
2024-10-02,ULKER,Completed,False,-706.0,121.70142890958988,100361.19865693465,0.0
2024-10-02,ULKER,Completed,False,-706.0,121.70142890958988,-85921.20881017046,0.0
2024-10-02,YKBNK,Completed,True,3431.0,29.100000381469727,99842.10130882263,0.0
2024-10-02,AEFES,Completed,True,5271.0,18.970398754591315,99992.97183545082,0.0
2024-10-02,TTKOM,Completed,True,2042.0,48.81999969482422,99690.43937683105,0.0
2024-10-03,CLEBI,Completed,False,-54.0,1619.44821396315,99328.68403508114,0.0
2024-10-04,AKBNK,Completed,False,-1814.0,49.42783314837938,100665.67509929308,0.0
2024-10-08,TTKOM,Completed,False,-2042.0,43.7599983215332,99690.43937683105,0.0
2024-10-11,YKBNK,Completed,False,-3431.0,25.959999084472656,99842.10130882263,0.0
2024-10-14,AKENR,Completed,False,-7886.0,11.350000381469728,100152.19849586487,0.0
2024-10-14,BANVT,Completed,False,-281.0,318.75,99825.25,0.0
2024-10-22,ANHYT,Completed,False,-1099.0,82.05406835633738,102575.61348715177,0.0
2024-11-04,AEFES,Completed,False,-5271.0,18.78354535216797,99992.97183545082,0.0
2024-11-04,ANSGR,Completed,False,-5587.0,18.999655784476683,100370.252092788,0.0
2024-11-04,DOCO,Completed,True,55.0,5298.878704492468,-125746.5994839132,0.0
2024-11-04,GARAN,Completed,False,-993.0,97.50854349006384,99955.33831137107,0.0
2024-11-04,ULKER,Completed,True,706.0,113.0018589189542,-85921.20881017046,0.0
2025-02-04,ANHYT,Completed,True,1140.0,87.65066641122829,99921.75970880025,0.0
2025-02-04,AKENR,Completed,True,7235.0,13.859999656677246,100277.09751605988,0.0
2025-02-04,GARAN,Completed,True,865.0,116.0462875366211,100380.03871917725,0.0
2025-02-04,ANSGR,Completed,True,4079.0,24.377772721093528,99436.9349293405,0.0
2025-02-04,BANVT,Completed,True,348.0,289.25,100659.0,0.0
2025-02-04,CLEBI,Completed,True,54.0,1817.6124823957216,98151.07404936897,0.0
2025-02-04,AKBNK,Completed,True,1653.0,60.89622569944828,100661.46108118801,0.0
2025-02-04,TSKB,Completed,True,7718.0,12.99414209352,100288.78867778736,0.0
2025-02-04,VAKBN,Completed,True,3796.0,26.440000534057617,100366.24202728271,0.0
2025-02-04,TRGYO,Completed,True,1938.0,51.71273976388712,100219.28966241324,0.0
2025-02-19,TSKB,Completed,False,-7718.0,11.734797911515551,100288.78867778736,0.0
2025-02-24,TRGYO,Completed,False,-1938.0,46.420368771436735,100219.28966241324,0.0
2025-02-26,AKENR,Completed,False,-7235.0,12.100000381469728,100277.09751605988,0.0
2025-03-04,AKBNK,Completed,False,-1653.0,69.1894872972963,100661.46108118801,0.0
2025-03-04,ANHYT,Completed,False,-1140.0,89.36931285076761,99921.75970880025,0.0
2025-03-04,ANSGR,Completed,False,-4079.0,23.741039507995016,99436.9349293405,0.0
2025-03-04,BANVT,Completed,False,-348.0,267.5,100659.0,0.0
2025-03-04,CLEBI,Completed,False,-54.0,1962.6802266192492,98151.07404936897,0.0
2025-03-04,GARAN,Completed,False,-865.0,127.16894157895148,100380.03871917725,0.0
2025-03-04,VAKBN,Completed,False,-3796.0,27.200000762939453,100366.24202728271,0.0
2025-07-02,ASELS,Completed,True,674.0,148.8104013794951,100298.2105297797,0.0
2025-07-02,SNGYO,Completed,True,22988.0,4.349999904632568,99997.79780769348,0.0
2025-07-02,EKGYO,Completed,True,5602.0,17.8700008392334,100107.7447013855,0.0
2025-07-02,SELEC,Completed,True,1080.0,92.54228419656096,99945.66693228584,0.0
2025-07-02,TKFEN,Completed,True,915.0,109.78190877686662,100450.44653083295,0.0
2025-07-02,ALBRK,Completed,True,12619.0,7.933916106647254,100118.0873497817,0.0
2025-07-02,GARAN,Completed,True,759.0,131.67873304807782,99944.15838349106,0.0
2025-07-02,TRGYO,Completed,True,1495.0,66.83249514141635,99914.58023641743,0.0
2025-07-02,ANSGR,Completed,True,4519.0,22.231570303531274,100464.46620165782,0.0
2025-07-02,CIMSA,Completed,True,2014.0,49.289197907695325,99268.44458609838,0.0
2025-08-01,ASELS,Completed,False,-674.0,187.76076932102853,100298.2105297797,0.0
2025-08-04,CIMSA,Completed,False,-2014.0,50.37248213871701,99268.44458609838,0.0
2025-08-04,ASELS,Completed,True,542.0,186.0629344061511,100846.1104481339,0.0
2025-08-04,HALKB,Completed,True,3548.0,28.299999237060547,100408.39729309082,0.0
2025-09-02,ANSGR,Completed,False,-4519.0,21.1561935632423,100464.46620165782,0.0
2025-09-02,SELEC,Completed,False,-1080.0,86.8205810325549,99945.66693228584,0.0
2025-09-02,SKBNK,Completed,True,12594.0,8.029999732971191,101129.81663703918,0.0
2025-09-02,VAKBN,Completed,True,3465.0,28.920000076293945,100207.80026435852,0.0
2025-09-03,TKFEN,Completed,False,-915.0,98.88334022483616,100450.44653083295,0.0
2025-09-04,HALKB,Completed,False,-3548.0,24.57999992370605,100408.39729309082,0.0
2025-09-12,SKBNK,Completed,False,-12594.0,6.920000076293945,101129.81663703918,0.0
2025-09-30,VAKBN,Completed,False,-3465.0,25.8799991607666,100207.80026435852,0.0
2025-10-02,ECILC,Completed,True,1162.0,86.30084591303186,100281.58295094303,0.0
2025-10-02,SKBNK,Completed,True,14471.0,6.909999847412109,99994.60779190063,0.0
2025-10-02,HALKB,Completed,True,3453.0,29.100000381469727,100482.30131721497,0.0
2025-10-02,TRCAS,Completed,True,2826.0,35.287423754019564,99722.25952885929,0.0
2025-10-07,HALKB,Completed,False,-3453.0,25.940000534057617,100482.30131721497,0.0
2025-10-15,GARAN,Completed,False,-759.0,115.53126224769802,99944.15838349106,0.0
2025-10-17,ECILC,Completed,False,-1162.0,110.49643539390664,100281.58295094303,0.0
2025-11-04,ECILC,Completed,True,1161.0,86.10493755010492,99967.83249567181,0.0
2025-11-04,ANHYT,Completed,True,1047.0,95.46359272161254,99950.38157952833,0.0
2025-11-04,HALKB,Completed,True,3684.0,27.100000381469727,99836.40140533447,0.0
2025-11-28,HALKB,Completed,False,-3684.0,34.41999816894531,99836.40140533447,0.0
2025-12-02,ANHYT,Completed,False,-1047.0,89.72457823042188,99950.38157952833,0.0
2025-12-02,HALKB,Completed,True,2552.0,39.880001068115234,101773.76272583008,0.0
2025-12-02,GARAN,Completed,True,728.0,137.15733570615683,99850.54039408217,0.0
2025-12-17,HALKB,Completed,False,-2552.0,34.900001525878906,101773.76272583008,0.0
2026-01-05,ALBRK,Completed,False,-12619.0,7.92420482635498,100118.0873497817,0.0
2026-01-05,TRGYO,Completed,False,-1495.0,70.48999710083008,99914.58023641743,0.0
2026-01-05,HALKB,Completed,True,2594.0,38.540000915527344,99972.76237487793,0.0
2026-01-05,AKSEN,Completed,True,1451.0,68.9000015258789,99973.9022140503,0.0
2026-01-05,VAKBN,Completed,True,3156.0,32.0,100992.0,0.0
2026-01-06,ASELS,Completed,False,-542.0,240.0,100846.1104481339,0.0
2026-01-19,EKGYO,Completed,False,-5602.0,23.07999992370605,100107.7447013855,0.0
2026-01-23,ECILC,Completed,False,-1161.0,119.2146786131966,99967.83249567181,0.0
2026-01-29,TRCAS,Completed,False,-2826.0,45.14381700565984,99722.25952885929,0.0
2026-02-02,SKBNK,Completed,False,-14471.0,8.899999618530273,99994.60779190063,0.0
2026-02-03,AKSEN,Completed,False,-1451.0,73.5999984741211,99973.9022140503,0.0
2026-02-03,GARAN,Completed,False,-728.0,154.65041508192874,99850.54039408217,0.0
2026-02-03,VAKBN,Completed,False,-3156.0,36.29999923706055,100992.0,0.0
2026-02-03,ASELS,Completed,True,333.0,304.25,101315.25,0.0
2026-02-03,ECILC,Completed,True,886.0,113.53312953791392,100590.35277059174,0.0
2026-02-03,SKBNK,Completed,True,11389.0,8.899999618530273,101362.09565544128,0.0
2026-02-03,EKGYO,Completed,True,3993.0,25.239999771118164,100783.31908607483,0.0
2026-02-03,ANHYT,Completed,True,901.0,110.95426101097513,99969.78917088859,0.0
2026-02-03,TUPRS,Completed,True,453.0,222.57275013351895,100825.45581048408,0.0
2026-02-03,GUBRF,Completed,True,206.0,493.5,101661.0,0.0
2026-02-03,AKBNK,Completed,True,1134.0,88.12553903365958,99934.36126416996,0.0
2026-02-16,HALKB,Completed,False,-2594.0,49.59999847412109,99972.76237487793,0.0
2026-02-19,SKBNK,Completed,False,-11389.0,11.40999984741211,101362.09565544128,0.0
2026-03-03,EKGYO,Completed,False,-3993.0,22.459999084472656,100783.31908607483,0.0
2026-03-03,AKBNK,Completed,False,-1134.0,79.21125215283814,99934.36126416996,0.0
2026-03-03,ANHYT,Completed,False,-901.0,104.5153723957396,99969.78917088859,0.0
2026-03-03,SNGYO,Completed,False,-22988.0,4.349999904632568,99997.79780769348,0.0
2026-03-03,TUPRS,Completed,False,-453.0,221.42001852481923,100825.45581048408,0.0
2026-03-03,SKBNK,Completed,True,8928.0,11.199999809265137,99993.59829711914,0.0
2026-03-03,HALKB,Completed,True,2016.0,49.84000015258789,100477.44030761719,0.0
2026-03-03,VAKBN,Completed,True,2539.0,39.380001068115234,99985.82271194458,0.0
2026-03-03,TRCAS,Completed,True,2280.0,45.10567237641639,102840.93301822938,0.0
2026-03-03,AYGAZ,Completed,True,419.0,239.10179213957522,100183.65090648201,0.0
2026-03-03,TRGYO,Completed,True,1307.0,76.47499921562422,99952.82397482086,0.0
2026-03-05,HALKB,Completed,False,-2016.0,42.900001525878906,100477.44030761719,0.0
2026-03-05,VAKBN,Completed,False,-2539.0,35.540000915527344,99985.82271194458,0.0
2026-03-17,TRCAS,Completed,False,-2280.0,39.59381661787404,102840.93301822938,0.0
2026-04-02,TUPRS,Completed,True,394.0,260.0,102440.0,0.0
2026-04-02,AKSEN,Completed,True,1273.0,77.94999694824219,99230.3461151123,0.0
2026-04-02,HALKB,Completed,True,2757.0,35.29999923706055,97322.09789657593,0.0
2026-04-02,ANHYT,Completed,True,892.0,110.9000015258789,98922.80136108398,0.0
2026-04-13,ASELS,Completed,False,-333.0,398.75,101315.25,0.0
2026-04-15,ECILC,Completed,False,-886.0,97.8108939849776,100590.35277059174,0.0
2026-05-05,ANHYT,Completed,False,-892.0,110.4000015258789,98922.80136108398,0.0
2026-05-05,ASELS,Completed,True,231.0,432.75,99965.25,0.0
2026-05-05,ECILC,Completed,True,1213.0,82.82334934597503,100464.72275666772,0.0
2026-05-05,BIMAS,Completed,True,273.0,365.5,99781.5,0.0
2026-05-07,TRGYO,Completed,False,-1307.0,96.89999706340284,99952.82397482086,0.0
2026-05-08,SKBNK,Completed,False,-8928.0,14.34000015258789,99993.59829711914,0.0
2026-05-12,GUBRF,Completed,False,-206.0,611.0,101661.0,0.0
2026-05-22,ASELS,Completed,False,-231.0,370.5,99965.25,0.0
