simulation,sharpe,max_drawdown
1,1.6954968926620129,-0.15016479201445332
2,1.045250613890017,-0.23886612959029863
3,1.4921440504669168,-0.27514029069180934
4,1.9334390796570453,-0.20828309209300588
5,1.0409141382489266,-0.18578791218227142
6,1.4693878529059445,-0.13700609393964702
7,1.2296806408876255,-0.2757429269307079
8,0.9370318928223902,-0.20333462273883263
9,0.9527315023958496,-0.424197562363241
10,1.779370525482083,-0.154475651600108
11,1.3577313172517924,-0.41316198952359373
12,1.55869847354139,-0.19451109338929706
13,1.2632105220578496,-0.13003632367768858
14,0.8457827062731099,-0.5106406253742417
15,0.8137205025062529,-0.2909558977719957
16,0.9559186543377967,-0.29765195396409727
17,0.8832890011941513,-0.31482612368142404
18,1.4831545472985463,-0.27514029069180934
19,1.2406645670589131,-0.17795258168487682
20,1.0030272997331886,-0.2964616131107495
21,1.5006972092417405,-0.2850749213370264
22,0.7179747185223901,-0.3731900513161237
23,1.3760157935128512,-0.2869699674210182
24,1.366691917692699,-0.17062138417164086
25,1.5644490455690647,-0.22508860246360896
26,1.2207876804004436,-0.21039377516163882
27,1.806154086859785,-0.2302939582272564
28,1.2534871839885238,-0.18652314109314583
29,1.2562037646591342,-0.23076619516077346
30,1.6443632414041625,-0.14135283723709158
31,0.9948831946383841,-0.15238250763691075
32,1.853480454294859,-0.21055501150216405
33,1.324600819740956,-0.1358967781918199
34,1.1622165973131013,-0.2510848240258424
35,1.372470805512086,-0.21137925562001925
36,1.5797964896137566,-0.23833688477546278
37,1.0961559935928773,-0.3081673662487595
38,0.09947153959718687,-0.6100194202377902
39,1.515275153431484,-0.3784778247421996
40,1.0758256853222783,-0.32098175564457443
41,1.3810963953026492,-0.2677186853230652
42,1.3973606037550945,-0.28508106719637716
43,0.6403419607309947,-0.2847737887164432
44,1.22765461950038,-0.18210123617321472
45,1.2712823286138473,-0.3614048815182094
46,1.329227162374297,-0.18381387559421059
47,0.8384725755964405,-0.2646143149429351
48,1.2838097428936055,-0.1808654687843263
49,1.24665397956674,-0.2439960621827837
50,1.5728163033067737,-0.25729247215659357
51,1.955156010696188,-0.09716377903377749
52,1.478665163349267,-0.2752937128301798
53,0.32253400128292603,-0.39206912051889486
54,1.3932002444093636,-0.16833790996315123
55,0.36777990588853515,-0.24394828202483243
56,1.699688924513714,-0.09551734534007084
57,1.1804840949495785,-0.24057799923390377
58,1.8247550524088223,-0.1230161794938831
59,1.1749515540950333,-0.2025182399495956
60,1.3903863073279432,-0.2633283837573055
61,1.159913430043883,-0.2172174678473454
62,1.268967904050157,-0.23813818780665508
63,1.1013597201734089,-0.35928852932342115
64,0.8344139810513153,-0.395706647259744
65,0.5064255990858136,-0.33962040090564194
66,0.9402419373427695,-0.20401961145518122
67,1.4302492442246595,-0.27334630235837176
68,1.2739952906662992,-0.23010933534097633
69,1.111685157595638,-0.2668084020159851
70,1.3610362065406063,-0.20986616385625556
71,1.326440145264796,-0.21712264459725095
72,1.7089845919450282,-0.1455713081341099
73,1.5825347545526105,-0.17403745170910057
74,1.822343126883274,-0.23744905772671487
75,1.1919966708461815,-0.18180646366209208
76,0.72832299087373,-0.3641393350619081
77,0.9680550130784287,-0.3265133315267421
78,1.415258340421992,-0.31013705061146857
79,0.8918221231487119,-0.37801374095322393
80,1.0751334469772618,-0.23690585288628396
81,0.7166461003943086,-0.3718705796016005
82,0.9339967613455958,-0.31233241159639724
83,1.1471587121534235,-0.25333242698741365
84,-0.3197727443942425,-0.6658424340036893
85,0.7921690097774985,-0.40325629160290133
86,1.4931086253926387,-0.19869443473539083
87,0.7833704646360671,-0.5048189862964159
88,1.4324601803998525,-0.30769219558831984
89,0.7447531921416874,-0.3849703656416662
90,1.4054117506208144,-0.2529424010159905
91,0.938904727001164,-0.21747578685008528
92,1.422691138586631,-0.1350451489836243
93,1.3136620068868152,-0.18774966149168193
94,0.9450893392803867,-0.2900294585420278
95,1.6445017531388229,-0.1811874320894311
96,1.0457517063558222,-0.2709912444253887
97,1.406639103743729,-0.2794697049842556
98,1.8771215817804805,-0.3258321850792272
99,1.3378705864213514,-0.33757705018500184
100,1.615655737614359,-0.23307105051912824
101,0.5598029181464237,-0.37595109951453687
102,1.6317329266152851,-0.16324425446974045
103,1.7788881632049267,-0.27545930181346834
104,1.299133405918212,-0.263204153048344
105,1.880108729646031,-0.2166459819931894
106,1.6828129352066676,-0.2040196114551811
107,1.9444695129162326,-0.16599259867074334
108,1.4095875040632344,-0.12261211324319832
109,2.1016682170011625,-0.17302765694035072
110,0.8748624705987622,-0.23946370765411507
111,1.3745187156234266,-0.3305593370948685
112,1.37123394881472,-0.19595870903622903
113,1.9110327599338548,-0.20234799377482504
114,1.871817391726234,-0.17118083667759132
115,1.9253757451645979,-0.1577932690182734
116,1.8681242847064303,-0.16310013635299414
117,1.0209901924175941,-0.24525572655511652
118,1.8713629564645404,-0.1853982373574239
119,1.6669951650041073,-0.21904482345943554
120,0.7224743452285941,-0.4361724673498034
121,1.4822502572950202,-0.326282307399836
122,1.3120638744374598,-0.22271172013445784
123,1.217472825112642,-0.1963042042034815
124,1.9884284526475922,-0.1835933267128571
125,1.2681836614472897,-0.4387819460112008
126,1.8538235866501294,-0.16251770607051208
127,0.6794357716270688,-0.3373217139108373
128,0.8811951841408068,-0.2571008943639689
129,1.5454878094289668,-0.18180646366209197
130,1.3880214059159866,-0.18180646366209208
131,1.5462309795614997,-0.2874696443256133
132,1.077046273239921,-0.28021852737342356
133,1.3335371855758764,-0.15719059262505475
134,1.3208001916853296,-0.25679273422506044
135,1.2709141951019987,-0.2628276770672533
136,1.015323376187481,-0.476896515517533
137,1.444585947772645,-0.17403745170910068
138,1.1651494112312326,-0.29400041464898863
139,0.9113708537419262,-0.3660485092656818
140,1.4856507443025797,-0.2601099718608664
141,0.929232683553346,-0.32522498990175874
142,1.2013071672904023,-0.2912345158678731
143,0.8333372476295726,-0.2199112678737648
144,0.6191128686564594,-0.2964732375391197
145,1.6186889166064167,-0.19908943010251523
146,1.7903051599830626,-0.11407304370487115
147,0.996482291727503,-0.3615250346206538
148,1.8751111762407573,-0.35984154203194274
149,2.026529955638204,-0.16116142378775278
150,2.360204328708744,-0.142312078995254
151,2.0063193061838365,-0.11342647310207732
152,1.4176798087512545,-0.27588613039800436
153,1.2171965232871151,-0.19368245976670573
154,1.7954537336399299,-0.2777929664129978
155,0.4077158259614116,-0.47079971030771917
156,0.8301212504587856,-0.34504880928106485
157,0.9556445506392952,-0.33952346789406895
158,1.292406590050157,-0.44245243728894
159,1.665352573490469,-0.2119426087922308
160,1.4125729624829317,-0.1930706142483095
161,1.5268371619695362,-0.19945925687971644
162,1.1747529810569244,-0.2488676524852791
163,1.4539679171214737,-0.25999670040648637
164,1.9365926907315894,-0.23749852096918345
165,1.2106671325584255,-0.3081669441594369
166,1.241310795553899,-0.2798270364024643
167,1.6779892092916198,-0.27644445598884004
168,1.0526078823121523,-0.2968675460012178
169,0.6796512522684472,-0.3135200774166702
170,1.1721292683683406,-0.24420838810765755
171,0.8071436270612776,-0.2763258617280614
172,0.24471166313445314,-0.5266270527203918
173,1.2963000860347063,-0.3312419308860951
174,1.4309348564279458,-0.19869443473539083
175,1.6671388639901379,-0.22271172013445784
176,1.6926367883023252,-0.18245185992607282
177,1.3524108199905025,-0.31664787550339313
178,1.096908401695607,-0.26844895680268177
179,0.8088605743623122,-0.36652102441940704
180,2.263265584310807,-0.18829450655782975
181,2.008091574751513,-0.29801715167887743
182,1.2756740423408124,-0.227671407239583
183,0.8020405907395958,-0.2917451809599456
184,1.6286593220580718,-0.22289852329292226
185,1.6409061155856197,-0.2769136949616735
186,1.4887874452532568,-0.286728761638849
187,1.6014119980637864,-0.21323706164247191
188,0.9814224234749847,-0.31906771191946326
189,0.24699357302235475,-0.5459494383442368
190,0.8952523805745619,-0.2840401514993879
191,1.570755205378654,-0.1652739446943683
192,0.3448825018945077,-0.43662489183576514
193,0.9127754559825705,-0.3418068451864641
194,1.4813317412217888,-0.22836129890067336
195,1.3039975874759646,-0.24496821990114082
196,1.427621623193451,-0.3097781210158542
197,1.0026831871427755,-0.32521387452229533
198,1.5991757237944666,-0.20770329572390722
199,1.0109413447015791,-0.47980593894572277
200,-0.06466175614464079,-0.6116706798995803
201,1.8683661683425428,-0.18180646366209208
202,0.5998197157932806,-0.2511962764682132
203,1.3212068662506469,-0.24456077171943857
204,0.9042360640985894,-0.24913741699015213
205,1.3416013928808623,-0.21340409064320787
206,1.0724182378062481,-0.21350082602143317
207,1.1340756541227168,-0.24318947554209802
208,0.8419606273644307,-0.3804007003938732
209,-0.05334483252450166,-0.42814804357144887
210,1.534279288258923,-0.1674510051698801
211,1.2704119673522434,-0.17056147415860645
212,2.93208850901933,-0.09551734534007084
213,1.0666327265107491,-0.28740044830762146
214,1.3831573842945486,-0.39164978452785404
215,1.116261496862513,-0.23537001618696451
216,1.4215205982604686,-0.2466385492880644
217,2.181353687126557,-0.15349015019661483
218,0.5196261031657499,-0.2680282856695867
219,1.4072000655392403,-0.1819796406235562
220,1.0936785588110534,-0.30863796891615713
221,1.0225998524172848,-0.2752957509150358
222,0.8485783462661945,-0.2918298324587365
223,1.4597442864684724,-0.3054358960179865
224,1.5412280136467678,-0.26671748927991556
225,1.5238636852986671,-0.22550534415427737
226,0.5778590178655301,-0.39011178438071203
227,1.5010574286420335,-0.29786393112785103
228,1.8972716591761547,-0.21215745144256615
229,1.4169387272131333,-0.21983955105000252
230,1.411511609990669,-0.1893138755129392
231,1.7872879261689782,-0.15856687273165593
232,1.4224707294586245,-0.2195060335724096
233,1.1470787557363251,-0.22559043194159534
234,0.9469078346905992,-0.4126696365683279
235,1.5238042109730416,-0.24618854490603148
236,0.6841161031269639,-0.266637884016128
237,1.65605560198374,-0.18774966149168182
238,0.8753242915147622,-0.3630861367124365
239,1.6066493341681236,-0.22673344130842255
240,0.7569538776029082,-0.3633055722020231
241,1.428511407300715,-0.21232346093300458
242,1.3545309384574815,-0.2646512504522299
243,1.3404064538637699,-0.3705642599185903
244,1.1468581129215496,-0.2568113804663501
245,1.4142790389204691,-0.2729486786043217
246,1.3283183488943253,-0.236859914858897
247,0.47903955895874584,-0.3423332817069953
248,1.2521342663200674,-0.3535488836820938
249,0.6690103271344042,-0.3210364527614068
250,0.8597250794432404,-0.21695568666106357
251,0.8507921192374437,-0.33136534985238697
252,1.5971788072577457,-0.3178965752937939
253,1.4818669795186792,-0.17448104818182342
254,1.4711137513698855,-0.35133739508998285
255,1.198325167830922,-0.40174749969820855
256,1.693181469947143,-0.22686992119069138
257,1.4833254413630514,-0.22842353181960307
258,2.3751621449546905,-0.17027207507331987
259,2.106338952458336,-0.11407304370487115
260,1.2492084565398995,-0.31888904433901943
261,0.7391851437102721,-0.3788363139832476
262,1.4585520219773227,-0.200423335969782
263,1.095045404079615,-0.30180515884293013
264,1.5012911638492787,-0.2545886552702826
265,1.8152656752718828,-0.18180646366209208
266,0.8581671377908429,-0.3780562661576833
267,0.858173327081416,-0.3640277535428026
268,1.6589440287008583,-0.18113539056795314
269,0.35720544050273983,-0.3903236216969861
270,1.351742388023655,-0.16669134405731023
271,1.410100378831452,-0.19159782380966983
272,0.868811908305326,-0.44622143664683556
273,1.5221234476128553,-0.19077438578940775
274,1.06861224098116,-0.16063900523962094
275,0.8334483353659659,-0.3540297487080015
276,1.1876127819009943,-0.2334858353486976
277,0.5619280206898102,-0.25089589236758714
278,0.7100092098511194,-0.5921523441099479
279,0.29442971225637665,-0.2653096961661524
280,0.16102392542907581,-0.46035581394851166
281,1.5248928999096294,-0.18180646366209208
282,1.049802236896518,-0.3320217725303366
283,1.3286844630357548,-0.18791408431319
284,1.5488392986581125,-0.21988015548922335
285,1.5124207061897041,-0.2876685196006834
286,0.94732959282242,-0.2718128666183346
287,1.2887269162224313,-0.22741751620120687
288,1.9224221177742382,-0.15719059262505486
289,1.8504577596694791,-0.18744541014481375
290,1.0345153828442828,-0.3506013036923217
291,1.466090962925829,-0.19282219314166604
292,1.3973856339871262,-0.18306762302003665
293,0.5526210156297777,-0.43844738151063434
294,1.735682072006115,-0.2510950404452973
295,1.6419155391856946,-0.16149535695544792
296,1.457071359091969,-0.2486621996133752
297,1.296963905653091,-0.13812508706633075
298,0.7806306923597051,-0.39133422462459755
299,0.41327727879676446,-0.31098744935658074
300,1.8202290090872293,-0.19908943010251523
301,1.3893530716031264,-0.24428255397007015
302,1.0476217410123922,-0.2351528447527227
303,2.1166908066563637,-0.11740670588823054
304,1.6628011788773858,-0.19595870903622903
305,1.8147036925676066,-0.13600023088290847
306,1.3765918427871473,-0.2304774650425555
307,1.1748395066103468,-0.23759598271319615
308,1.4399670951400383,-0.26362771855371525
309,1.9990446179327315,-0.1476992550273991
310,1.0324808989583398,-0.23800138627418033
311,1.8988254877422026,-0.1818064636620922
312,1.305416571178615,-0.21088355360264266
313,0.5146513086399321,-0.5432569680334453
314,1.0850830888537455,-0.3165683132062642
315,0.915616002811309,-0.2758535636123467
316,1.720919743014423,-0.1340311426602322
317,1.0123477062035204,-0.2361650208978694
318,1.3196186164788868,-0.2743915420607076
319,0.4487787725966067,-0.35120821390881374
320,1.1561497656600284,-0.22252193894295436
321,1.8604210020654146,-0.19047255754376302
322,1.2138742010774937,-0.26752678295945764
323,1.5387706055294825,-0.2297742486062052
324,0.9055684568599658,-0.26503187851783583
325,1.0536795950514026,-0.27353613893600537
326,1.3182641608239145,-0.1818064636620922
327,0.7912053530223829,-0.22603936378804257
328,1.0315128854385451,-0.23759598271319626
329,1.2125595284410287,-0.3701683939725745
330,0.8262103286678849,-0.22113591355464546
331,0.8810485839890938,-0.26352320670320784
332,1.0997155418432059,-0.29735116607486534
333,0.47863596520296,-0.400245437837897
334,0.8562017879589972,-0.30449178826824175
335,1.5043396984813195,-0.2625870719590345
336,1.139746691192288,-0.13600023088290847
337,2.1128590319301463,-0.16310013635299425
338,1.336097883550023,-0.22974913148419018
339,0.9942018120617038,-0.4577642108515233
340,1.535871903822368,-0.16310013635299403
341,2.0970259421522397,-0.20422916295317473
342,0.49407189774580157,-0.4689742794592018
343,0.9857074924269289,-0.3641792510199138
344,1.94559638259967,-0.17939854774746478
345,1.3975463161290707,-0.2819575363820729
346,1.0926028648069588,-0.3389816233247587
347,1.7644508428262105,-0.11424744129824638
348,0.9718189612861118,-0.4462863831582117
349,0.7557873378843206,-0.4113075082616937
350,1.3093915667511609,-0.22271172013445784
351,1.904003461897279,-0.31930465282749454
352,1.776429671466708,-0.21489582250595907
353,1.0381792655150945,-0.394108442560547
354,1.680070882305402,-0.2821391854732819
355,1.6492470666238488,-0.18733174881693548
356,0.80927929355985,-0.25613320517405214
357,2.0027322333700432,-0.17302765694035072
358,1.0789032357848922,-0.17238479549903896
359,1.3112466535324387,-0.22762550344239396
360,1.0329143734336272,-0.4122116215367433
361,2.120709588539509,-0.1630534780461954
362,0.7165549972945654,-0.29740359735780575
363,0.4906705803090666,-0.35891185773441425
364,0.7267888368563846,-0.3067705881103968
365,1.833988947858379,-0.1714747679301949
366,1.4634517458094807,-0.23591910835967733
367,1.2348456321038688,-0.2402958199532207
368,1.8671574069467953,-0.35414027476795806
369,2.0547257201933222,-0.18308143426483192
370,1.215174299220793,-0.32863240726552245
371,1.2973742170600906,-0.25469115081425286
372,-0.0011883395047500875,-0.5780634000543521
373,1.292776059716804,-0.24209378424075
374,1.3329646983258117,-0.30804039414398476
375,0.8727866773799929,-0.2745456903210205
376,1.4920004425688949,-0.17403745170910057
377,1.6080460095866143,-0.18318093322060358
378,1.0256507153548624,-0.21323706164247191
379,1.061255035463566,-0.3099040958002909
380,1.3646034373335305,-0.23369458782402053
381,1.9583922851191484,-0.1591714007439219
382,1.8482004627317388,-0.23759598271319615
383,1.3016962991556797,-0.3673264639792543
384,0.8093260285623431,-0.25531324762283547
385,1.4522721554626858,-0.402332839453599
386,1.679369165377733,-0.2257691537728833
387,1.3140610667693577,-0.22640187076209317
388,0.4638396301264308,-0.2952365859920453
389,1.3039914189654775,-0.24641506396925517
390,0.8252428448440321,-0.2821391854732819
391,1.759605256816714,-0.24303858964402347
392,0.184028596508954,-0.3850985909750394
393,1.6982035348559932,-0.1919692394962853
394,0.38826363389156193,-0.4268365324091542
395,1.6605357065452078,-0.17489463069752675
396,0.7507095084184704,-0.3019705489688851
397,1.4140534276948664,-0.19937154420285685
398,1.0769045464681084,-0.17406312940684998
399,1.2555746252210211,-0.34098330037445646
400,1.507761785349112,-0.13853973823923993
401,1.7485820706427964,-0.2816031733675043
402,2.1843415963345563,-0.11407304370487115
403,2.2296151710913676,-0.15261827129404382
404,1.1651414840355399,-0.21960587478038507
405,0.93280632719972,-0.24077016106017368
406,1.753126994319912,-0.2131193092129663
407,2.06032849904682,-0.2004619599481826
408,1.9165432106692915,-0.18180646366209208
409,1.7208826651419782,-0.13812508706633064
410,1.15791748555602,-0.21048271032568266
411,1.1407768236068316,-0.2457450351065127
412,0.8408991927541761,-0.31041879052103727
413,0.29024387818193137,-0.43548638096552683
414,1.3448883767757662,-0.2563791049382068
415,1.4376820062393287,-0.17761119524287272
416,1.2817842179957493,-0.26320263402788724
417,0.9792073780062592,-0.38252165727652365
418,1.3477688119432352,-0.3576075612813282
419,0.5294191001302003,-0.3751245961968662
420,1.3831395500359303,-0.2842198349490095
421,1.1463660841140286,-0.2503167029990233
422,1.185023522576067,-0.2860383918661148
423,0.9431342027834108,-0.41703667422175206
424,1.317066183458045,-0.25965684679116063
425,0.6393888779361176,-0.4818765236008159
426,1.7166003250196817,-0.16669134405731023
427,1.1839384002237097,-0.28135009576976777
428,1.7536527959940948,-0.2661283347332215
429,1.3995087730851923,-0.21513342810964875
430,1.1390310453809758,-0.3305593370948685
431,2.0864894163133294,-0.13068259493047363
432,1.2350345897645796,-0.42018180471309086
433,0.768891479873985,-0.1414576523618345
434,0.7791088690387931,-0.33420844144895157
435,1.5607856573582493,-0.2821391854732819
436,1.6898268672303491,-0.20426698907675522
437,1.7426809387396334,-0.2804954826161711
438,1.3590712690631193,-0.2669001558390711
439,0.7537524774354321,-0.2493653082025319
440,0.4270020527777054,-0.29898408342126326
441,1.2908074860941698,-0.21701704296640845
442,1.5279830423767757,-0.33154313732010376
443,1.0580735562955692,-0.25943034177145674
444,0.5514438463639019,-0.24436863861621938
445,1.0606051753904493,-0.2288301350370553
446,1.8406905589794635,-0.143112374127213
447,0.6992321661797463,-0.25949297965517615
448,0.6320636002678123,-0.25816113742882507
449,1.6740439624381462,-0.1709255230884692
450,1.711040545406142,-0.27649111483161215
451,0.7756246860196768,-0.40052850105168103
452,1.598905120897565,-0.2603417543099674
453,1.2276962974999364,-0.36117040082976615
454,1.247683539740032,-0.3938515963791629
455,1.6208122856473377,-0.20643145372965643
456,1.7711011401698855,-0.21178523466628263
457,1.356049184929745,-0.22017705571562152
458,0.902098908798541,-0.22166802539160935
459,1.4636393323942036,-0.1926514947224336
460,1.5014920991116327,-0.23108304244841815
461,1.4624558058988082,-0.207014779974108
462,0.9599487895081047,-0.2795038853977141
463,0.6911508305025312,-0.2770006729370873
464,1.9145875798693375,-0.24831881777548803
465,1.4537739016168107,-0.3007194466259181
466,0.5298870960571623,-0.34704111334648235
467,0.9719155988341085,-0.32893604535924204
468,1.3424451082226425,-0.30038255032048977
469,1.20050832369377,-0.31697633689897753
470,0.5224496298100338,-0.34570385416129945
471,1.7114923391951662,-0.19555322111258167
472,1.592055793119501,-0.15489353878452106
473,1.2647155390555436,-0.35079366907338094
474,2.692280919949803,-0.06558016011943424
475,0.8580444243349614,-0.3619964327512263
476,1.1094014789637385,-0.2876781463608603
477,2.2982372095049217,-0.12262712592458458
478,0.9637818732756057,-0.37807928433954774
479,1.43805690857852,-0.28842228300810824
480,1.4389307679341299,-0.21489487448419908
481,1.215620690293564,-0.31154485400844856
482,1.2753771693716027,-0.19368245976670573
483,1.5416191960643062,-0.24353173378737325
484,2.1066897618753946,-0.18180646366209208
485,1.2834289205171532,-0.179322392259057
486,1.4461470990284144,-0.22263749085351603
487,1.7562842830364922,-0.13972506714920796
488,1.247755302263567,-0.18180646366209208
489,1.6470721954629017,-0.19926911427728067
490,1.77078021314684,-0.1455713081341099
491,1.4591641920998302,-0.2652952393137775
492,0.726265689683645,-0.3632642961577227
493,1.1057851768157454,-0.5296203404998052
494,1.0603038471039905,-0.3130706911360347
495,0.7085364013668,-0.4406036654914075
496,1.7618744286784807,-0.2659134529850613
497,0.5930563507878005,-0.34683291821506224
498,1.5445441893747767,-0.12262712592458458
499,1.691718697251698,-0.25072902374156336
500,1.5984096016122882,-0.3549586765922389
501,0.6915864181746856,-0.2991248311114466
502,1.492563833120306,-0.23650756125649253
503,0.8863160574086907,-0.31131490201128964
504,0.8065763317245326,-0.3515283318319862
505,1.0261677812558456,-0.3084332733828494
506,1.7713653158268359,-0.20450092141093756
507,1.8765023596656392,-0.22544455211988657
508,1.2006472527190786,-0.3152157654769042
509,1.125424465575272,-0.2646885221151323
510,1.4574671321266965,-0.3022810902059687
511,1.291367872094211,-0.19555322111258167
512,1.1505094473949657,-0.29406715441525577
513,1.0713339893131824,-0.31400930386113024
514,1.4627806338754774,-0.47833572575617933
515,1.8893795078572446,-0.18180646366209208
516,1.3488904929883123,-0.1795286856271262
517,1.9229898022718932,-0.26108546216645234
518,0.43349435880188525,-0.2549063839901834
519,1.228847070684093,-0.3008898379042245
520,0.9130021714783109,-0.29926958246215796
521,1.6948239462619525,-0.15864895678951363
522,0.9532945858529923,-0.2697324904361855
523,1.0032504340029311,-0.18180646366209208
524,0.5116620930009038,-0.3446520861356305
525,1.7926514476041506,-0.09551734534007084
526,1.1734502239103102,-0.29842710290968555
527,1.9941224372763608,-0.0925637324123556
528,0.7245266652546558,-0.3492044836556587
529,1.540566088469129,-0.1805255101796981
530,1.1082763876626045,-0.3018655316832969
531,0.4973414742093686,-0.5307868515643335
532,0.7439628379827843,-0.3737375134073927
533,1.218515240844306,-0.24848030210602023
534,1.3818784286519334,-0.3557242460197917
535,1.1096058234440884,-0.355061375774232
536,1.7966973331824565,-0.13301667680894214
537,1.1743556450137544,-0.25620106296278833
538,0.994616511187444,-0.285785414977613
539,1.712972138562909,-0.381580181572061
540,1.2914867532628818,-0.31753276319471924
541,0.7038010570685511,-0.3527581758832472
542,1.4281488711556867,-0.1471431068300002
543,0.739913858486699,-0.43502346298735417
544,1.39124153528595,-0.22289852329292226
545,1.8924718805888996,-0.28384336764015083
546,1.1351190644741822,-0.329530536239271
547,1.1874654122630794,-0.2663047037182308
548,1.3612981728474758,-0.23759598271319626
549,1.0563696440568258,-0.326627150759642
550,1.823663459093985,-0.11407304370487104
551,1.1333600168523412,-0.2901445547562794
552,1.0845465910043768,-0.4095041433259421
553,1.6406800153087056,-0.2863948488327862
554,1.3669555841369354,-0.18912017094501699
555,1.1230882911046676,-0.25211683168600685
556,1.5037125841426635,-0.14486198389697325
557,0.7492291558019013,-0.2561055554415659
558,0.949471315571845,-0.282139185473282
559,1.0106583344799358,-0.47819950552007984
560,0.966074521702233,-0.20317037361985757
561,0.7678306733638012,-0.38156119965929003
562,1.34904736091173,-0.26250388319030504
563,1.613749430511853,-0.45180481139377615
564,1.4190720301080642,-0.22271172013445795
565,1.3254732769310453,-0.1904725575437629
566,1.3874412575057047,-0.1766698152664372
567,0.4400574470548189,-0.37480628999550303
568,0.8836660214138743,-0.3081954056398539
569,1.6503761883471197,-0.19440076378178717
570,2.207309066417042,-0.23361227196657264
571,0.9166011609103704,-0.42516056775768984
572,0.885548460139978,-0.386482502411595
573,0.9336924895690549,-0.30328626854121254
574,1.6122101225331624,-0.17163411717850052
575,1.2619928154444666,-0.30734321062623826
576,1.3986143456101439,-0.3315097848565731
577,1.8525985092015864,-0.33666949331532303
578,1.3209648624002186,-0.16598460239354607
579,0.9502886325033177,-0.5063826560320293
580,1.2459021932764787,-0.2105213746177007
581,1.267672557002859,-0.2504406271393348
582,0.8694984483183311,-0.2444883946948042
583,1.111085833841521,-0.39726237441389856
584,1.5445409402132737,-0.18180646366209197
585,1.2768466852639695,-0.423583399390562
586,1.4829211337882342,-0.18180646366209208
587,0.9940276784993348,-0.22920559364846405
588,1.3007815162545537,-0.19579866499651455
589,0.7592462794903837,-0.2821391854732819
590,0.5445850129056509,-0.3759551571430845
591,2.1505163263117186,-0.10587581465249407
592,1.967515513931176,-0.1818064636620922
593,1.4310288859531897,-0.20317037361985768
594,0.8074669638639019,-0.35120981779039373
595,0.29941984398648164,-0.5705707343047934
596,1.3363419025161443,-0.22644930400792584
597,0.6851164607567671,-0.370634133948044
598,1.6315244154584507,-0.3425630599144588
599,1.2631681329245987,-0.24380744600703408
600,0.8372790154125906,-0.3921928542669486
601,1.5034955352055472,-0.18574524215376564
602,1.0736095109291042,-0.2890319406977431
603,0.9897692634164929,-0.2201216921759307
604,1.6703971761888994,-0.2430721153587242
605,1.6776381992996374,-0.45032604483268446
606,1.6081927430306455,-0.13412364871744809
607,1.6046603155887298,-0.1912152214998335
608,1.199401993528784,-0.2039846969907515
609,1.4071592631018233,-0.19427754450009904
610,0.9207742729878087,-0.27246603715967155
611,1.0220129084076257,-0.3497607058826151
612,1.3331051360307071,-0.1583576388320801
613,1.2728872579031025,-0.2700599262134735
614,1.4148575735325946,-0.18829973563490643
615,1.5045571871402785,-0.24133691579256122
616,1.3933439486019612,-0.3526366693058104
617,1.6775626275573845,-0.18706378456899952
618,1.02458122378513,-0.38660592399086524
619,1.512283584984017,-0.22044909076495955
620,1.9134563248593044,-0.1687341195440215
621,1.7075487834632697,-0.2821391854732819
622,0.7493321050614106,-0.21960378635455302
623,0.9062250323107952,-0.3529787478192854
624,0.44862421099760935,-0.5073333387345043
625,1.4628939711427518,-0.2684195765769607
626,1.3253469029812215,-0.22180987188217405
627,1.7053433104740616,-0.1952513946147797
628,1.1561635445324165,-0.2578888684513062
629,1.3335417977741983,-0.24043500347745905
630,1.1823789951790213,-0.25873688147259377
631,1.8263142251510205,-0.12262712592458458
632,1.270058234745737,-0.24803592593426305
633,1.7429386799989417,-0.15234015174580717
634,1.502781535242711,-0.22731595795958226
635,1.7639565569371516,-0.19869443473539083
636,1.2210205671044274,-0.18931387551293932
637,0.8845695223534737,-0.34788272444834667
638,1.0891178551678884,-0.284824792780891
639,1.2701460511307532,-0.2270851968862011
640,0.862146010652103,-0.2712380145303329
641,2.0622882053702893,-0.14603859446456524
642,1.9880571195223207,-0.18180646366209208
643,1.7778218013585843,-0.3343114590750106
644,0.7318411412162067,-0.4031452093358133
645,1.429195841954642,-0.26981774766140587
646,0.5642576688240292,-0.369103269110454
647,1.3699470713817379,-0.22974913148419018
648,1.718218425978752,-0.1877503099851563
649,1.4791560227309681,-0.20866500452835968
650,1.3076865996680869,-0.30332200591268665
651,1.163671914684843,-0.35911239824270913
652,2.3229372558579926,-0.0800059692876347
653,1.4120458161016476,-0.21251814827388316
654,1.3401390917478164,-0.4108528085516987
655,1.270467681611944,-0.19595870903622903
656,1.8546599432656705,-0.18180646366209208
657,1.1230491028890603,-0.21589691322697413
658,1.9380934338109557,-0.11644625549855314
659,1.1598063834410621,-0.21361689117039462
660,1.5526367682958762,-0.18180646366209208
661,1.4433740027646926,-0.18180646366209208
662,1.5624904580303836,-0.12262712592458458
663,0.886868728082625,-0.21932958185678852
664,1.2542687732024511,-0.2847069507459389
665,1.8428775258656735,-0.10587581465249407
666,1.4187163947373649,-0.3045374978292448
667,1.9768276163075151,-0.21681178490235997
668,0.6526969242016581,-0.3591349319266739
669,1.4797580700263806,-0.3173283826787382
670,1.8820057359797535,-0.20512243385709183
671,0.6622570519073584,-0.32702591524089464
672,0.9551010431736948,-0.49085342532237297
673,1.4686825244184434,-0.16895945264460854
674,1.65373474725252,-0.1826254694250572
675,1.7265681077044188,-0.19702266094750476
676,1.551690914334921,-0.18180646366209208
677,0.7911201714237627,-0.3426348905893928
678,1.6731644707248146,-0.28387951348522766
679,1.382302695856122,-0.20277152695969103
680,1.6551372019970456,-0.24086965360534707
681,1.3913527059961242,-0.18180646366209208
682,1.5898118582730136,-0.11587693391327925
683,1.4479067355860107,-0.3170866453193989
684,1.3621067679698848,-0.16890259519751516
685,1.5476643631697127,-0.1999079523400732
686,0.670404154754611,-0.30631257880913365
687,2.1352745426703525,-0.20317037361985757
688,0.6138190480721436,-0.29164817501388585
689,1.2529828336212399,-0.28875631173265837
690,1.098763981545229,-0.27356574619737395
691,0.4395072521902982,-0.38832390265316696
692,1.2563080355815412,-0.2821391854732819
693,1.188842512464391,-0.1823130094815555
694,1.0239396707473523,-0.28055195965268265
695,0.49821911310794975,-0.5318761337348596
696,0.8774499382272849,-0.23505860945644985
697,0.6324467313896931,-0.3786149116900178
698,1.5187192573928827,-0.1513026215770944
699,0.9404999779313598,-0.35864958467723973
700,1.1679307815552222,-0.3467280253344741
701,0.8048574399834876,-0.2970534722701377
702,1.1798689460823937,-0.23728448983036754
703,1.467399779474041,-0.1977318910012582
704,1.5626226985963878,-0.25796755180262787
705,1.4693018513990015,-0.20401961145518122
706,1.9936079306065941,-0.1344249851397843
707,1.4492207478758525,-0.2137833352099595
708,1.6725636345645283,-0.26424766972638714
709,1.0538477207574826,-0.18852077145898138
710,1.6900015248448468,-0.17163411717850052
711,0.9674491776776474,-0.4227026278782987
712,0.9682545560605491,-0.2599581382274938
713,0.37739248190312125,-0.5610397627747611
714,1.0857404805618054,-0.27458196062721074
715,0.5388815261388888,-0.25073345785573886
716,0.919063409785263,-0.17825464137030866
717,1.0287828287584047,-0.14851618917999787
718,0.9024874762915273,-0.33108739614643434
719,1.6624998135122373,-0.20302346626069423
720,1.4184399091199007,-0.22179346681008927
721,0.8826352217939312,-0.2821391854732819
722,1.5774283822582564,-0.2654513505796028
723,1.3481798322467133,-0.25311133859091095
724,1.0576980738145005,-0.2450713884129111
725,1.588746849079562,-0.22974913148419007
726,0.2752250974580199,-0.37723895180834344
727,1.6019902404205453,-0.24762667295534935
728,1.034158955921558,-0.2402224147760046
729,1.696115352115742,-0.19583300604660514
730,1.0125986824609072,-0.4340664272150826
731,1.8159906197332067,-0.18180646366209208
732,1.4188374993585517,-0.23759598271319626
733,1.8443024943373518,-0.23093335607693155
734,0.17259944193083554,-0.4052530921902514
735,0.8456550831543083,-0.3806711670587579
736,0.4049183137481038,-0.22750790333969473
737,1.5255188836671452,-0.237971028969014
738,2.3648208285571877,-0.1630534780461954
739,1.7503589355144018,-0.41026392402288003
740,1.5478480860939468,-0.3282756081762689
741,1.1254031124052641,-0.18180646366209208
742,1.542584997833642,-0.26497394825579434
743,1.3012010482428302,-0.39378366300216816
744,1.4628267862759803,-0.3156284280436933
745,2.387711980308247,-0.09524214329084135
746,0.6622990091493635,-0.31038169226684853
747,1.7954147101974665,-0.14887115884128
748,1.3252878940712722,-0.3154780077637436
749,0.8887649579388699,-0.5501617676400605
750,1.4842663670121552,-0.2913737988144399
751,1.345701758989665,-0.30386786315132763
752,1.81389508269167,-0.1302204581878731
753,1.0072126700953956,-0.30039506511531266
754,1.0544812295300476,-0.22271172013445784
755,1.425374442389074,-0.3037444837829395
756,1.6675292759435207,-0.1683364418136446
757,0.11477392299011296,-0.3765602909840259
758,1.4443922567376495,-0.23043682401834842
759,1.5561251034795707,-0.14860204349786643
760,1.7017986619790977,-0.21701704296640845
761,0.9939843886884846,-0.24360994677307735
762,1.1186148069895885,-0.3843346138611473
763,1.3684641671961548,-0.3100487916818091
764,1.8342593719567537,-0.3152157654769042
765,1.691246521524589,-0.1485168689971289
766,1.8375294357632033,-0.1982156948024083
767,1.3484692421544826,-0.19283829040877176
768,1.6547628430365977,-0.22286712360251248
769,1.8744234820242882,-0.18724612930305895
770,1.1741594942849365,-0.2270851968862011
771,1.4540484921694456,-0.27952944368283117
772,1.3282298853038128,-0.13465877250534497
773,1.421064657239013,-0.27743150461753796
774,0.6421278545398051,-0.4569274135912129
775,1.355318414907017,-0.19427754450009893
776,1.5858350548962588,-0.3193955172357028
777,0.41514575811973553,-0.4980390871006336
778,1.645696519089392,-0.15489353878452117
779,1.158009025737251,-0.24744139027040402
780,1.486216447214916,-0.24406775156065497
781,0.7561524710085233,-0.3587419642275931
782,1.2164419464570453,-0.3068146248508624
783,1.3259476475574208,-0.18180646366209208
784,1.0995640809504938,-0.260114773785325
785,0.9846854797275374,-0.24767849973673162
786,1.3292497840122832,-0.33564797938993096
787,1.1314597863722595,-0.2970862126138778
788,1.248037290501284,-0.2587047111291828
789,0.9725754321273516,-0.278937548303959
790,0.06432089352957332,-0.5297903732666491
791,1.4748833551061231,-0.3680328115656908
792,1.3155112920937102,-0.1632055521317609
793,1.668779176163884,-0.3305418004743673
794,0.7833594987323919,-0.23474327017117924
795,1.5398184241302053,-0.27720599226823484
796,0.8938453893818257,-0.19188854211035944
797,1.4401932136937532,-0.1516181481056038
798,1.5647820551905678,-0.27832233982941557
799,1.1275493761333388,-0.40257714136409684
800,0.9067067817803381,-0.27768453026664686
801,0.8853622032706218,-0.28980707310870235
802,0.8024459991006698,-0.31246476456097416
803,0.09790993192450735,-0.35959702392119886
804,0.9298639192228205,-0.29294624505660516
805,1.462993942209389,-0.27835689277502607
806,1.0752524997449164,-0.3223881516004652
807,0.5233858640478073,-0.27838827103255337
808,1.2738593487954901,-0.22794714431144736
809,2.1304610148511043,-0.17448104818182342
810,0.48079679118359664,-0.4221097284161147
811,1.5902362099930314,-0.18180646366209208
812,1.378474081843903,-0.1742128165377117
813,0.8648575180029601,-0.1943856326120389
814,1.2708538641000682,-0.28629827844974554
815,0.970638860202521,-0.23365977470787547
816,1.0444871445556763,-0.2528192409871832
817,1.893354840880743,-0.14553627180347828
818,1.0689732218619883,-0.38407472924762154
819,0.7213043843440641,-0.3504735562657124
820,1.7532439998493112,-0.2184429739699011
821,0.6491066844863445,-0.4840367227981037
822,2.012660399118168,-0.16409210724305967
823,1.2954374327810125,-0.2811692645756735
824,0.8347339311671651,-0.3782453499725267
825,1.03312271363254,-0.3736041938679253
826,0.8893138728480179,-0.3360496124145086
827,1.4405112789085397,-0.3012942977088724
828,0.12802349637444485,-0.3914126953409107
829,1.0235919453458417,-0.23105378573645396
830,1.1631553447308398,-0.34278622613690735
831,1.619470052744742,-0.36620768839784057
832,1.8251523557474996,-0.15179672039389158
833,2.497595810337158,-0.18871590648869807
834,1.1833747551491502,-0.29824395097406675
835,0.9259749372829511,-0.4317657460889035
836,1.1898695582975318,-0.2330061917078008
837,1.1379025600071384,-0.2741472447147185
838,1.6162672356120789,-0.22473870717948696
839,1.9610374675501256,-0.10812407930768353
840,2.1136499025273814,-0.13068259493047352
841,1.490619475391068,-0.18852930866968454
842,1.4136311055900255,-0.2379220896353268
843,1.1596680963733983,-0.15293200447998045
844,1.0626145012545347,-0.2685410595293579
845,1.2371439766790997,-0.31222944538911934
846,1.034865778469751,-0.2790537877111584
847,0.4849758022690432,-0.2898650109168134
848,1.7818509829331732,-0.23971261968494273
849,1.7248248899749639,-0.170680523050173
850,1.4930089175534982,-0.4399826308807703
851,1.2741679525444627,-0.2590631601119826
852,0.8187810285693841,-0.5102392995359235
853,1.1102958704370673,-0.4751986148728824
854,1.4134721934759884,-0.2803196106816156
855,1.1144075191327785,-0.33024562846739447
856,0.840857004222986,-0.22339418941477418
857,1.7041839794322595,-0.3305593370948686
858,0.7364316412495061,-0.2862224851884847
859,0.8309834574896428,-0.32753331979024247
860,1.5798726653922779,-0.13672546843206246
861,0.5298097533719566,-0.579211029055656
862,1.2209266342111218,-0.23886612959029863
863,2.334369578242402,-0.1430429318711578
864,1.511161584744585,-0.18180646366209208
865,1.4520838504319968,-0.326578302193567
866,1.409948834113158,-0.31537185751353414
867,1.3183994083465589,-0.18423736705435634
868,0.8006702614449841,-0.2862352027810938
869,1.9935170719372939,-0.13873942553373797
870,-0.3398250205738644,-0.5705464786024803
871,1.4615334632805814,-0.31581162757149783
872,1.429570690235608,-0.3439885654244128
873,1.0741794681684886,-0.4806117811017325
874,1.9526589252718425,-0.20157386945756417
875,1.153318677630583,-0.24098749491608606
876,1.5076957535365931,-0.3720131984906129
877,0.513192420115121,-0.424763820272549
878,1.7612135159533948,-0.10274452478438745
879,1.3076228966944634,-0.2821391854732819
880,1.5873573060412833,-0.18500593101746587
881,1.3154679349233454,-0.26706389945426834
882,1.652663423175845,-0.35769647403719684
883,1.3933451704644342,-0.2825409832585768
884,1.3220185530096171,-0.28225011896606866
885,1.2196478862581568,-0.22025770277419454
886,1.3893254944309263,-0.2162922431514238
887,1.0933098097883638,-0.18674621087472265
888,1.3566909503710292,-0.24757118142122958
889,1.31308886706598,-0.4138277176328261
890,1.1076800616780305,-0.26579647510341253
891,1.4565649555713314,-0.3509067320185486
892,2.120034363844704,-0.19618777384687636
893,1.1850438097514748,-0.19146222775069732
894,1.4351543199202337,-0.3573410614720246
895,1.8438453699326678,-0.17448104818182342
896,1.4479119985296254,-0.22553808988768098
897,0.9574406753362114,-0.35329494737949496
898,1.3998083411492555,-0.15673837829825366
899,1.5348667520578154,-0.21593478504367458
900,0.984947664522162,-0.23791327121448813
901,1.1473272576480575,-0.48442912019968964
902,2.145404505074325,-0.1856997699201156
903,1.153664149783243,-0.18180646366209208
904,1.270349808068559,-0.3176844989544927
905,0.9014225612830986,-0.21611687894918818
906,1.3107482341543781,-0.2575415112211932
907,1.6748751606094259,-0.127231585907858
908,0.8785815141674309,-0.2268312112404547
909,0.8005717804551744,-0.36516680387861145
910,1.722007116152169,-0.27672332083568985
911,0.5906263490182303,-0.3608036573561363
912,1.1071698126998761,-0.2548996277718074
913,1.4657282943759313,-0.38697456984795187
914,1.6232921287671083,-0.2404189326872419
915,0.6738050787744172,-0.3259075320978717
916,1.4996376656247554,-0.2355674437286499
917,1.6645295231790873,-0.35008748326011796
918,1.188416654193959,-0.2720864346162417
919,1.4263224930973355,-0.2876492270620996
920,1.0230797939986693,-0.4349303750723631
921,1.2933223515708558,-0.36697823348802894
922,2.2008298829888395,-0.17010853436783424
923,0.6564418508475107,-0.34685664502022096
924,1.2634007450282125,-0.13863422716664098
925,1.877310897078899,-0.18191112741932736
926,0.7697768855593534,-0.30611580117176396
927,1.42528593376742,-0.196465487673942
928,1.1527441777958065,-0.3119039868896254
929,1.5084120311125553,-0.36943440315637266
930,1.1514581366119927,-0.3882472430423065
931,1.2902979131728525,-0.1824518599260727
932,0.766904389245861,-0.4203624283417261
933,1.2436633526605472,-0.2957240570765425
934,1.268228175025613,-0.3461068883163304
935,1.2840371006036753,-0.45463976532683614
936,1.6437365868533125,-0.16305347804619552
937,1.4195119779093937,-0.29129008433302983
938,1.075710807569057,-0.21797842760027575
939,1.4350106993019889,-0.1304399712975035
940,0.7421600721270744,-0.3893852596748423
941,1.6135323268346822,-0.33067985112655207
942,1.8284515918029267,-0.18245185992607282
943,1.4579174849326602,-0.23358418677027482
944,1.6274273677303186,-0.257027482066537
945,1.2078268581639366,-0.18192021203234132
946,0.9572934912157902,-0.4292176696659882
947,1.6928707257014368,-0.18180646366209208
948,1.1992064018869086,-0.3039107042645022
949,1.2875698659674946,-0.40607881930401446
950,2.042458433811956,-0.18372438812431902
951,0.8204960033492239,-0.2917630316958659
952,0.877368949296806,-0.3305593370948685
953,1.686069367507499,-0.30466688234191397
954,1.3449853147310817,-0.26227129515918157
955,0.5432695205941573,-0.36856344654761575
956,1.828085224668277,-0.19555322111258178
957,2.240755292566726,-0.21361689117039462
958,1.3816692139634759,-0.17403745170910068
959,1.457952993691794,-0.288201343184321
960,0.9664845708454572,-0.2111597342030228
961,1.415388838677056,-0.18180646366209208
962,1.2194661974872267,-0.1949939133714632
963,1.2906003449942787,-0.32540858603626777
964,0.6810258382993398,-0.3855871844188292
965,1.0915421676771027,-0.3451922636743472
966,1.4094422892722005,-0.33654320585640385
967,1.1893221510200844,-0.14135283723709158
968,1.5224505961384482,-0.1787905169844578
969,2.2107788774444894,-0.17541734029647593
970,1.85572035659894,-0.24780661541521243
971,0.7528892781417955,-0.43253117875623615
972,1.2225408612266917,-0.2566820595879773
973,1.8450774921018018,-0.24348667887522923
974,0.65058645685114,-0.3722237163866008
975,0.984699395408908,-0.3892107235895069
976,2.1188064051959126,-0.14391635762012067
977,0.9320015995635145,-0.3786193522972877
978,1.6779448614433807,-0.1928753034176902
979,1.9226098952195485,-0.12262712592458458
980,1.3869790032662037,-0.2983606271018914
981,2.1175255410763563,-0.18180646366209208
982,1.2489504233788855,-0.19072505899984782
983,1.3850968390151277,-0.2771680193978229
984,1.105619688828321,-0.35976773435267073
985,1.3052340178350756,-0.2966015395700058
986,1.1198645493522628,-0.27883438623255585
987,1.508053070222015,-0.22438749795158874
988,1.079445357268427,-0.2592400136100995
989,0.9978281820563261,-0.31366445703024426
990,0.8095153352372023,-0.5842031271022303
991,1.6031657628048153,-0.2109085223662367
992,0.9440368233093368,-0.4020749890412062
993,0.7473005628789554,-0.18180646366209197
994,1.1822721621279548,-0.37028744178464035
995,0.408291189396614,-0.3587349507201486
996,1.3781293388178906,-0.39101829605930327
997,0.9701714573394703,-0.26678642952106413
998,0.8584545152128781,-0.3407633632489735
999,1.0616199880665318,-0.24830249046099107
1000,1.0676336404886335,-0.21032955530216768
1001,1.76782830551428,-0.2071834172809951
1002,1.584387394242646,-0.19047073823234528
1003,1.7043763037991142,-0.16598460239354607
1004,0.767079215042714,-0.234896025000365
1005,1.5601579923513005,-0.22885559119170107
1006,1.732576953852512,-0.18180646366209208
1007,1.4648009109019333,-0.19719007461282745
1008,0.9844645070479019,-0.20757505103547402
1009,1.4592446823795933,-0.1819796406235562
1010,0.442260529126823,-0.6139026433376635
1011,1.9531099490141623,-0.23498349680200326
1012,1.0024512077018122,-0.48243641706902973
1013,1.3996259106496993,-0.2850927525266147
1014,1.0860546926240215,-0.4386101069344338
1015,1.553070587456318,-0.44805366542582437
1016,1.2799565064584357,-0.19348215908747823
1017,0.625718326594307,-0.325555994056169
1018,0.7805558998183191,-0.24715834477305654
1019,1.7049263527388934,-0.22004823117841765
1020,1.5628735800434568,-0.21721534145935106
1021,1.3949185488119706,-0.17448104818182342
1022,1.4789030343695841,-0.18180646366209208
1023,1.2847719854626438,-0.4430535342905987
1024,0.6294861203857363,-0.2664436212907296
1025,1.5604855265565096,-0.2174754838826205
1026,1.5324748307571106,-0.18180646366209208
1027,2.0014901281807687,-0.3004648944148778
1028,1.1840859673336874,-0.41475041581451866
1029,1.5809566026901831,-0.17191584037870256
1030,1.4618144195885896,-0.19595870903622903
1031,1.0649873167346462,-0.39901794247137556
1032,1.0389777161539557,-0.21194989707462597
1033,1.0630264725681404,-0.3395742653633155
1034,0.4392985607256663,-0.3233741105347808
1035,0.8328381925107173,-0.2295553403578673
1036,0.6787325373163279,-0.4086440080038297
1037,0.8057798308989873,-0.3274674037889811
1038,0.9427268049937677,-0.16352302210987668
1039,1.4925436320603858,-0.32811184554964756
1040,0.8112794457514597,-0.3380608118796862
1041,1.1182304375599983,-0.2136353841983798
1042,1.2141632797423223,-0.2408563878197072
1043,1.3342129020267572,-0.2194405831844043
1044,1.8856782356854231,-0.18871590648869807
1045,0.09676891025006881,-0.393365008116767
1046,1.9689594916281277,-0.18749031533423632
1047,1.6211359839365036,-0.3058017269516361
1048,1.4819343664649502,-0.21262935239779845
1049,0.6845005125437306,-0.43042854132325337
1050,1.178848945744176,-0.22308491732779778
1051,1.1819521672184239,-0.18245185992607293
1052,1.060183473473098,-0.34469479996298835
1053,1.8021617252394462,-0.26860094005120105
1054,0.3987696964280211,-0.38341474301743006
1055,0.9681323893533511,-0.32098263600116006
1056,1.040232454882989,-0.3463301880680626
1057,1.323264232962379,-0.24307211535872408
1058,0.8954782266521863,-0.2811363410355444
1059,1.7042786785802997,-0.30088330055441503
1060,1.137060370836918,-0.3499602325723583
1061,0.9278390138573631,-0.20163908891854054
1062,1.4329485952603902,-0.12563451456413066
1063,1.8726455490633414,-0.17006838927747692
1064,1.4025813991479985,-0.2946462224500579
1065,1.3780250599839656,-0.22882809666335713
1066,1.5458531165343814,-0.3531116437672963
1067,1.5699021757598572,-0.18306794079697575
1068,0.9781524794975281,-0.3498593624973805
1069,1.6541354462208648,-0.1716341171785004
1070,1.5240790795566639,-0.24417386411698672
1071,2.019721528674774,-0.18892702054007682
1072,1.9354181526412382,-0.24092924463322762
1073,1.1662524747000291,-0.25496748136211056
1074,1.5729025524052693,-0.1819796406235562
1075,0.7753893615479125,-0.2599581382274939
1076,1.6466842774268853,-0.22289852329292226
1077,1.4930993335349556,-0.31439001815540335
1078,1.2440642945994376,-0.37356337344103807
1079,1.6713797798872354,-0.18089395641967698
1080,1.3690906092842887,-0.15998656103619857
1081,1.6044990922545743,-0.21361689117039473
1082,2.2061318110657426,-0.18034815846828878
1083,0.8590631109069049,-0.21664598199318952
1084,1.1209125033860559,-0.3923358800324691
1085,1.7595858664080424,-0.23330637020241496
1086,1.0351341887249808,-0.25091601023503696
1087,2.2878579419510414,-0.23893833132952214
1088,1.4289396203263145,-0.18180646366209208
1089,2.063595711220955,-0.11407304370487115
1090,1.7923129588282138,-0.27237472315931444
1091,1.1454676643993826,-0.3893218166796071
1092,1.9178164242393274,-0.1817941206649455
1093,0.6614909348017185,-0.32323014480952705
1094,-0.00622838853571771,-0.43375186847347635
1095,0.982212199800402,-0.354366288114748
1096,1.0435959535952921,-0.24207090018382516
1097,1.4619516343627081,-0.22833904209146927
1098,2.0591492547032697,-0.1859958798812631
1099,0.5396240579147347,-0.29411480331786777
1100,1.283413011203853,-0.28505360848846006
1101,0.8784542389143091,-0.24832925625218982
1102,1.0351855332820483,-0.43056251473971796
1103,1.3191438974801728,-0.18180646366209208
1104,2.2448996696227934,-0.16669134405731034
1105,1.4197818091323624,-0.2931322000577846
1106,1.7466358445514667,-0.13720554583653033
1107,1.1386242158683855,-0.2572955552700895
1108,1.482265409532417,-0.3423953884680563
1109,0.942678771754105,-0.2301415829803788
1110,0.6575982598883939,-0.4044497530755701
1111,1.0988900631173852,-0.4138597252739469
1112,1.9508599503947224,-0.19555322111258167
1113,1.4029737655056462,-0.3367710451224727
1114,1.255062555260762,-0.2759353382821017
1115,1.7370786590160454,-0.23360808095076713
1116,0.6141188040619852,-0.40395379267276343
1117,1.6022483645125387,-0.21319471410490087
1118,1.7454703471929804,-0.18180646366209208
1119,1.5254011543257477,-0.2627219057480409
1120,1.155163947124602,-0.1818064636620922
1121,0.9833138187144724,-0.4689458305362614
1122,0.8921660538520442,-0.25016826110980594
1123,1.3702443011927998,-0.21664598199318952
1124,0.8420105276440967,-0.29110578777489504
1125,1.5409524911267019,-0.32461313635262157
1126,0.9405408575238652,-0.3110884853988879
1127,1.3759319837721882,-0.3379824579633378
1128,1.6624159309725894,-0.14737140169896257
1129,1.333371690013723,-0.18348169552889726
1130,1.296133935855697,-0.3601002814709924
1131,0.9435533584105464,-0.22974913148419018
1132,1.4284101370331732,-0.3009985631202944
1133,0.7879361722034014,-0.4291964759533695
1134,1.0387526867136836,-0.29308097351095086
1135,0.7447544214789946,-0.3874358696066681
1136,1.2955984877022375,-0.2992506761329714
1137,0.2988157781473277,-0.545219972011302
1138,1.94664897576444,-0.18381387559421047
1139,1.866713769852643,-0.15856687273165593
1140,0.505982952102722,-0.3662076883978408
1141,1.1926166219210645,-0.32456572949792306
1142,1.0504432051201094,-0.288979480114376
1143,1.2311440562271028,-0.48207759734231703
1144,1.4134366227575714,-0.32965224378385427
1145,1.7115828994799902,-0.4090674518588655
1146,1.669017049533587,-0.13799602383683574
1147,1.3507951129080606,-0.28961490318572836
1148,1.4572463000478761,-0.30403170441999683
1149,1.9663222202789972,-0.15427588374451873
1150,1.1525319778383252,-0.29706135264960853
1151,1.2085654496304747,-0.261846870403858
1152,1.4470051209243844,-0.19194641083122566
1153,1.1077951387708522,-0.2197710512054578
1154,0.9973013696593369,-0.3237874304859274
1155,0.9068145179694307,-0.2752937128301798
1156,1.3726347335148559,-0.2947166928124525
1157,0.6619474421702863,-0.2136162031421679
1158,1.4600551594462539,-0.2273144688659967
1159,1.434355470719507,-0.24104150910816258
1160,1.0987490715030246,-0.1948860878526355
1161,1.4843200858213286,-0.2827054386483283
1162,1.4771667056099964,-0.2771309960453633
1163,1.279099013878358,-0.2588104670036273
1164,1.0222551316312174,-0.2166459819931894
1165,2.32670882365367,-0.22750790333969462
1166,1.0696297105866954,-0.4026914264446394
1167,1.9750535863384289,-0.15643633067904827
1168,1.372437860234776,-0.20854252896662506
1169,1.1998578787608087,-0.2972698920158152
1170,1.6281654122470806,-0.18180646366209208
1171,1.9884702124905873,-0.38472008321252604
1172,1.7650891066139016,-0.23004807780123981
1173,2.2721814353651455,-0.1926453213653958
1174,1.8119283223269569,-0.17802572699018482
1175,1.6633366491437276,-0.18180646366209208
1176,1.08456691380745,-0.3845855746549056
1177,1.041444802678979,-0.2685882125748632
1178,1.1859596498126719,-0.19746471584266934
1179,0.7397393478485048,-0.3107742163918029
1180,1.0068129729298498,-0.40421994714787934
1181,0.659435906514029,-0.3305593370948685
1182,2.1120882437375923,-0.16355783618209085
1183,1.6054195951227637,-0.34045154099935204
1184,2.3113574845987688,-0.18180646366209208
1185,1.6301977963710765,-0.1819796406235562
1186,1.6334593333458933,-0.35769575012771226
1187,1.1479564064877306,-0.24400034026872053
1188,1.193266878955554,-0.18871590648869807
1189,0.5005538461781183,-0.311122019361587
1190,0.2435273350079571,-0.4421493009611418
1191,1.3602440634834816,-0.20129207132749471
1192,1.1802730052423975,-0.28528664916556057
1193,0.7227407902072122,-0.49804244950847876
1194,1.1516362930052864,-0.28987697288327297
1195,1.22126452217817,-0.1671610719794856
1196,1.2310091847956193,-0.2112179064404479
1197,0.946007364323703,-0.23259047266975041
1198,1.8272569646348944,-0.23759598271319615
1199,1.3758824241524836,-0.21918440176006382
1200,1.390042074773671,-0.20363044615907588
1201,0.5602710157563238,-0.37164388777882273
1202,1.4365520175109117,-0.20513168216053002
1203,0.4174331782758949,-0.23317824520537112
1204,1.2771032880177144,-0.17899243844833723
1205,1.1949499213835066,-0.1818064636620922
1206,1.9131075666145612,-0.13646638388375465
1207,1.5760276983689048,-0.18180646366209208
1208,1.4619979353316919,-0.3954690111197766
1209,1.1606913937653105,-0.3019549596777178
1210,1.7675424826182238,-0.1818064636620922
1211,0.9021920130425619,-0.3001011944938843
1212,1.0090501683231252,-0.4137434478717372
1213,1.840059927279899,-0.14085080234571312
1214,1.1374756397545924,-0.2774184439183002
1215,0.20386357458698817,-0.42760711585415334
1216,1.1528540440946722,-0.2520677777590544
1217,1.7309469170519725,-0.32362850195933934
1218,1.4316125680031961,-0.4140566025604592
1219,1.2659613050230618,-0.29845982473753896
1220,0.8371859896212563,-0.31418014446014975
1221,0.9495958619895084,-0.21681178490235975
1222,1.1683456849049325,-0.21829562844272554
1223,1.316833616246793,-0.36849710557844395
1224,1.6456741980342409,-0.21239735304483964
1225,0.6622081113114512,-0.25998888696054423
1226,1.6797091009297023,-0.1543407251647796
1227,1.9833834305507174,-0.09066538991554729
1228,1.4936633792791827,-0.17861299412504195
1229,1.249197371649123,-0.2599581382274938
1230,1.3670702208884882,-0.20387032702015018
1231,1.388015087543009,-0.18180646366209208
1232,1.011922176040318,-0.21268273810441796
1233,1.4338312162082036,-0.1678813568299914
1234,1.5545223191554787,-0.4122848779999789
1235,1.2082332732075132,-0.3029544738542753
1236,1.383146152617823,-0.3312032716507015
1237,0.6173084517105414,-0.4452271907429216
1238,2.4374575792367907,-0.2789139165132024
1239,1.358332485411314,-0.21350082602143328
1240,0.8484729740507436,-0.3640277535428026
1241,1.9350681409177806,-0.27514029069180934
1242,1.819656290030492,-0.2496406216750756
1243,1.5091504399301887,-0.12281282864851895
1244,1.1797209611295496,-0.2519250419133616
1245,0.7590697684206381,-0.35912714502359566
1246,2.4659041769215038,-0.15444052089940674
1247,1.2546549252999166,-0.287318913678849
1248,1.430234396017833,-0.19205824492178247
1249,2.010653343616852,-0.15719059262505497
1250,1.559771699692448,-0.16327071118230208
1251,1.3036238870479255,-0.3176139924721091
1252,1.5558339128556562,-0.1826795506533374
1253,0.8031254398856058,-0.35305795500138726
1254,2.1134030118170686,-0.152686686459935
1255,1.99120094964108,-0.18319975376030306
1256,1.3535378193504026,-0.14135283723709147
1257,2.176267161091635,-0.11407304370487115
1258,2.126986076412585,-0.11426055696616766
1259,1.6892443861603061,-0.15310289077112216
1260,1.2051038040271271,-0.275712064639562
1261,0.6160225997974249,-0.25018579861115453
1262,0.5998011801306736,-0.2814276985392056
1263,1.4944593869121834,-0.18852267429975855
1264,2.4083461630810796,-0.21597317230187585
1265,0.9656444420300815,-0.34294118609934154
1266,0.6125924683641789,-0.4589973945801451
1267,1.00417452965459,-0.3761326463470026
1268,1.0530332004790055,-0.3250831909880023
1269,1.580633221719762,-0.23843622908532147
1270,2.0728848132872275,-0.21943698089119046
1271,1.3840045210500174,-0.20880067968406235
1272,1.6553137032851035,-0.15576310560778672
1273,1.1040521087010473,-0.2661061797742248
1274,1.485498573719415,-0.3129973749976337
1275,2.507367046082252,-0.15673837829825366
1276,0.7252991949125341,-0.4361755065373134
1277,0.9221205339413289,-0.2346618722438767
1278,0.4902716298491282,-0.32604154363577287
1279,1.4735163166168488,-0.18230683357944266
1280,1.8604196963816613,-0.22234757901005797
1281,1.2312887914518846,-0.37270305150601923
1282,1.7050781555497951,-0.18298727109735557
1283,1.6220109085476926,-0.24628677472185845
1284,1.0526194519054282,-0.28432975594770593
1285,1.1218548069282317,-0.17775216135515237
1286,1.5842712074108172,-0.2821391854732819
1287,0.38135067851261684,-0.4624345381741747
1288,1.270622214767696,-0.2862279811322358
1289,1.1713644984493143,-0.3620355266978521
1290,1.2374614940391346,-0.2724678013760826
1291,0.6338509212050788,-0.44135061774478
1292,0.509462885960344,-0.24936669647753118
1293,1.7249860315653647,-0.4255502654062472
1294,1.219372651987449,-0.1924866038668186
1295,0.8338593178133734,-0.4446736639636101
1296,1.12124062484434,-0.26615353632854843
1297,1.4513355024503327,-0.11407304370487115
1298,1.4013753480846594,-0.1630534780461954
1299,1.7079209507848867,-0.20989940349054292
1300,0.9332563436086219,-0.24086965360534718
1301,1.7845650879941388,-0.21376464399961292
1302,0.9004564853021911,-0.23639326564419494
1303,2.0566379959449095,-0.12262712592458458
1304,1.0028763083670955,-0.40021793205026623
1305,1.420387124944875,-0.2763985513451098
1306,1.5061951964827813,-0.2354738652454642
1307,1.400589197923571,-0.29550018350116536
1308,1.6016408921322234,-0.24079280583089213
1309,0.4376537209580336,-0.3255271276805125
1310,1.5283222759130346,-0.2974143700203705
1311,0.8701777507865474,-0.40113526842504177
1312,1.3949706378219986,-0.2821391854732819
1313,0.9394010270587395,-0.3366974657391226
1314,1.1921726360149163,-0.3205819266797193
1315,1.541735844598895,-0.18306065279609396
1316,1.3729521500277957,-0.29251616604006936
1317,1.310595639315474,-0.2662076094175235
1318,1.868512394728597,-0.19869443473539083
1319,1.0470300634518939,-0.21904008644423067
1320,1.1840957016585387,-0.37676866709764056
1321,0.666318944540945,-0.40283742273866674
1322,1.3703449680719957,-0.2977441906101024
1323,0.9734577892298524,-0.39558415153202275
1324,1.1481162009948005,-0.238558449172239
1325,0.7209772714792345,-0.4237206011525678
1326,1.26912320629909,-0.30918333607163573
1327,2.032093118810634,-0.1584627161018326
1328,0.6486992447135737,-0.3502710477717812
1329,0.8474358504499134,-0.33038678253036713
1330,0.6711398329969599,-0.3164920347070066
1331,1.5878867073362977,-0.257503168548049
1332,1.1385233055055388,-0.3255639893890401
1333,2.1713248454569163,-0.1703817065007729
1334,1.2361382231861926,-0.26329097705865456
1335,1.2669018476465483,-0.34694390748086
1336,1.0593705597524605,-0.2515378809412797
1337,0.40160950903883436,-0.30896838837669005
1338,0.9089061313491485,-0.2882246172588492
1339,1.0953807738832628,-0.29455233482070053
1340,1.2971544852612273,-0.2914500589678801
1341,0.8136457313092205,-0.35551184025170257
1342,-0.38348005765857524,-0.5806473636976923
1343,1.473554562973844,-0.26053518610903237
1344,1.9798611725645652,-0.20163004455999134
1345,1.558248920979045,-0.154948594986817
1346,1.0910180119309707,-0.21361689117039462
1347,0.17636868519963414,-0.48362750074512817
1348,1.399288657030966,-0.2259748194539949
1349,1.2099658064087258,-0.3574741940778723
1350,1.6875425707346332,-0.1650097892289748
1351,1.3225651909255267,-0.21361689117039473
1352,1.6032061305531211,-0.21009268221201083
1353,2.161182765842059,-0.15183804782685062
1354,1.3280576162790438,-0.31198310192146583
1355,1.5025802689261023,-0.37325584042024174
1356,1.0441888822384355,-0.21614013241472352
1357,0.4544002520329461,-0.488798961225422
1358,0.6346527614642028,-0.276143102040189
1359,1.0459249798588577,-0.2767373363178446
1360,1.6045581144032615,-0.13812508706633086
1361,0.821974010324557,-0.23538151893717585
1362,1.4547083655098056,-0.32994800454483697
1363,0.5607045009747925,-0.28152172044470714
1364,1.231005760527009,-0.327967232472157
1365,1.936806225298746,-0.18871590648869807
1366,1.6863543321550856,-0.21615211474461204
1367,1.4617940905448215,-0.26394363544930644
1368,1.3631098980858791,-0.1614445679515717
1369,1.2805545342246758,-0.32101382027892966
1370,0.6798026697609533,-0.27137326860956745
1371,1.4931978339117695,-0.13812508706633064
1372,1.55711833243533,-0.2414894599275067
1373,1.1441776637170917,-0.44787529893145306
1374,1.6244235877053534,-0.21556348694123972
1375,1.0744850036145814,-0.37447711678081586
1376,1.4033709865581032,-0.18180646366209208
1377,1.860360364130207,-0.2281172500174632
1378,1.021701254258524,-0.31534661455437973
1379,1.859450483562181,-0.30164757805773823
1380,1.4728255707692604,-0.24381746018773132
1381,1.7570480164149296,-0.09551734534007084
1382,1.6679199666103819,-0.2595863387586499
1383,1.210872010930725,-0.271828201972903
1384,1.0462636902688929,-0.3447607504914102
1385,1.1395814614866433,-0.3752255776175324
1386,1.415242256898384,-0.19088239825410347
1387,1.3217984040787187,-0.27163891929937034
1388,1.1589236655515094,-0.22612274052927672
1389,1.3140208351910347,-0.27494738907852045
1390,1.867419137822554,-0.1912808289159782
1391,1.3740772095935936,-0.17163313510189282
1392,0.8656373506328495,-0.22397972220760765
1393,1.800362676725468,-0.25852651522367165
1394,1.2567035084929727,-0.24419430275839404
1395,1.285978762751577,-0.18245185992607282
1396,1.2061583130126305,-0.2620830390178641
1397,1.6757074200279496,-0.18625064755248388
1398,2.3313101476813647,-0.1530016617771831
1399,1.096134354202234,-0.2869649341706124
1400,0.7463777922411036,-0.3545599417958847
1401,1.1597108850270834,-0.3614048815182094
1402,0.8951572021475376,-0.17692039504503132
1403,0.9093047478050995,-0.34599575162780827
1404,1.523308641484104,-0.24966649504109528
1405,1.1437937180295605,-0.3880496298755497
1406,1.5723617539863255,-0.16305347804619552
1407,1.9711120664322106,-0.22270700379814734
1408,1.3449803688714868,-0.22398452100257837
1409,1.4220831013439141,-0.12262712592458469
1410,1.1310937218389836,-0.16398944005442173
1411,1.6097809647961574,-0.28507128017172434
1412,1.6070161265038554,-0.20643145372965654
1413,1.1453699106447572,-0.11498461251233572
1414,1.2507129469232101,-0.1778373459525615
1415,0.9279081163922578,-0.3405247237388491
1416,1.8428067695274288,-0.23990472433831422
1417,1.1983476141684466,-0.3113262714292975
1418,1.640107934397586,-0.3451993722735842
1419,0.7844279884894406,-0.3257139923267346
1420,1.6680007975407756,-0.22750790333969462
1421,1.0949463567597275,-0.30495778056404776
1422,1.074898365198018,-0.349103495022682
1423,0.7633882921960135,-0.3995509469771851
1424,1.3630678823756877,-0.2335450937549277
1425,1.563211248143346,-0.26392555990072886
1426,1.6965707017816847,-0.19555322111258167
1427,2.0896629689383652,-0.1295939844834193
1428,0.81626505870275,-0.36759702291886887
1429,-0.04919232793444532,-0.5290065674949985
1430,1.4084569440840091,-0.3557326614426718
1431,1.2498484855601277,-0.2753228651273596
1432,1.1808831692449206,-0.2555368739870423
1433,0.9696321123603318,-0.25027187416005536
1434,1.950212413308509,-0.3048271337997125
1435,0.8717914425930726,-0.20998314520971695
1436,1.5446780033642955,-0.18180646366209208
1437,1.141985094024681,-0.31543659858207806
1438,1.5529647129026942,-0.2003658540570039
1439,1.3699038990942312,-0.19389617765257539
1440,1.2274069464398856,-0.3480391501332174
1441,2.228617728401072,-0.1227865455219247
1442,1.2902933360881186,-0.486539026599377
1443,1.3996862056366919,-0.29750849414153957
1444,1.4842885540978599,-0.17163411717850052
1445,1.2214740265221753,-0.3157732805560638
1446,1.2351029566535419,-0.29540302549705966
1447,1.5773555356795794,-0.23063643038611603
1448,1.1913475131527693,-0.18741617669849886
1449,1.666036985923843,-0.2386745781881473
1450,1.8034944242836668,-0.1329813242293093
1451,1.3128163356415778,-0.19491310349621693
1452,1.453775931485601,-0.19595870903622903
1453,1.378687128190536,-0.39895195386716076
1454,0.668076641261746,-0.3971697750736275
1455,1.2338673770837156,-0.38066762115308417
1456,0.32094526960075515,-0.3667979611862132
1457,1.3313221864576261,-0.22831787422011396
1458,1.5903414108172613,-0.29103670506081103
1459,1.3507758320677554,-0.26074028403010474
1460,1.6654849037574335,-0.17318975793642843
1461,1.3374713314717084,-0.3041019126014327
1462,2.088430816569033,-0.20657564599026346
1463,0.9003216454731381,-0.432961186624616
1464,1.2540227139117137,-0.22431904659360158
1465,1.1555208034216216,-0.5181554384161158
1466,1.2031258554918396,-0.3881521332715845
1467,0.6702647358664668,-0.553940686012018
1468,1.2785568257731599,-0.2644052720537762
1469,1.0114087142983654,-0.3190847532571892
1470,1.740227989292176,-0.2696566510271925
1471,0.8067580910498859,-0.5084767794262499
1472,1.9383090708622552,-0.09551734534007084
1473,1.5501381743244875,-0.14094309551977857
1474,2.133391718312033,-0.18180646366209208
1475,1.5921845926605982,-0.19869151770154103
1476,0.8309703464958464,-0.4353922470459102
1477,1.6807413072250867,-0.2552596018939226
1478,1.107514139648535,-0.25075742727589434
1479,2.0345306328994455,-0.2013738783608825
1480,1.4650842672342055,-0.34011406931965016
1481,0.5597001186481275,-0.422459858275684
1482,1.2379989161426288,-0.37379019520368095
1483,0.9970949339981406,-0.282139185473282
1484,1.4029656306480565,-0.25257644167820326
1485,0.8348327362004151,-0.4644846246235814
1486,1.6634101734893412,-0.18180646366209208
1487,1.2938290346694976,-0.18180646366209208
1488,1.0035928188866023,-0.25071349785338826
1489,1.9501560425307631,-0.16669134405731023
1490,1.063668739975853,-0.1819796406235561
1491,1.5821453239577992,-0.19555322111258167
1492,1.0488944357692667,-0.3128318400578406
1493,1.0798712643191983,-0.4469312564558564
1494,1.0981718412579153,-0.33486525563737546
1495,0.5295151927531331,-0.3198779611854051
1496,1.5102534733989885,-0.12827302867969315
1497,1.1458796354946352,-0.25364987288485263
1498,1.1291087878024944,-0.3255896776135796
1499,1.255171580104134,-0.31889047956902905
1500,1.8312244585077222,-0.24328775794389657
1501,1.6643293398547594,-0.19366162826230549
1502,0.5689899600861072,-0.3837199370906226
1503,0.5584371542902586,-0.43882419654881843
1504,1.3824116966472748,-0.18180646366209208
1505,1.1054984919948483,-0.5163637933668095
1506,0.9887732806970018,-0.19555322111258167
1507,1.0092682223926404,-0.3085393559160923
1508,1.1282741144435864,-0.26222188414477865
1509,1.8689770940767667,-0.18180646366209208
1510,1.3416977469491642,-0.3359483803046479
1511,1.4018665069105303,-0.15856687273165593
1512,0.9843345488401279,-0.26137263972093894
1513,1.3543295668279927,-0.2830909825311215
1514,2.2321192186090695,-0.18180646366209197
1515,0.4222123558693005,-0.3677721403479717
1516,1.3165610881170149,-0.15658611616768692
1517,1.2042836201456397,-0.32186551777661243
1518,1.4643103682818126,-0.22336853480798824
1519,1.5252423811302511,-0.2581267660852491
1520,1.3007873397706218,-0.22750790333969462
1521,1.1613322864699487,-0.20322305041619038
1522,1.4430001991490835,-0.2993173620020879
1523,0.7480567601343252,-0.3775184031325862
1524,1.672372260075579,-0.27881021137658135
1525,1.7290353498795823,-0.11975267776957998
1526,1.4206752354264554,-0.3815032225882641
1527,1.1443486711715973,-0.2500568090951416
1528,0.7583673517602949,-0.36399488018910353
1529,0.7547610752686478,-0.3157663028861266
1530,1.0298435035052578,-0.3193082937852989
1531,1.6126901134954224,-0.25730556282984907
1532,0.40254559714338095,-0.34785456859990016
1533,1.48459955850977,-0.10805523392867333
1534,1.14052674409769,-0.36219335455933244
1535,1.1078635976066964,-0.27737846896612295
1536,1.455320112858387,-0.21726389662358214
1537,1.0752545353627667,-0.24086965360534707
1538,0.8992461745429623,-0.6132162532879974
1539,1.2192682352505313,-0.1944480818612857
1540,1.1488446090974223,-0.24093149787261614
1541,1.3326084931087587,-0.2413772176803476
1542,1.1951057352172763,-0.3378207744021221
1543,0.8543221970701341,-0.3305593370948685
1544,1.8897922103943208,-0.2849243233783082
1545,1.5807775583554171,-0.20766024557339036
1546,1.348760418460183,-0.19388709038792218
1547,0.944451141180832,-0.2617738075008522
1548,1.1252517302384466,-0.2147727376748273
1549,1.4543343132832423,-0.2703209536902509
1550,2.046146938469873,-0.19968652810438392
1551,1.0848680708158795,-0.2731897885595842
1552,1.7646998671517,-0.20056414547980694
1553,1.3915938339323128,-0.28873011814607064
1554,1.2727755084824874,-0.2279760573220393
1555,1.2553896786774341,-0.27195222628092863
1556,0.41087862138855313,-0.4617469673866694
1557,1.1961132287574876,-0.3421386127846555
1558,1.5314801341126172,-0.12333148370588609
1559,1.6523449505328704,-0.31034082774342886
1560,1.5266599942543628,-0.18871590648869818
1561,1.3805226285726993,-0.19408285204953324
1562,0.9415966843482847,-0.21711882661030357
1563,1.3707437946356067,-0.22533928126600788
1564,0.8280400064016147,-0.3403742038919624
1565,0.6361784625273722,-0.4837519987012192
1566,1.222388262710955,-0.27514029069180945
1567,0.8342678705414944,-0.3934595935151638
1568,2.129798714269269,-0.13413363549025537
1569,1.515432805041753,-0.16048777372084977
1570,0.9736054701486865,-0.3491427846076307
1571,0.7642043482860637,-0.4324336892160905
1572,0.5713158381632257,-0.3517517696376621
1573,1.6965598446691392,-0.18180646366209208
1574,2.236590053789498,-0.09868171122643343
1575,-0.08991925630980736,-0.4190328554426308
1576,0.968541053342244,-0.3443769658689032
1577,0.8196480831498935,-0.5494307848528668
1578,1.6115593727094024,-0.2575031685480489
1579,0.7050972177823333,-0.49606436040726476
1580,1.6035912245813444,-0.2698582103859083
1581,0.5025514666496551,-0.3361448891322504
1582,1.2993476904360084,-0.25469681558370505
1583,1.4943595984555513,-0.19889697257348693
1584,0.5806531700551072,-0.3312363482220597
1585,1.3926848943838244,-0.2490887106665869
1586,1.8311889995646256,-0.28454609026648314
1587,0.5322980723139712,-0.29698451228248257
1588,1.1858246667203793,-0.23759317482002051
1589,0.7146768880371891,-0.2298082838062674
1590,1.1344680667901474,-0.2128427667892019
1591,1.566254019504866,-0.19363422823525955
1592,1.152857362965562,-0.28982889299044134
1593,1.96682211517053,-0.228730749112258
1594,0.9698439613198727,-0.4265199170864781
1595,1.3254992137758672,-0.19705248940057896
1596,1.593554007624567,-0.2583461245400327
1597,1.7389148977686812,-0.18245185992607293
1598,1.676799952507794,-0.22995412979849994
1599,1.463629298033077,-0.28904073216451975
1600,1.6541778917201644,-0.25829450007112653
1601,1.9833167720212739,-0.27961603796698065
1602,1.356205968814231,-0.18082319346620268
1603,0.898725286111516,-0.35115223631164627
1604,1.37364174359207,-0.3241680148565197
1605,1.131468364949001,-0.3021773603363451
1606,0.855222223984564,-0.22936266104983005
1607,1.3667465406388553,-0.20977763485550405
1608,0.4342212874531778,-0.42482216053907096
1609,0.4437444019607417,-0.33333464661221535
1610,1.1367131994775095,-0.3573068250876681
1611,1.0732668017903941,-0.38804415504017853
1612,0.942089097519571,-0.4016700579092405
1613,1.2699452675157452,-0.2551709308098683
1614,0.9813965416908411,-0.18180646366209208
1615,1.4264809535040759,-0.1941234341489385
1616,1.6389392839449526,-0.16879560354384593
1617,1.556105424495219,-0.3467270498951054
1618,1.3805195471181897,-0.22750790333969462
1619,1.7540533640421996,-0.3216281269124103
1620,1.08939066436767,-0.27731416358152605
1621,1.2392391565841891,-0.35735254766762137
1622,1.2457551826832387,-0.2729206840101869
1623,1.6572078885614765,-0.19595870903622903
1624,2.169514122746084,-0.19555322111258167
1625,1.782802419059334,-0.21664598199318952
1626,1.1194703133044281,-0.15379368348077627
1627,1.574329978055773,-0.22974913148419018
1628,1.2990427802730553,-0.14869641228436703
1629,1.2645980213995887,-0.33103935614908775
1630,1.4338807368921016,-0.2975146449106586
1631,1.667839002110832,-0.26105228629611354
1632,0.9070183470796045,-0.5105128814745352
1633,2.104378246837812,-0.18180646366209208
1634,1.9810837199643634,-0.35280717656066096
1635,0.8226510204288953,-0.36381709047364497
1636,0.6261663329397642,-0.4398530322599875
1637,0.9958174582265368,-0.24315023752590137
1638,0.9726501043454091,-0.3583114540501158
1639,1.1020909036947497,-0.42257089294054795
1640,1.434647279223437,-0.19166591583336134
1641,0.8505421302043039,-0.4339999677029819
1642,1.2393511434820663,-0.3060976984191095
1643,1.0134233529776928,-0.22987247968541613
1644,1.6609878307442592,-0.28520490085848205
1645,1.5126416029911411,-0.24976609652059034
1646,1.869602053636572,-0.13423629213611477
1647,1.50863727453357,-0.26688651206753944
1648,1.760817627692032,-0.15998656103619857
1649,1.7441423949370276,-0.2167210632289026
1650,1.4100685466907148,-0.21366805898007912
1651,0.8735898995219621,-0.3481368585186867
1652,1.3760651486940423,-0.24710188893505503
1653,1.250062819815123,-0.18230951384006222
1654,0.8757578187066503,-0.23629212746731765
1655,1.253631986432916,-0.23932549227578326
1656,0.8223639470917964,-0.34424566968596615
1657,1.4460089448986566,-0.23759598271319615
1658,1.8834472679526015,-0.16355783618209085
1659,0.9999340289010765,-0.2405961565304472
1660,1.8970088171811614,-0.2270851968862011
1661,1.4807345772157061,-0.22858603144293943
1662,1.4604367998319325,-0.3343513438085416
1663,1.5805055451886658,-0.2426903873060191
1664,1.2788466589093976,-0.23736529595647315
1665,1.7162942589359869,-0.16380732328087888
1666,1.620389615717527,-0.15698082849158101
1667,1.1267100077453356,-0.12380084862206853
1668,0.9454236895986428,-0.36469683293140276
1669,0.8416708519974025,-0.38779468165745234
1670,0.8799081078719543,-0.23712606510647183
1671,1.1400087999067297,-0.2931740858497287
1672,1.540306794380898,-0.4616778673705486
1673,1.7314376992542684,-0.2436333197740369
1674,1.32189810354549,-0.18180646366209208
1675,1.0348524257485125,-0.3216866279889663
1676,0.6319183910545791,-0.49548973097951954
1677,1.0606467160822866,-0.2768896206669742
1678,0.6727482517601419,-0.38457099276243745
1679,1.3282336115898834,-0.29418136624347757
1680,1.707481936804092,-0.23595487859306696
1681,0.8655000122722233,-0.2656272223476852
1682,2.0887741183954462,-0.18318098457287846
1683,0.41026076285719615,-0.53740018558705
1684,0.7783942948602618,-0.21877933967934582
1685,1.9472317178138392,-0.13494393305335073
1686,1.0895867635265761,-0.3128179159226486
1687,1.1068122416894643,-0.2195060335724095
1688,0.8384253176727741,-0.24300755001426744
1689,1.5956828135300345,-0.29146987825467796
1690,1.5882441559010343,-0.17011835816070775
1691,0.9884359157119169,-0.24185212585582716
1692,1.6707545076479347,-0.13812508706633075
1693,0.6359876188849954,-0.26666506604937634
1694,2.3271952415120056,-0.22750790333969462
1695,0.910563627205082,-0.22283517019483545
1696,0.948844573291915,-0.3472243161274391
1697,1.5841650381650303,-0.28940051984996773
1698,2.4019640519269476,-0.18180646366209208
1699,1.1795057247396652,-0.23127120139196855
1700,0.37285977423351974,-0.34219227510555983
1701,1.022443335061646,-0.30624583200521327
1702,1.1304917831356762,-0.32064333143286927
1703,1.2457362267323302,-0.18756699357873907
1704,1.5583253839365045,-0.1246402062033014
1705,0.7098874871799102,-0.2772656212968433
1706,1.1313791507093038,-0.26112327729524265
1707,1.9218644743412592,-0.218005637319874
1708,1.3056841436613027,-0.22955938891411998
1709,1.3830215778756005,-0.37741733069075734
1710,0.8063281989395582,-0.5581964065370142
1711,1.6815932581613287,-0.24705213559388717
1712,1.4439483202503023,-0.2412350293314678
1713,1.673362615288338,-0.12262712592458469
1714,0.8237987091353883,-0.21844492658375314
1715,0.9723234505535409,-0.3052213167919885
1716,1.222297180145649,-0.3672651336605003
1717,0.9805990021797446,-0.26891026323084166
1718,1.818161944124343,-0.20806688054690403
1719,1.3519083092871669,-0.19693675792029586
1720,1.600015896776149,-0.18180646366209208
1721,1.3933597494727228,-0.18180646366209208
1722,0.6882708192581863,-0.37432047431990656
1723,0.5965928645398988,-0.30937186998662225
1724,0.629226320423978,-0.28727098124593176
1725,0.7052418931827652,-0.5818507224496563
1726,0.7458960260655396,-0.4552430940589133
1727,1.6259718861762957,-0.1974725442649733
1728,1.5400725687992798,-0.18372666777869928
1729,1.6387379780762183,-0.2600664981418409
1730,1.7092736168460116,-0.15768169317716407
1731,1.3777438971076277,-0.25242756817005185
1732,1.697478329998343,-0.12262712592458458
1733,0.7024715829820234,-0.4003680593352512
1734,1.7459527932199215,-0.11407304370487115
1735,1.2913170235892222,-0.2951681987295891
1736,0.6489595142236216,-0.3393301241240749
1737,1.3721429079276073,-0.2805477241421106
1738,1.4777644344834966,-0.10280274248239418
1739,1.10278630603174,-0.2996461164238948
1740,1.8117542698352747,-0.27676462072468866
1741,1.385614778668934,-0.21361689117039473
1742,1.1233541731048535,-0.18866005176728495
1743,0.9890906091450287,-0.274882562498836
1744,1.3390819130185025,-0.21664598199318952
1745,1.745678022134432,-0.12281282864851895
1746,1.3005694578630502,-0.24345257120048214
1747,0.8417479546293298,-0.43472160548468586
1748,0.803588853349051,-0.47184559040476326
1749,1.3475286243090434,-0.2812936725957187
1750,1.2820006605506797,-0.2799890908632169
1751,1.0887675931460716,-0.2196712311296427
1752,0.8141860829378652,-0.2304006139319319
1753,1.4017246113206445,-0.3760672037947774
1754,0.95555895468823,-0.2609638792241171
1755,2.2509702993893907,-0.18245185992607282
1756,1.2606555044044745,-0.26837745970467974
1757,0.9224591483921997,-0.3045282336791537
1758,0.944857815317544,-0.40135530645993733
1759,1.7366078447675422,-0.3416567970062927
1760,0.8111836379135464,-0.22645544306805543
1761,1.0057163187900628,-0.27857552601620217
1762,1.334943581416159,-0.24567211203572137
1763,0.4687364732654086,-0.5601835166195415
1764,1.9271248206431077,-0.2738940610201642
1765,0.6022341198207823,-0.2915111214238586
1766,0.8510248644526607,-0.26882616012014393
1767,0.8730911798792332,-0.44281070645179565
1768,1.295960102629752,-0.1575310004619216
1769,0.7512069379114835,-0.2701306053808096
1770,1.653448540323563,-0.17104204582180138
1771,1.6029393357401873,-0.21579848553155834
1772,0.21102280850997018,-0.44333289219249705
1773,1.6119864232535377,-0.1425213588244837
1774,0.9142234661503841,-0.27571474072577284
1775,1.2648240574079235,-0.4388106786474193
1776,1.1195714190356445,-0.20107855184236578
1777,1.6624512654786001,-0.21280654620697292
1778,1.5398627128059927,-0.20401961145518133
1779,1.118491116577042,-0.30350472722675936
1780,1.0240898785169092,-0.272657125822648
1781,1.684672970230601,-0.24944139788920772
1782,1.8026680050731312,-0.23433768580815684
1783,1.6971431623402107,-0.25996222847605044
1784,0.8435847216628342,-0.2744872608782637
1785,1.4240180883072344,-0.13609605279077142
1786,1.8118477868372909,-0.13892171796540687
1787,0.9729318785103301,-0.3660076135233463
1788,1.639140638055314,-0.1800353504803902
1789,1.6992258145015948,-0.2526371166114232
1790,1.3276685361294362,-0.24701868541609162
1791,0.8141547559711345,-0.47204505052565804
1792,1.6006403504280373,-0.18180646366209208
1793,1.753120361035827,-0.11806477838182661
1794,0.49510178196832233,-0.34741100508663714
1795,0.8212273444848361,-0.23277944679028761
1796,0.5850879905702719,-0.4993844430786123
1797,2.4930117728012444,-0.18180646366209208
1798,1.6554331230218913,-0.1391063776732696
1799,1.6980153421046256,-0.19869443473539083
1800,1.3947078105350397,-0.22750790333969462
1801,1.1013927824226024,-0.26054188795364686
1802,0.4679089020790248,-0.36623039371382904
1803,1.604811142062988,-0.22367585564716086
1804,1.4112143238538688,-0.3050811070110043
1805,1.5558292662897109,-0.18180646366209208
1806,1.0391060394505685,-0.26478658355465334
1807,1.3752634899455756,-0.22025770277419465
1808,0.9198924059652376,-0.4363628990588878
1809,1.7724974009662529,-0.2028001084381894
1810,1.8300746585204788,-0.31278777929472357
1811,0.6695803349165752,-0.3081895728701374
1812,1.292322557026074,-0.2931825262761668
1813,0.5054147145548692,-0.28198139207669914
1814,1.5561939334474142,-0.3607149877422984
1815,0.978069170874818,-0.2155790269021497
1816,2.1519990444755104,-0.2306113718519448
1817,1.0554642383252986,-0.26016882287884013
1818,1.5007196739362554,-0.1680418176737678
1819,1.587550251176331,-0.20986616385625556
1820,0.9200565839338742,-0.356346531662741
1821,1.3771636108308722,-0.3104315814513662
1822,1.3544928588317504,-0.29828262362643587
1823,1.4735389306277358,-0.25414959568729123
1824,1.0512481088159942,-0.24742301374422737
1825,1.5178916754852723,-0.12155447857475288
1826,1.9386246632610036,-0.14990487357077975
1827,1.5329094537408838,-0.3236984350196287
1828,0.8229775348891747,-0.25329500330128585
1829,1.1454998857074024,-0.18244884984085907
1830,1.454674823202488,-0.25573171816132667
1831,0.7759497794445526,-0.19695707145444274
1832,1.0710988699264494,-0.23913689077764666
1833,1.4445326505162237,-0.18180646366209208
1834,1.421528790376321,-0.18255243070860216
1835,1.7341982738648116,-0.19997401045091578
1836,1.870943235829324,-0.23389223930024805
1837,0.946077370487697,-0.19901587674800425
1838,2.336215201666917,-0.3679519596404198
1839,1.1767804690005206,-0.23101011840963548
1840,1.7954444804253535,-0.11407304370487115
1841,0.9542344165362078,-0.23306883485678975
1842,1.1587331212510286,-0.2685300702952397
1843,1.0248347231903774,-0.25052408724134567
1844,1.8081058249917996,-0.17517861815023406
1845,1.1190150816562234,-0.34817549819952276
1846,1.7265645235156062,-0.2195060335724095
1847,0.6664244006761411,-0.3611417915196651
1848,0.9838216043071353,-0.26571872834336396
1849,1.4901472773160194,-0.23800161873635184
1850,1.6920838745829863,-0.1910080249214262
1851,2.2277130474676685,-0.13316483540745272
1852,1.6157155796884684,-0.12262712592458458
1853,1.2979913777643695,-0.27523928136900166
1854,1.078311056949572,-0.35081858188023785
1855,1.4372196891153763,-0.24952443458982954
1856,1.0022032211530056,-0.2965443988451575
1857,0.6222275181484077,-0.4585390193352681
1858,1.0382429875068788,-0.2535257209679259
1859,0.6125203110467831,-0.3042224674537244
1860,1.02594865777129,-0.2960137705694962
1861,1.6600257784353463,-0.18854388112815124
1862,1.473226159691276,-0.2157966464991894
1863,1.2959772977474746,-0.2937772419914131
1864,1.4998546687254943,-0.2676828652910124
1865,0.6681066026107207,-0.29934061420543967
1866,1.417861569418692,-0.3101739468920639
1867,2.062969150065365,-0.11854435992842005
1868,1.0777104230364023,-0.20264651726777627
1869,1.7040162290201006,-0.24010878808532055
1870,1.2041671444911832,-0.22271172013445784
1871,1.0146595180323272,-0.38928347345333314
1872,1.3589483768492965,-0.28617598325522975
1873,0.9624073129620672,-0.2527505852068559
1874,1.2379107888392473,-0.41416040923472286
1875,1.18183008421008,-0.39911567173482654
1876,1.7335506308782542,-0.18935585254024312
1877,1.8446524488547305,-0.3132822061099596
1878,1.5164615114280073,-0.29949905677138466
1879,2.060043213545058,-0.12764044414321296
1880,1.2507838799078275,-0.18180646366209208
1881,0.4895271669920959,-0.4871740553229129
1882,1.5977950735674589,-0.23948326544572762
1883,1.325658453341282,-0.23465903416672151
1884,1.4813356940868858,-0.2905726060822331
1885,1.4867081708385967,-0.35920046467108757
1886,1.2999038381653305,-0.23841356754246001
1887,0.9941007128511372,-0.39402381145358556
1888,1.6288990374376424,-0.18180646366209208
1889,1.4951605261979748,-0.26739347246629086
1890,1.0303815023256637,-0.23378028500794656
1891,1.4396297307388355,-0.12262712592458447
1892,0.6370190975357936,-0.574217079497669
1893,1.8823425209768607,-0.11975267776957998
1894,1.8163562001847688,-0.20643145372965654
1895,1.2587519933876326,-0.45217294561274046
1896,1.3563288512377918,-0.272758598692892
1897,1.0261737536205022,-0.29025205492261474
1898,1.128011400477065,-0.3003037391282106
1899,0.5891892045306242,-0.35718213036289725
1900,1.3302055583294479,-0.4252636417322986
1901,0.948259543621745,-0.32191293646112795
1902,1.5965511445705036,-0.2625097922851515
1903,1.3255454094518815,-0.22289852329292226
1904,1.2689957691348692,-0.2073091111627281
1905,1.4833115051683199,-0.20689423139454066
1906,1.084475616409443,-0.1688580487698983
1907,1.8252092115853575,-0.12262712592458458
1908,1.2423243346454798,-0.34342839455828345
1909,1.3389640409667647,-0.24646490971185075
1910,1.329623712281035,-0.27254045653909265
1911,1.013329285265796,-0.21279203497656463
1912,1.2519295781842525,-0.22749288798031142
1913,1.0363799947732002,-0.20643145372965654
1914,0.7868491336855963,-0.3487757441629944
1915,1.4796346475470736,-0.22547866266930705
1916,0.6001648409108185,-0.2094329232314548
1917,0.8911148594477727,-0.27625491492523824
1918,1.0829923640015784,-0.24983069121097357
1919,1.336186919176431,-0.31091646879741286
1920,0.8654526880170356,-0.33578823625751775
1921,0.632610753509349,-0.5860461942784606
1922,1.3036773215407225,-0.35597437746872396
1923,1.1080758603787906,-0.27536008854603145
1924,0.12797198069754775,-0.6032366041920282
1925,1.7056455905695969,-0.19764780482574118
1926,1.41278766955983,-0.21111327595783513
1927,1.685545701904456,-0.29488453184068986
1928,1.4253004480898228,-0.23759598271319626
1929,1.220491769999084,-0.2874536635419187
1930,1.0996479601010565,-0.25536727444045904
1931,1.3657081739660666,-0.2537916994739188
1932,1.5407859203043797,-0.2674589550136912
1933,1.264884664294734,-0.1818064636620922
1934,1.3195505910183847,-0.39813962148007875
1935,1.6900507034002608,-0.1818064636620922
1936,1.5757240622986801,-0.21264105886911577
1937,0.9460727799117853,-0.26061983680857925
1938,1.921980190090294,-0.16310013635299425
1939,1.2730301735083658,-0.26773964886281276
1940,1.3342700234640412,-0.2017338682334351
1941,0.7438521158240466,-0.42524956745856857
1942,0.5178468536623939,-0.3742559370656121
1943,0.7717395649711773,-0.3787891271388635
1944,1.1615393753961394,-0.3971124811472302
1945,0.9859806365185868,-0.2946467292863273
1946,1.4330889064087593,-0.2265909491063629
1947,1.198792859993556,-0.21726389662358214
1948,1.4705101256850355,-0.11866814533951198
1949,0.9641839435175219,-0.31146621044423484
1950,1.7182801393179363,-0.16722172182792394
1951,1.5659283640164274,-0.27434555353877565
1952,1.1206104257287302,-0.2947607206519305
1953,0.8044423726701087,-0.26055794932293985
1954,1.005356879689051,-0.2489624528911859
1955,1.7326827663164626,-0.23062233931145437
1956,0.58953511116539,-0.556374646671939
1957,1.1880935981997622,-0.4307376427574161
1958,0.9230702638150342,-0.29308097351095086
1959,1.5370946077513323,-0.2483027594893078
1960,1.1272903919726982,-0.3337043621111755
1961,1.325012924904062,-0.35617668847346085
1962,1.276382931903423,-0.20631795398275754
1963,0.9428536558696886,-0.2723918418992788
1964,1.6784849006320162,-0.24861756698197657
1965,1.9612566144992507,-0.18476407430873276
1966,1.5727138994517553,-0.21967123112964282
1967,1.474221157734416,-0.23349643976055123
1968,1.100952653909794,-0.23798990596090774
1969,1.5175375503962896,-0.30247700844359604
1970,0.4522295566158346,-0.32838551469894206
1971,1.403773938500454,-0.2143589282405709
1972,1.1544127384432001,-0.2164216729859535
1973,1.4963385926440684,-0.18180646366209208
1974,0.9769439056760606,-0.42212149567863666
1975,1.595723612522502,-0.22016207232921436
1976,0.42867442851567245,-0.3305593370948685
1977,1.2658090773156399,-0.17118083667759132
1978,1.4971584284531798,-0.22750790333969473
1979,0.6115325492053398,-0.537000624632642
1980,1.8281861222261506,-0.11407304370487115
1981,1.3803717560196045,-0.18180646366209208
1982,1.408114966832043,-0.3535496278275365
1983,0.6316557847356804,-0.3507936338176434
1984,1.8880147229488722,-0.12570491456706245
1985,0.9651120995650463,-0.28246701556869114
1986,1.311519006984349,-0.2625562363994992
1987,1.311315454703041,-0.27593359240686743
1988,0.8875747733332293,-0.2679776708361278
1989,1.7962803613802298,-0.11407304370487115
1990,0.4728365297156428,-0.30988752454816715
1991,0.4723520674464956,-0.275712064639562
1992,1.319727080162215,-0.18180646366209208
1993,1.3795433806483488,-0.24028197438499632
1994,0.9062194867268576,-0.3906853152333173
1995,1.5268133718746253,-0.18180646366209208
1996,1.339052755869554,-0.2845998114194146
1997,1.1638207090107044,-0.21785228929924028
1998,0.8089246822941427,-0.35906480580249855
1999,1.4394065665724967,-0.22011808932119936
2000,1.0374458362500487,-0.45759179145540296
