factor,signal_date,date,n_stocks,long_short,t_stat_cross_section,r_squared
roe,2023-03-31,2023-04-30,73,0.010203193743934191,1.1161879483623103,0.01724493650087
roe,2023-04-30,2023-05-31,73,0.0014157897126827782,0.11207459185170332,0.00017688017461181538
roe,2023-05-31,2023-06-30,73,0.009390491517337032,0.6217355092726361,0.005414955845046698
roe,2023-06-30,2023-07-31,73,0.05548567715835982,3.7140111871404065,0.1626754105945395
roe,2023-07-31,2023-08-31,73,-0.034564518095871945,-1.0753274919953089,0.016025333156774346
roe,2023-08-31,2023-09-30,73,-0.006408495508087082,-0.34388499607853784,0.0016628204303427152
roe,2023-09-30,2023-10-31,73,0.012003541961893441,0.9323867363362043,0.012096186848231771
roe,2023-10-31,2023-11-30,73,-0.01378166270343743,-1.171928192085854,0.018976797963186853
roe,2023-11-30,2023-12-31,73,0.04235243130909957,2.7655420095532497,0.09724596886136916
roe,2023-12-31,2024-01-31,73,0.0009917919753061454,0.05201818315475369,3.8109693775045805e-05
roe,2024-01-31,2024-02-29,73,-0.013716247997381617,-0.936819960190003,0.012210080073766894
roe,2024-02-29,2024-03-31,73,0.033644106708255066,1.5485668214974875,0.03267197016868584
roe,2024-03-31,2024-04-30,73,0.03993612125362493,2.9997728442886196,0.11248488026281545
roe,2024-04-30,2024-05-31,73,0.029403380847406912,1.7544364721138157,0.04155141024137188
roe,2024-05-31,2024-06-30,73,0.007876974115586355,0.6109433840380621,0.0052295756321855125
roe,2024-06-30,2024-07-31,73,-0.04751964768863651,-4.314889245327619,0.20775082319442384
roe,2024-07-31,2024-08-31,73,-0.02039153136590546,-1.339135507272589,0.02463529340334869
roe,2024-08-31,2024-09-30,73,-0.030257132142723134,-3.0192802010555226,0.11378559725312509
roe,2024-09-30,2024-10-31,73,0.003993447348682307,0.3687410317649287,0.0019114092154151052
roe,2024-10-31,2024-11-30,73,-0.010031098666696285,-0.9209327954623279,0.011804306732698167
roe,2024-11-30,2024-12-31,73,-0.002673857597484423,-0.24598789432150753,0.0008515284243687526
roe,2024-12-31,2025-01-31,73,0.007025520955533177,0.6026645839690902,0.005089522013515646
roe,2025-01-31,2025-02-28,73,-0.00884728422821205,-1.0691575271659763,0.01584486738816082
roe,2025-02-28,2025-03-31,73,0.0033298142134435935,0.14427185609617768,0.0002930742015072596
roe,2025-03-31,2025-04-30,73,-0.006649437535761234,-0.6462100012004828,0.005847122271346539
roe,2025-04-30,2025-05-31,73,-0.0031720177430934176,-0.2641753996279966,0.0009819733968871036
roe,2025-05-31,2025-06-30,73,0.00999031184133069,0.7709069965559017,0.008300906877825587
roe,2025-06-30,2025-07-31,73,-0.024754277085866708,-2.274749592660683,0.06792938161809658
roe,2025-07-31,2025-08-31,73,-0.01709805076208875,-1.3987994796081438,0.026819217340286583
roe,2025-08-31,2025-09-30,73,0.003666552938893401,0.3364562532903944,0.0015918676969181034
roe,2025-09-30,2025-10-31,73,0.016548226779914153,1.6492208877198475,0.036895444062315264
roe,2025-10-31,2025-11-30,73,0.016178942546052986,1.5635498574535722,0.0332861125575985
roe,2025-11-30,2025-12-31,73,0.008291902943097135,0.7937922300988791,0.008796665799231662
roe,2025-12-31,2026-01-31,73,0.0166184614510546,1.393916553953675,0.026637282123043504
roe,2026-01-31,2026-02-28,73,0.009949774047391823,1.0464758013210702,0.015189817706153685
roe,2026-02-28,2026-03-31,73,-0.0008732629496235906,-0.06132909261255227,5.2972652913818585e-05
roe,2026-03-31,2026-04-30,73,-0.009406060490884355,-0.2959954612611636,0.00123246946977007
roe,2026-04-30,2026-05-31,73,0.0007749846412768076,0.044403322295058646,2.776901802703513e-05
pe,2023-03-31,2023-04-30,67,-0.00338486386923953,-0.3539248168820042,0.001923412983926176
pe,2023-04-30,2023-05-31,67,-0.000334671413672126,-0.0246215498581449,9.32638559347776e-06
pe,2023-05-31,2023-06-30,67,-0.022057502117394226,-1.5285429073111376,0.03469805206276888
pe,2023-06-30,2023-07-31,67,0.037276647727017984,2.3305752347682414,0.07711854332370438
pe,2023-07-31,2023-08-31,67,0.04167720183395527,1.409554762440762,0.029660221187362446
pe,2023-08-31,2023-09-30,67,0.027113307460219286,1.5170190910014756,0.0341946636686824
pe,2023-09-30,2023-10-31,67,-0.011380618363497545,-0.8418133224786839,0.010784724286111769
pe,2023-10-31,2023-11-30,67,-0.025229256685133022,-2.077398049389717,0.062259920356581455
pe,2023-11-30,2023-12-31,67,0.0023698317110678368,0.1440196503261629,0.0003190006627215025
pe,2023-12-31,2024-01-31,67,0.019124762504221453,1.4751086959697504,0.03239173849191834
pe,2024-01-31,2024-02-29,67,-0.0050499528297692844,-0.33618388861570225,0.0017357451343369412
pe,2024-02-29,2024-03-31,67,0.011882379223555456,0.5007509508141402,0.0038428908314505072
pe,2024-03-31,2024-04-30,66,0.013459535310392274,0.9355181423154201,0.013490428899157303
pe,2024-04-30,2024-05-31,66,0.009793180348803287,0.5246893147422038,0.004283120916037331
pe,2024-05-31,2024-06-30,66,-0.016541573903085697,-1.2390049194059614,0.023424583358275797
pe,2024-06-30,2024-07-31,66,-0.011933144526381122,-0.984103558594179,0.014906614945310093
pe,2024-07-31,2024-08-31,66,-0.01128265673992876,-0.6821783203167937,0.0072188724036615914
pe,2024-08-31,2024-09-30,66,0.01476980755385436,1.3932509672492295,0.029437586530244197
pe,2024-09-30,2024-10-31,66,-0.014576259713057878,-1.7062730337479026,0.043510807912956584
pe,2024-10-31,2024-11-30,66,-0.010641655004652537,-0.9259806376221897,0.013220382108572237
pe,2024-11-30,2024-12-31,66,0.0038644830383777274,0.3388276241450033,0.001790602972119304
pe,2024-12-31,2025-01-31,66,-0.00850811459005937,-0.6833402573474452,0.007243306516126702
pe,2025-01-31,2025-02-28,66,-0.01795927450918797,-2.143397924366992,0.0669758915290446
pe,2025-02-28,2025-03-31,66,0.002089250503271318,0.1129918281428179,0.00019944698213880674
pe,2025-03-31,2025-04-30,55,-0.00021069628609232324,-0.01920604436023148,6.959803258266284e-06
pe,2025-04-30,2025-05-31,55,-0.01251177951026273,-0.945797695149998,0.016597848162097195
pe,2025-05-31,2025-06-30,55,0.001041448400855249,0.06337691908781781,7.577980176098897e-05
pe,2025-06-30,2025-07-31,55,0.008863877967321578,0.8104837239294888,0.01224230367879453
pe,2025-07-31,2025-08-31,55,-0.02126877228672194,-1.6575548127271742,0.04928451591046823
pe,2025-08-31,2025-09-30,55,0.001824499366805952,0.15133235370266038,0.000431916787603015
pe,2025-09-30,2025-10-31,55,0.003940526198332019,0.34280710268082654,0.0022123908821036764
pe,2025-10-31,2025-11-30,55,0.003191070165391927,0.25659217327437517,0.0012407142514313518
pe,2025-11-30,2025-12-31,58,-0.00468349153279044,-0.39920328156178936,0.002837697059916655
pe,2025-12-31,2026-01-31,58,0.014549825032991116,1.095947195014203,0.020997852295158825
pe,2026-01-31,2026-02-28,58,-0.006825361251755578,-0.6283918390696611,0.00700198899781046
pe,2026-02-28,2026-03-31,51,0.01997841090154941,1.3216504042205381,0.03442110980427393
pe,2026-03-31,2026-04-30,51,-0.007420497564220576,-0.6712801369569544,0.009112465109787804
pe,2026-04-30,2026-05-31,51,-0.013703934536000651,-1.3615049655398745,0.03645154483029556
momentum,2001-05-31,2001-06-30,45,0.013168877738880763,0.9322625705865615,0.01981151272880055
momentum,2001-06-30,2001-07-31,45,0.048129282764607685,2.7611929468509815,0.15060363471292282
momentum,2001-07-31,2001-08-31,47,-0.04027691758632434,-2.230401408381034,0.09954419724182362
momentum,2001-08-31,2001-09-30,47,0.034441996754937164,1.5120514727319814,0.04835014946853844
momentum,2001-09-30,2001-10-31,47,-0.08325358885972174,-2.5640615396758046,0.12747429157079182
momentum,2001-10-31,2001-11-30,47,-0.05502178283692549,-2.605987017258011,0.1311259921827953
momentum,2001-11-30,2001-12-31,47,-0.06088101133935211,-2.1671778005945095,0.09450654541693204
momentum,2001-12-31,2002-01-31,47,-0.022853233182574057,-1.3508046562722644,0.03896819975351351
momentum,2002-01-31,2002-02-28,47,0.022113908449903744,1.4180480620028655,0.04277437794277161
momentum,2002-02-28,2002-03-31,47,0.0011351977515919143,0.07432256161865354,0.00012273700412412936
momentum,2002-03-31,2002-04-30,48,-0.009637236361242288,-0.5567329645169662,0.0066929803014839084
momentum,2002-04-30,2002-05-31,48,-0.00810940731486045,-0.48967707383678966,0.005185656544710815
momentum,2002-05-31,2002-06-30,48,0.011005997396976035,0.5989834468239466,0.007739227833811091
momentum,2002-06-30,2002-07-31,48,-0.006155086828065466,-0.16545102208198023,0.0005947339225513826
momentum,2002-07-31,2002-08-31,48,-0.019462811056512482,-1.1331293771496,0.027154696495867436
momentum,2002-08-31,2002-09-30,48,0.00926862172584337,0.7395900366709312,0.01175142328484613
momentum,2002-09-30,2002-10-31,48,-0.04550391158150502,-3.2965552831615823,0.19109894756510193
momentum,2002-10-31,2002-11-30,48,0.005382971958197048,0.25363542181473914,0.001396545350909606
momentum,2002-11-30,2002-12-31,48,-0.0011511399887949494,-0.0946376355033205,0.00019466388237021626
momentum,2002-12-31,2003-01-31,48,0.002076772245372012,0.07204867511019486,0.00011283534468586875
momentum,2003-01-31,2003-02-28,48,-0.021279310620461324,-1.8913426995638731,0.07215370879717053
momentum,2003-02-28,2003-03-31,48,-0.006365145956278321,-0.5868559895441218,0.007431317544667193
momentum,2003-03-31,2003-04-30,48,-0.0355594651700104,-1.0601102733652046,0.02384852210162336
momentum,2003-04-30,2003-05-31,48,-0.024059965478853813,-1.9488303527319228,0.07626700548806298
momentum,2003-05-31,2003-06-30,48,-0.014941122816447334,-1.4357475750079418,0.04289039309529863
momentum,2003-06-30,2003-07-31,48,-0.026958123466047833,-2.8254574585814956,0.14788320058030557
momentum,2003-07-31,2003-08-31,49,-0.017049970938407596,-1.5537283156538513,0.04885393161999041
momentum,2003-08-31,2003-09-30,49,0.01134697596274084,0.686972298023673,0.009941262740413626
momentum,2003-09-30,2003-10-31,49,0.024646025512764205,1.6383467713689701,0.054024845242807595
momentum,2003-10-31,2003-11-30,49,-0.00823529465752727,-0.8485143651473525,0.015087531024502887
momentum,2003-11-30,2003-12-31,49,0.019636764198625246,1.0233223662198982,0.02179500391797584
momentum,2003-12-31,2004-01-31,49,0.0004970540318233832,0.04405340146067097,4.1289830829516205e-05
momentum,2004-01-31,2004-02-29,49,0.005994375440115503,0.37041103648522566,0.002910744026569767
momentum,2004-02-29,2004-03-31,49,-0.005892482316678083,-0.15327481094390438,0.0004996049014504012
momentum,2004-03-31,2004-04-30,49,0.07156214684317215,1.8190300713505316,0.06577111300925009
momentum,2004-04-30,2004-05-31,49,-0.015581028557526737,-0.3159461052174621,0.002119369825352657
momentum,2004-05-31,2004-06-30,49,-0.15105817315632136,-3.1509842443552643,0.1744059044077818
momentum,2004-06-30,2004-07-31,49,0.026720378676878428,2.3583562212959417,0.10581523851191132
momentum,2004-07-31,2004-08-31,49,0.014327458566818666,0.563662958554145,0.006714523822543783
momentum,2004-08-31,2004-09-30,49,0.05364007385038532,3.004320224365253,0.161102875004572
momentum,2004-09-30,2004-10-31,49,-0.018036207853763343,-1.2764035648497591,0.033502625116661466
momentum,2004-10-31,2004-11-30,49,-0.008953284492896589,-0.5744211959446288,0.006971476679248134
momentum,2004-11-30,2004-12-31,49,-0.009595499621113739,-0.5095205457929427,0.005493299247854022
momentum,2004-12-31,2005-01-31,49,5.402835142162442,0.2767900156403409,0.0016274049542528424
momentum,2005-01-31,2005-02-28,49,-0.0062307775695236165,-0.49862507114529203,0.005262099188127589
momentum,2005-02-28,2005-03-31,50,-0.008011588935715488,-0.43368008839299965,0.0039030072424329765
momentum,2005-03-31,2005-04-30,50,-0.008311808070120778,-0.6216789960776585,0.007987453024702718
momentum,2005-04-30,2005-05-31,50,0.012614407463547053,0.7473995225632281,0.011503749629772853
momentum,2005-05-31,2005-06-30,50,0.014034331566372325,1.079285957760902,0.02369290224305809
momentum,2005-06-30,2005-07-31,53,-4.7560115259303904e-05,-0.0035176201106684336,2.4262055386969905e-07
momentum,2005-07-31,2005-08-31,53,-0.012385324994422202,-1.409334870391074,0.03748568208554737
momentum,2005-08-31,2005-09-30,53,-0.0158279433261451,-0.9821524864868615,0.01856308083493996
momentum,2005-09-30,2005-10-31,53,-0.0024137560520782995,-0.15375463758250582,0.00046332422288497543
momentum,2005-10-31,2005-11-30,53,0.010434665867202278,0.5947293402540896,0.006887584878555231
momentum,2005-11-30,2005-12-31,53,-0.012497128487545573,-0.9668230965623225,0.01799848763767664
momentum,2005-12-31,2006-01-31,53,-0.02120152871907009,-1.063763603874211,0.021706472787441866
momentum,2006-01-31,2006-02-28,53,-0.006977162954687103,-0.4377883122907588,0.0037439421108053095
momentum,2006-02-28,2006-03-31,53,-0.06854240678291681,-1.952987607046172,0.0695834899594141
momentum,2006-03-31,2006-04-30,53,0.0003603382425016013,0.02443982983338909,1.171173111391699e-05
momentum,2006-04-30,2006-05-31,53,-0.022130374380735566,-1.2976956893224991,0.03196442280998302
momentum,2006-05-31,2006-06-30,53,-0.019317675010952738,-1.2446941607860595,0.029482117333689772
momentum,2006-06-30,2006-07-31,53,-0.025349313631504288,-1.962948929124676,0.07024513995882475
momentum,2006-07-31,2006-08-31,54,0.007612459410297085,0.5769486605121871,0.006360624945914162
momentum,2006-08-31,2006-09-30,54,-0.011714957666991852,-0.9637566864600203,0.017548602608585928
momentum,2006-09-30,2006-10-31,54,-0.0032227853833545978,-0.40546538926306347,0.0031516163324751822
momentum,2006-10-31,2006-11-30,54,0.029839380165047655,2.8824610156815016,0.13776781511549507
momentum,2006-11-30,2006-12-31,55,-0.007270865733768107,-0.7039667843852874,0.009263743532749724
momentum,2006-12-31,2007-01-31,55,-0.00526133430821414,-0.4378805809975266,0.0036046838356097455
momentum,2007-01-31,2007-02-28,55,-0.016763777424208322,-1.466738696749363,0.039007630474602206
momentum,2007-02-28,2007-03-31,55,0.010474888439466402,0.8683829492754678,0.014028494601435515
momentum,2007-03-31,2007-04-30,55,0.001683391283136702,0.14902055949288653,0.0004188269096064845
momentum,2007-04-30,2007-05-31,56,0.007910334726189187,0.4134191651330428,0.0031551138617100793
momentum,2007-05-31,2007-06-30,56,0.01867098356216107,1.5496510531582413,0.04257726942425466
momentum,2007-06-30,2007-07-31,56,0.00033252353212569197,0.021668391491710216,8.694724213165195e-06
momentum,2007-07-31,2007-08-31,56,0.02186426540104118,2.2635221519283517,0.08665809218138087
momentum,2007-08-31,2007-09-30,56,0.001404505343765755,0.14884123235749805,0.00041008569498401926
momentum,2007-09-30,2007-10-31,56,0.03475975082344142,3.2562558724808666,0.1641281225761524
momentum,2007-10-31,2007-11-30,56,-0.001945401363224162,-0.21113557200829794,0.0008248418477382335
momentum,2007-11-30,2007-12-31,56,0.017880917782475556,1.8135281889670474,0.05740877172476855
momentum,2007-12-31,2008-01-31,56,0.04953371127851153,3.145658442383755,0.1548656572185393
momentum,2008-01-31,2008-02-29,56,0.0403639762121555,3.2156602505589174,0.16071487682472907
momentum,2008-02-29,2008-03-31,57,0.061649783299868186,3.642395604036004,0.19434041114871448
momentum,2008-03-31,2008-04-30,57,0.005877310092767309,0.40974237773598304,0.0030432343835441467
momentum,2008-04-30,2008-05-31,57,0.0639341314342392,4.511070810196388,0.2700706663680491
momentum,2008-05-31,2008-06-30,58,0.04878126541607123,2.573983021207257,0.1057939717783215
momentum,2008-06-30,2008-07-31,60,-0.08462791867654165,-4.5936591021608155,0.2667667432428452
momentum,2008-07-31,2008-08-31,60,0.005709102492330855,0.4482343833684089,0.003452077440195378
momentum,2008-08-31,2008-09-30,60,-0.002455257149304281,-0.20168515427913586,0.0007008343738937883
momentum,2008-09-30,2008-10-31,60,-0.003054869867471421,-0.2163562706840762,0.0008064187478239448
momentum,2008-10-31,2008-11-30,60,0.018417975535152828,1.034580823046725,0.018120044047287287
momentum,2008-11-30,2008-12-31,61,-0.04557789937563218,-3.6805243503067175,0.18672581588400528
momentum,2008-12-31,2009-01-31,62,0.006038848513372755,0.6096013976862745,0.006155440285194658
momentum,2009-01-31,2009-02-28,62,0.003807155641553289,0.33968828267683604,0.0019194441386551908
momentum,2009-02-28,2009-03-31,62,-0.023972727201073935,-1.771243858581905,0.04969019213246395
momentum,2009-03-31,2009-04-30,62,-0.06385254870076075,-3.6362924636575586,0.1805811149744837
momentum,2009-04-30,2009-05-31,62,-0.02835890598514525,-2.1305979730784657,0.07033601747534535
momentum,2009-05-31,2009-06-30,63,0.009273530211603856,0.8923352289043894,0.012885280321204617
momentum,2009-06-30,2009-07-31,63,0.000804732489911488,0.06560889938300239,7.0561048299278e-05
momentum,2009-07-31,2009-08-31,63,-0.04834824442811282,-0.9873327264470576,0.01572938525210732
momentum,2009-08-31,2009-09-30,63,9.217551264046567e-06,0.0006490846703508423,6.906736071954356e-09
momentum,2009-09-30,2009-10-31,63,-0.002274965993492771,-0.2624514108070448,0.0011279188712243204
momentum,2009-10-31,2009-11-30,63,0.012562831063391023,1.1091278847924568,0.019767980230326332
momentum,2009-11-30,2009-12-31,63,0.003469840233631971,0.26380721057056733,0.0011395891066604547
momentum,2009-12-31,2010-01-31,63,-0.014372746132184039,-0.8965161572943096,0.013004734089234637
momentum,2010-01-31,2010-02-28,63,-0.011337859848915685,-1.143414353520667,0.020983004582361797
momentum,2010-02-28,2010-03-31,63,0.007550282343889434,0.5366201138249388,0.004698494470600334
momentum,2010-03-31,2010-04-30,63,-0.024279187222262258,-2.3598536825299754,0.08365631122542438
momentum,2010-04-30,2010-05-31,63,0.004367274532843022,0.4565238252543259,0.003404989435186523
momentum,2010-05-31,2010-06-30,63,0.0014531971972073022,0.1787916970388572,0.0005237660324323157
momentum,2010-06-30,2010-07-31,63,0.006712162335579631,0.8307589060085844,0.011187527409331599
momentum,2010-07-31,2010-08-31,63,0.008319189612597623,0.9308288401042157,0.014005045335468091
momentum,2010-08-31,2010-09-30,63,0.002089702159520216,0.2798170309830799,0.0012819213033468113
momentum,2010-09-30,2010-10-31,63,0.0040618259900602445,0.5602635096044194,0.005119479021343576
momentum,2010-10-31,2010-11-30,63,0.006078428476381714,0.6183091539637711,0.00622828032182865
momentum,2010-11-30,2010-12-31,63,0.0030060668015296117,0.23674336390689943,0.0009179667325674989
momentum,2010-12-31,2011-01-31,63,-0.0056206732987210085,-0.4817810836902942,0.0037907072152483234
momentum,2011-01-31,2011-02-28,63,0.026156420464376145,2.1628704802829115,0.07122640905292743
momentum,2011-02-28,2011-03-31,63,0.01658044340482527,1.688797603770819,0.04466634840522121
momentum,2011-03-31,2011-04-30,63,0.008291698079908148,0.765540058020149,0.009515979112057149
momentum,2011-04-30,2011-05-31,63,0.032870703296216525,2.6423506494426667,0.10270388063466585
momentum,2011-05-31,2011-06-30,64,0.016757349206053897,2.0772947628982577,0.06507039948093607
momentum,2011-06-30,2011-07-31,65,0.014376972231967062,1.8486907515947657,0.05145706162984809
momentum,2011-07-31,2011-08-31,65,0.015256841699745949,1.736490471417549,0.045677208587921014
momentum,2011-08-31,2011-09-30,65,-0.01543025091300088,-1.4794783753530636,0.033577153958675776
momentum,2011-09-30,2011-10-31,65,-0.01229489804177574,-1.2348364349420564,0.02363154204740414
momentum,2011-10-31,2011-11-30,66,0.010468129458938776,1.0597918619751237,0.01724668783831984
momentum,2011-11-30,2011-12-31,66,0.03768691725270112,5.558111071119296,0.3255533003520582
momentum,2011-12-31,2012-01-31,68,-0.03902889571847179,-4.287053689980371,0.21781327714975918
momentum,2012-01-31,2012-02-29,68,-0.030776261684317983,-4.626877392192088,0.24492032506577888
momentum,2012-02-29,2012-03-31,69,-0.015718969649380774,-1.9930140619210615,0.055967130299431345
momentum,2012-03-31,2012-04-30,69,0.01787598658221573,0.6821112558159163,0.006896522100188207
momentum,2012-04-30,2012-05-31,69,0.007175659400941568,0.7165035572208979,0.00760408333399909
momentum,2012-05-31,2012-06-30,69,-0.032823941976877435,-3.5524528960375283,0.15850205989103694
momentum,2012-06-30,2012-07-31,69,-0.021054145493460474,-2.2528366356075287,0.07041628428244462
momentum,2012-07-31,2012-08-31,69,-0.010719123637228095,-1.2791871247528273,0.023840434733131688
momentum,2012-08-31,2012-09-30,70,-0.010041613799950989,-1.609680548133803,0.03670537099369775
momentum,2012-09-30,2012-10-31,70,0.011942231431540938,1.5063477112780543,0.03229134800969924
momentum,2012-10-31,2012-11-30,70,-0.002500805764270627,-0.2966904839789654,0.0012928153367517403
momentum,2012-11-30,2012-12-31,70,0.010010537579924608,1.0635433729619943,0.01636201514515212
momentum,2012-12-31,2013-01-31,70,-0.00420511684247352,-0.44761876977094656,0.0029378518752890548
momentum,2013-01-31,2013-02-28,70,0.01819216746944876,2.0319061161439325,0.05723998572185318
momentum,2013-02-28,2013-03-31,70,0.022757581491300777,2.8868428812046747,0.10917647321880086
momentum,2013-03-31,2013-04-30,70,0.02234288862477722,2.8906394791995087,0.10943238065632765
momentum,2013-04-30,2013-05-31,70,-0.00591381423315269,-0.4950592468392239,0.0035912280378999073
momentum,2013-05-31,2013-06-30,71,0.0014568452903814086,0.15386705107000742,0.0003429992590396891
momentum,2013-06-30,2013-07-31,71,0.009575535010987077,1.111091881675375,0.017577183963943255
momentum,2013-07-31,2013-08-31,71,-0.006397708559147724,-0.7056518483323465,0.0071648814136128225
momentum,2013-08-31,2013-09-30,71,-0.0022541586600785994,-0.23124073287881539,0.0007743604308294572
momentum,2013-09-30,2013-10-31,71,-0.016758402376629882,-2.0769668041701372,0.058840104168256246
momentum,2013-10-31,2013-11-30,71,0.016703934909504316,2.6087999055459417,0.08977985365320851
momentum,2013-11-30,2013-12-31,71,0.017254187497130584,1.6047783295160467,0.03598047093927437
momentum,2013-12-31,2014-01-31,71,0.01240080761001356,1.3482760305782169,0.02566935171618767
momentum,2014-01-31,2014-02-28,71,-0.018900459100449137,-2.0909148735685963,0.05958580217165199
momentum,2014-02-28,2014-03-31,71,-0.02585679064378166,-2.6279350502416183,0.09098146062109003
momentum,2014-03-31,2014-04-30,71,-0.022163706273968492,-2.3574232218641504,0.07453909268368109
momentum,2014-04-30,2014-05-31,72,-0.01612181872553639,-1.8960086875079416,0.04884647491952432
momentum,2014-05-31,2014-06-30,71,0.02533158947305439,3.6825296514446753,0.16425455829702085
momentum,2014-06-30,2014-07-31,71,0.010260858040278788,1.244698605992633,0.021960177877237586
momentum,2014-07-31,2014-08-31,73,-0.008164829969631818,-0.9471484875492252,0.01247742091167059
momentum,2014-08-31,2014-09-30,73,0.03795816452836271,4.1667751737624625,0.19648731731809632
momentum,2014-09-30,2014-10-31,73,0.008555299847422138,1.4263017994468807,0.027854525851760847
momentum,2014-10-31,2014-11-30,73,-0.029479087081523785,-3.088357627543754,0.11842805161780456
momentum,2014-11-30,2014-12-31,73,-0.0015731105288971207,-0.18318142209989652,0.00047238848172237446
momentum,2014-12-31,2015-01-31,73,0.0034303416506901913,0.23786118674765913,0.0007962379528814179
momentum,2015-01-31,2015-02-28,73,0.010372765367911282,1.1572593054129983,0.018513450396952402
momentum,2015-02-28,2015-03-31,73,-0.0015532019609770086,-0.19918668558817454,0.0005584954538165876
momentum,2015-03-31,2015-04-30,73,-0.012922871804687324,-1.8522914283155993,0.04609617356163387
momentum,2015-04-30,2015-05-31,73,0.008541109159733521,1.019209612268067,0.014419846019190663
momentum,2015-05-31,2015-06-30,73,0.017285250626907916,2.831101473743003,0.10143797765287976
momentum,2015-06-30,2015-07-31,73,0.017798658484885623,2.609382707550788,0.08750772764578985
momentum,2015-07-31,2015-08-31,73,-0.014482644663691717,-1.6995718138469829,0.03909326372331745
momentum,2015-08-31,2015-09-30,73,-0.004436473016345593,-0.7241098869041108,0.007330863367994156
momentum,2015-09-30,2015-10-31,73,-0.007926655032875566,-1.199197318591528,0.0198524632884306
momentum,2015-10-31,2015-11-30,73,0.008697742866832982,0.9294140637607511,0.012020104359665829
momentum,2015-11-30,2015-12-31,73,0.007011205098899532,0.9123212031870825,0.011587122094496305
momentum,2015-12-31,2016-01-31,73,0.011067868410576645,1.449385726646584,0.02873732315887656
momentum,2016-01-31,2016-02-29,73,-0.0045424516104311105,-0.6120718820723957,0.005248811494850347
momentum,2016-02-29,2016-03-31,73,-0.013885858924957705,-1.5639173332743723,0.03330123953999542
momentum,2016-03-31,2016-04-30,73,-0.006301552797918594,-0.8095354529060467,0.009145830297513924
momentum,2016-04-30,2016-05-31,73,0.01724343744663838,2.2465172147374024,0.06636488278691821
momentum,2016-05-31,2016-06-30,73,0.013916821140717829,2.238091020292237,0.06590072263573654
momentum,2016-06-30,2016-07-31,73,0.012156707595942666,1.3773609342738984,0.02602466409456916
momentum,2016-07-31,2016-08-31,73,-0.0002897073016552651,-0.019486595456935648,5.348244670910773e-06
momentum,2016-08-31,2016-09-30,73,-0.003116329754857369,-0.4816177904360111,0.0032563432212104892
momentum,2016-09-30,2016-10-31,73,-0.014024569499834133,-2.704662314809332,0.09340713427039127
momentum,2016-10-31,2016-11-30,73,0.012259919939644722,1.0460520124670256,0.015177704117462776
momentum,2016-11-30,2016-12-31,73,0.010826534085855297,1.398105666650698,0.02679333161153319
momentum,2016-12-31,2017-01-31,73,0.02473995596634475,2.782571607560709,0.09832916935819003
momentum,2017-01-31,2017-02-28,73,0.011761267938022372,1.902584796874761,0.04851028154592674
momentum,2017-02-28,2017-03-31,73,0.02286064797885966,2.243710674178658,0.06621014097106626
momentum,2017-03-31,2017-04-30,73,0.004656086591862013,0.6879069512440903,0.006620885420140166
momentum,2017-04-30,2017-05-31,73,0.003328276946576859,0.3643282338524247,0.0018660193772440659
momentum,2017-05-31,2017-06-30,73,-0.007960414242251612,-1.0190117261529013,0.014414327854613052
momentum,2017-06-30,2017-07-31,73,-0.010454026459189842,-1.2520534616683117,0.021602437627431303
momentum,2017-07-31,2017-08-31,73,0.08087240367103471,5.434111946057164,0.2937401589018742
momentum,2017-08-31,2017-09-30,73,-0.01289952524204769,-1.7687817800961598,0.04220489056129062
momentum,2017-09-30,2017-10-31,73,0.0559233346113058,6.35855796541333,0.3628358830134072
momentum,2017-10-31,2017-11-30,73,-0.003444627808532765,-0.33241888423206345,0.0015539521026758374
momentum,2017-11-30,2017-12-31,73,0.011270959329321234,1.0173908214861347,0.01436916603640459
momentum,2017-12-31,2018-01-31,73,-0.017394278535040608,-1.5585285084875993,0.033079719786384354
momentum,2018-01-31,2018-02-28,73,0.02077397346956236,3.034672378110661,0.11481516158146443
momentum,2018-02-28,2018-03-31,73,-0.01021443456207544,-0.8069775096992557,0.009088648699868807
momentum,2018-03-31,2018-04-30,73,-0.0026480010162332657,-0.30788501637939475,0.0013333351018619544
momentum,2018-04-30,2018-05-31,73,0.018725478163694034,1.6320488355154457,0.03615875414299752
momentum,2018-05-31,2018-06-30,73,-0.016733182744607205,-1.9217573676783692,0.04944431064939381
momentum,2018-06-30,2018-07-31,73,0.028854193363584326,2.3052354926167546,0.06963470620724943
momentum,2018-07-31,2018-08-31,73,0.04040344051782361,2.602553812354699,0.08709013935776344
momentum,2018-08-31,2018-09-30,73,-0.021345494482967985,-1.9530002713343135,0.050982427760468685
momentum,2018-09-30,2018-10-31,73,0.0007824508256195727,0.07321931948992984,7.550230948627501e-05
momentum,2018-10-31,2018-11-30,73,-0.03554133679258532,-2.9320734262637433,0.10800719477232967
momentum,2018-11-30,2018-12-31,73,0.005868410838743195,0.7089151615522135,0.007028569345132296
momentum,2018-12-31,2019-01-31,73,-0.031780336531360705,-3.2410218736280143,0.12887949147127187
momentum,2019-01-31,2019-02-28,73,-0.009877786297859,-0.8207215021505117,0.009397936429706988
momentum,2019-02-28,2019-03-31,73,0.022857270189799626,2.1580348297233556,0.0615555373446256
momentum,2019-03-31,2019-04-30,73,0.02864186476583799,3.4559747222348087,0.1439983079655851
momentum,2019-04-30,2019-05-31,73,0.019153038744125103,1.8514160784943334,0.046054621930252226
momentum,2019-05-31,2019-06-30,73,-0.006331159240714176,-0.5738122885443536,0.004616065552626947
momentum,2019-06-30,2019-07-31,73,-0.02231183423089559,-2.0462285534615403,0.055688462587587195
momentum,2019-07-31,2019-08-31,73,0.01796248728670621,1.3093391472521574,0.02357675691949468
momentum,2019-08-31,2019-09-30,73,-0.03653929269535108,-2.772616295352173,0.09769545075464592
momentum,2019-09-30,2019-10-31,73,0.009951528162578,0.9903018026702561,0.013624453391647084
momentum,2019-10-31,2019-11-30,73,-0.027172632503910332,-1.5859665177352626,0.034214512414742715
momentum,2019-11-30,2019-12-31,73,0.04198703275465568,2.6053934185688488,0.08726369533192535
momentum,2019-12-31,2020-01-31,73,0.009434710960328904,0.5604992354372408,0.004405287752110798
momentum,2020-01-31,2020-02-29,73,0.023048142819052188,1.6031631447563115,0.03493444957125802
momentum,2020-02-29,2020-03-31,73,0.002609225371481078,0.17981833503382333,0.00045521006427717836
momentum,2020-03-31,2020-04-30,73,-0.01906998356814852,-1.1302794593753487,0.01767536365742406
momentum,2020-04-30,2020-05-31,73,0.05450259719512583,6.183174575689273,0.3500052282626325
momentum,2020-05-31,2020-06-30,73,0.0006187926608968207,0.039569280208127375,2.2052019841289905e-05
momentum,2020-06-30,2020-07-31,73,0.04880321230333641,3.6264012483958643,0.15627644894632164
momentum,2020-07-31,2020-08-31,73,0.04589894276236022,4.428192477808598,0.21641241735835293
momentum,2020-08-31,2020-09-30,73,-0.024651374149406925,-2.072970325066198,0.05706992594647908
momentum,2020-09-30,2020-10-31,73,0.029157457933059135,1.3116525028360981,0.02365816915633845
momentum,2020-10-31,2020-11-30,73,-0.03147007581785032,-1.628262539038215,0.03599720705007592
momentum,2020-11-30,2020-12-31,73,-0.020184339770940196,-0.811529263496056,0.009190521886553338
momentum,2020-12-31,2021-01-31,73,0.02060314547527851,1.2941006414482308,0.023043735323799774
momentum,2021-01-31,2021-02-28,73,0.012365857697870405,1.0459031786848134,0.015173450943294142
momentum,2021-02-28,2021-03-31,73,0.054786963514122364,2.727474949684612,0.0948394071603953
momentum,2021-03-31,2021-04-30,73,-0.03194670288989272,-2.6170788528241484,0.08797920040704443
momentum,2021-04-30,2021-05-31,73,-0.018049282321414447,-1.8865923019770745,0.047736953417412464
momentum,2021-05-31,2021-06-30,73,-0.030236154825923196,-3.3796452763120093,0.13857952839892773
momentum,2021-06-30,2021-07-31,73,0.007667553622302886,0.8019674036033217,0.008977155541506465
momentum,2021-07-31,2021-08-31,73,-0.01511124841932168,-1.7023427195728806,0.039215836457533904
momentum,2021-08-31,2021-09-30,73,0.004544725772268959,0.3830872366962604,0.0020627199259563023
momentum,2021-09-30,2021-10-31,73,0.003883832803702498,0.42305643961082723,0.0025144608600098373
momentum,2021-10-31,2021-11-30,73,0.015934766282138874,1.2086330558988958,0.020159782772419588
momentum,2021-11-30,2021-12-31,73,0.02033971502907869,1.2493355380401256,0.0215107667159804
momentum,2021-12-31,2022-01-31,73,-0.002506648669688338,-0.1459365291778755,0.0002998744222787453
momentum,2022-01-31,2022-02-28,73,0.028255610602123435,2.195700980271517,0.0635852370522122
momentum,2022-02-28,2022-03-31,73,0.03806650159943735,2.460399155677857,0.07856306302518401
momentum,2022-03-31,2022-04-30,73,0.016287852656590336,1.3944370419028165,0.026656648168689734
momentum,2022-04-30,2022-05-31,73,0.03985884952715403,4.234878384808372,0.2016569098916664
momentum,2022-05-31,2022-06-30,73,0.0001521043509035382,0.011015671782834665,1.709081935863388e-06
momentum,2022-06-30,2022-07-31,73,0.0017997501795471056,0.10472792620160033,0.00015445414764614362
momentum,2022-07-31,2022-08-31,73,-0.05870022284958289,-2.006514305986589,0.0536626544411507
momentum,2022-08-31,2022-09-30,73,-0.06232238217722755,-2.8739699831223673,0.10421062788421342
momentum,2022-09-30,2022-10-31,73,0.006332819019170005,0.34319579620807067,0.0016561730270434616
momentum,2022-10-31,2022-11-30,73,-0.05316505238409073,-2.4575927806338975,0.07839798692305378
momentum,2022-11-30,2022-12-31,73,-0.02670264860086248,-1.798490530345254,0.04357226379442569
momentum,2022-12-31,2023-01-31,73,-0.004940969811164404,-0.4508294666282553,0.002854465434513731
momentum,2023-01-31,2023-02-28,73,-0.005877428791814223,-0.41226449480778216,0.002388114435784905
momentum,2023-02-28,2023-03-31,73,-0.04228927096259682,-3.0618201112336325,0.11663791527506662
momentum,2023-03-31,2023-04-30,73,0.028555825267963634,3.3298880074840342,0.13507617826505203
momentum,2023-04-30,2023-05-31,73,0.020791112422973462,1.6780037007032513,0.03814495501836335
momentum,2023-05-31,2023-06-30,73,0.04031820374870822,2.8059179947310815,0.09982070220936756
momentum,2023-06-30,2023-07-31,73,0.02372572527568809,1.4753177396233332,0.029743983052561207
momentum,2023-07-31,2023-08-31,73,0.11696744448151482,3.994786765003035,0.18351689705674157
momentum,2023-08-31,2023-09-30,73,-0.04023534334072725,-2.2316423714622537,0.06554636418657322
momentum,2023-09-30,2023-10-31,73,0.032647112917049755,2.641457985075407,0.08947860802112362
momentum,2023-10-31,2023-11-30,73,-0.0352134388052753,-3.1686054694709855,0.12389009268015994
momentum,2023-11-30,2023-12-31,73,-0.007748069851865241,-0.4814908582248106,0.0032546325896274375
momentum,2023-12-31,2024-01-31,73,-0.05132574271938807,-2.840785353821685,0.10206216209899666
momentum,2024-01-31,2024-02-29,73,-0.017404657727754055,-1.1932465300012844,0.01965978792077283
momentum,2024-02-29,2024-03-31,73,0.005858290488530572,0.2653346391582465,0.0009906018298719843
momentum,2024-03-31,2024-04-30,73,0.017538722841324402,1.2547903814931645,0.021694933142080375
momentum,2024-04-30,2024-05-31,73,0.01623939884632634,0.9546948122494054,0.01267450849055507
momentum,2024-05-31,2024-06-30,73,0.03868930770497119,3.2016845853922993,0.12616227999820984
momentum,2024-06-30,2024-07-31,73,-0.028628576237168992,-2.406307600435957,0.07540425081352498
momentum,2024-07-31,2024-08-31,73,-0.02449510600894882,-1.6176972405703587,0.035548125296742006
momentum,2024-08-31,2024-09-30,73,-0.0005478728425068941,-0.051467483484094655,3.730708497762247e-05
momentum,2024-09-30,2024-10-31,73,-0.011825325305328637,-1.100123549706485,0.016760383170392634
momentum,2024-10-31,2024-11-30,73,0.0029203716571141927,0.26665909812623073,0.0010005060782133368
momentum,2024-11-30,2024-12-31,73,-0.01918889505638555,-1.8045903968631236,0.04385534547355807
momentum,2024-12-31,2025-01-31,73,0.022821841294968805,2.007366786418643,0.053705812581652634
momentum,2025-01-31,2025-02-28,73,0.013461375782812226,1.6442505865938586,0.03668153874555746
momentum,2025-02-28,2025-03-31,73,-0.025793933555742457,-1.1273748000403883,0.017586229581261215
momentum,2025-03-31,2025-04-30,73,0.0005823854261565347,0.056433318595594695,4.4853191590199515e-05
momentum,2025-04-30,2025-05-31,73,-0.003611196377204491,-0.30079532068938014,0.0012727136983299303
momentum,2025-05-31,2025-06-30,73,0.018728576205972472,1.4606517325487773,0.029172723610464302
momentum,2025-06-30,2025-07-31,73,-0.00866489757598366,-0.771944518160523,0.008323079295626368
momentum,2025-07-31,2025-08-31,73,-0.02001315417750796,-1.6456984306406657,0.036743792321602964
momentum,2025-08-31,2025-09-30,73,0.0069497070923360185,0.6390526520007845,0.005719052086137433
momentum,2025-09-30,2025-10-31,73,-0.00023729075364409106,-0.02320847178853713,7.586325021291529e-06
momentum,2025-10-31,2025-11-30,73,0.001392787194891986,0.13235761043807354,0.00024667909273301536
momentum,2025-11-30,2025-12-31,73,0.008279796001338385,0.7926229571688682,0.008770996668561626
momentum,2025-12-31,2026-01-31,73,0.024442665331507678,2.0836262959111327,0.05762426584399616
momentum,2026-01-31,2026-02-28,73,0.02604735443900299,2.8722764770889055,0.10410063165820305
momentum,2026-02-28,2026-03-31,73,-0.0174539422503932,-1.238933623246666,0.02116161084798318
momentum,2026-03-31,2026-04-30,73,-0.01819452703857304,-0.5735271123105145,0.004611499613317527
momentum,2026-04-30,2026-05-31,73,0.03849723500826484,2.2853867298487125,0.06852253281223675
trend,2004-03-31,2004-04-30,50,0.03354969686618271,0.8478655821740809,0.014755595854981651
trend,2004-04-30,2004-05-31,50,-0.046282470696413974,-0.9625114894187676,0.01893513175147299
trend,2004-05-31,2004-06-30,50,-0.17420445947376803,-3.5968483605504376,0.21230534139114254
trend,2004-06-30,2004-07-31,53,0.007243422902942491,0.6175964123124654,0.007423408869306702
trend,2004-07-31,2004-08-31,53,0.016950887468179444,0.7200177479420233,0.010062915388871607
trend,2004-08-31,2004-09-30,53,0.04805992769573831,2.80008341650845,0.13324957330522003
trend,2004-09-30,2004-10-31,53,-0.010078412009694506,-0.7503589544554397,0.010919421668109996
trend,2004-10-31,2004-11-30,53,-0.01420845315484047,-0.966511883308407,0.017987110726648492
trend,2004-11-30,2004-12-31,53,-0.010287867885229566,-0.5738694435693349,0.006415945094924824
trend,2004-12-31,2005-01-31,53,2.757919981801995,0.15297836368199666,0.0004586597259951253
trend,2005-01-31,2005-02-28,53,-0.0027768658149441806,-0.2373605473683968,0.001103487430053507
trend,2005-02-28,2005-03-31,53,-0.014103253569656577,-0.8114533126098061,0.012746344421245115
trend,2005-03-31,2005-04-30,53,-0.01645092085302893,-1.3222562861204668,0.03314532679870841
trend,2005-04-30,2005-05-31,53,-0.014701771380597872,-0.8958458872401287,0.015492287751755263
trend,2005-05-31,2005-06-30,53,0.002471729422605254,0.196053492176378,0.0007530985287772518
trend,2005-06-30,2005-07-31,53,0.022516251821760615,1.712551368209769,0.05437934686041823
trend,2005-07-31,2005-08-31,54,-0.02659785899938842,-3.2220188866464174,0.1664182714132605
trend,2005-08-31,2005-09-30,54,-0.015506381722941885,-0.9806682119400988,0.018158593053980376
trend,2005-09-30,2005-10-31,54,0.01897020157193318,1.2477545720292407,0.02906986251868726
trend,2005-10-31,2005-11-30,54,-0.012359827280727443,-0.709699014402189,0.009593094448978934
trend,2005-11-30,2005-12-31,55,0.01890100919737618,1.5331439193238088,0.04246626483217297
trend,2005-12-31,2006-01-31,55,0.032144444785661995,1.6939664330285213,0.05136113858357372
trend,2006-01-31,2006-02-28,55,-0.0039060285837458405,-0.2531335794776706,0.0012075327256000357
trend,2006-02-28,2006-03-31,55,-0.014512698144346097,-0.4141350546758939,0.0032255591475074397
trend,2006-03-31,2006-04-30,55,-0.0035511147450270506,-0.24201038537232755,0.0011038561292271432
trend,2006-04-30,2006-05-31,56,-0.00884069344796863,-0.5325257442127872,0.005224114715463135
trend,2006-05-31,2006-06-30,56,-0.00642360795081218,-0.422927375657091,0.003301426794595441
trend,2006-06-30,2006-07-31,56,-0.01975337348264446,-1.545716612102403,0.04237049216303923
trend,2006-07-31,2006-08-31,56,0.00585213367805261,0.45264667741821607,0.003779899162281386
trend,2006-08-31,2006-09-30,56,-0.004746539083659694,-0.40013622800862025,0.0029562163724987656
trend,2006-09-30,2006-10-31,56,0.005622077646371855,0.7222757166732832,0.009568344000795315
trend,2006-10-31,2006-11-30,56,0.0036957568421478247,0.33909426355933076,0.002124825863847546
trend,2006-11-30,2006-12-31,56,-0.024155323563720667,-2.504470424825819,0.10406711880365149
trend,2006-12-31,2007-01-31,56,0.0031942406422474437,0.2653776664181942,0.0013024736801167114
trend,2007-01-31,2007-02-28,56,0.0007707334249308219,0.06698159344117952,8.307705799781573e-05
trend,2007-02-28,2007-03-31,57,-0.007451535978319836,-0.6281341822042212,0.007122587559330484
trend,2007-03-31,2007-04-30,57,0.00024359926490644427,0.02205992132939095,8.847924060195744e-06
trend,2007-04-30,2007-05-31,57,0.0006967170345996967,0.037019134251489574,2.491603918852725e-05
trend,2007-05-31,2007-06-30,58,0.006359689706376753,0.5354724739486448,0.005094109507381095
trend,2007-06-30,2007-07-31,60,0.012170610566806205,0.8519002109426729,0.012358022971365346
trend,2007-07-31,2007-08-31,60,-0.0043414568808414055,-0.4519023012848303,0.003508606507035994
trend,2007-08-31,2007-09-30,60,-0.016788231433861857,-1.8334518525943575,0.05478261112338312
trend,2007-09-30,2007-10-31,60,0.004014540177923041,0.3673140103440019,0.0023208010463358075
trend,2007-10-31,2007-11-30,60,0.004054870871310806,0.4632075756081373,0.003685697417687095
trend,2007-11-30,2007-12-31,61,0.01629055904922902,1.6097795900602363,0.042073905374600096
trend,2007-12-31,2008-01-31,62,0.020420763179117975,1.309725911328449,0.02779504733259175
trend,2008-01-31,2008-02-29,62,0.0041315925679812565,0.3050687978124908,0.0015487139546905837
trend,2008-02-29,2008-03-31,62,0.03675603112793021,2.1771098442031573,0.0732131817088354
trend,2008-03-31,2008-04-30,62,-0.0020910935092968252,-0.15091208058563832,0.0003794302458205445
trend,2008-04-30,2008-05-31,62,0.051721487125440745,3.4263336141404057,0.16364372702543062
trend,2008-05-31,2008-06-30,63,0.05000256594298037,2.751924761637732,0.1104382186285151
trend,2008-06-30,2008-07-31,63,-0.08131522451956655,-4.435403026911127,0.2438591446983075
trend,2008-07-31,2008-08-31,63,-0.0064790761139851055,-0.521344180624593,0.004435968190250605
trend,2008-08-31,2008-09-30,63,-0.0020390131747118484,-0.17391742915439534,0.0004956111684879527
trend,2008-09-30,2008-10-31,63,-0.010273987580507194,-0.7415224538996119,0.008933498620380287
trend,2008-10-31,2008-11-30,63,0.0007554011927249306,0.04393149732411808,3.1637957321750676e-05
trend,2008-11-30,2008-12-31,63,-0.03706061636928969,-2.9859789771423833,0.12752533708349023
trend,2008-12-31,2009-01-31,63,0.007464609155235834,0.7066633591327084,0.008119970626419448
trend,2009-01-31,2009-02-28,63,-5.7685071522390035e-05,-0.005210565375818794,4.450816305512362e-07
trend,2009-02-28,2009-03-31,63,-0.019319587100806418,-1.4239350600345324,0.03216989609233034
trend,2009-03-31,2009-04-30,63,-0.04259372639114352,-2.3146576619171584,0.08073885816997362
trend,2009-04-30,2009-05-31,63,-0.017710046474913345,-1.3173118345946238,0.02766082540397996
trend,2009-05-31,2009-06-30,63,0.0027088780135886103,0.2591165114212167,0.001099467978829205
trend,2009-06-30,2009-07-31,63,-0.0140630558380894,-1.1590601938815228,0.02154871390684565
trend,2009-07-31,2009-08-31,63,-0.049204425953277335,-1.0051040449022988,0.01629140987890132
trend,2009-08-31,2009-09-30,63,0.0005603612880118699,0.039460215891607024,2.5525719539287728e-05
trend,2009-09-30,2009-10-31,63,-0.011137008407505908,-1.3018112721873747,0.027031188411697937
trend,2009-10-31,2009-11-30,63,0.015348706612534228,1.3618654924131102,0.029507392125298182
trend,2009-11-30,2009-12-31,63,-0.006546476893795758,-0.4984480005243662,0.004056435837424877
trend,2009-12-31,2010-01-31,63,-0.008035496035041209,-0.4989684292757556,0.004064876445647014
trend,2010-01-31,2010-02-28,63,0.01023370263487607,1.0300177515307851,0.017095078275173536
trend,2010-02-28,2010-03-31,63,-0.004288309905018127,-0.30429626481930183,0.0015156700241452103
trend,2010-03-31,2010-04-30,63,-0.015411501587472709,-1.458715747812502,0.03370701802572773
trend,2010-04-30,2010-05-31,63,0.002311053340663853,0.24128450002077875,0.0009534868795230134
trend,2010-05-31,2010-06-30,64,-0.001093809582147982,-0.13669455040543546,0.00030128662015316277
trend,2010-06-30,2010-07-31,65,0.00473143554509356,0.5817870303446344,0.0053439263029113615
trend,2010-07-31,2010-08-31,65,0.006907806490300138,0.7914166825880284,0.009844041978225637
trend,2010-08-31,2010-09-30,65,0.004904380216759669,0.6561014989780125,0.006786473165762974
trend,2010-09-30,2010-10-31,65,0.0027434134825146134,0.38585478500945797,0.00235766502722079
trend,2010-10-31,2010-11-30,66,-0.0019323067352440164,-0.2019721506012423,0.0006369807097479363
trend,2010-11-30,2010-12-31,66,-0.0021859965300128383,-0.1794244375083662,0.0005027647375821509
trend,2010-12-31,2011-01-31,68,-0.012308804305463241,-0.9747968059854787,0.014193062963446579
trend,2011-01-31,2011-02-28,68,0.025381822951796244,2.2110965416626334,0.06896629249326025
trend,2011-02-28,2011-03-31,69,-0.0011087107993830087,-0.11386904432532834,0.0001934873204203491
trend,2011-03-31,2011-04-30,69,0.007271467708738016,0.7073833572865637,0.0074131602078924
trend,2011-04-30,2011-05-31,69,0.024677501442449037,2.111323449742717,0.06238218608390811
trend,2011-05-31,2011-06-30,69,0.014244478695236817,1.7760528388603032,0.04496318576165992
trend,2011-06-30,2011-07-31,69,0.023343879248884643,3.313200166188405,0.1407755333548556
trend,2011-07-31,2011-08-31,69,0.008541613576186257,1.013635553937548,0.01510356378101041
trend,2011-08-31,2011-09-30,70,-0.007739213728549358,-0.7714135278744607,0.008675240864638889
trend,2011-09-30,2011-10-31,70,-0.017393194781802054,-1.782906956441071,0.044658790623581246
trend,2011-10-31,2011-11-30,70,0.0161135754245759,1.74785845175614,0.04299498660508316
trend,2011-11-30,2011-12-31,70,0.03330703014334763,4.859665485506616,0.2577743927138674
trend,2011-12-31,2012-01-31,70,-0.034585391167345554,-3.5596326349991947,0.15706991274856474
trend,2012-01-31,2012-02-29,70,-0.02301003043439649,-3.2928261463465596,0.13752323900419616
trend,2012-02-29,2012-03-31,70,-0.012830605878597363,-1.6352663168552417,0.03783700225612885
trend,2012-03-31,2012-04-30,70,0.05231564857571875,2.076559229096263,0.05963176753789645
trend,2012-04-30,2012-05-31,70,0.0036183814071991697,0.3613146423587813,0.0019161488362606782
trend,2012-05-31,2012-06-30,71,-0.0293189894884715,-3.128059452607215,0.12419605572701997
trend,2012-06-30,2012-07-31,71,-0.02352973669925253,-2.616050646767393,0.09023450982415038
trend,2012-07-31,2012-08-31,71,0.007076411335683125,0.8611836317029272,0.010634067062133212
trend,2012-08-31,2012-09-30,71,-0.00023778007622224395,-0.03795038830665707,2.0872491469314802e-05
trend,2012-09-30,2012-10-31,71,0.00530141177060996,0.6667213665970372,0.0064010435588501835
trend,2012-10-31,2012-11-30,71,-0.0046419693680363186,-0.5596268587988761,0.004518364487871018
trend,2012-11-30,2012-12-31,71,0.003621712443781442,0.3831082115338431,0.0021226139371077757
trend,2012-12-31,2013-01-31,71,-0.009928983369950744,-1.066427431794725,0.016214881308496576
trend,2013-01-31,2013-02-28,71,0.02476461866995019,2.8565279873222087,0.10575140427227914
trend,2013-02-28,2013-03-31,71,0.020121316002919516,2.546337917584549,0.08589702201441796
trend,2013-03-31,2013-04-30,71,0.020125386702665945,2.5874853349286613,0.0884480249808155
trend,2013-04-30,2013-05-31,71,-0.004279434415804853,-0.3587023812100006,0.001861274101298549
trend,2013-05-31,2013-06-30,71,0.01964691157788442,2.140833099542548,0.062285527883757186
trend,2013-06-30,2013-07-31,71,0.005009206931949008,0.5789480481498601,0.004834210257821603
trend,2013-07-31,2013-08-31,73,-0.012671501632547903,-1.4261770530154103,0.027849789359317145
trend,2013-08-31,2013-09-30,73,0.0065069759612502165,0.6724826254064242,0.0063291637396929445
trend,2013-09-30,2013-10-31,73,-0.012703666588157468,-1.5858730097093032,0.03421061600294617
trend,2013-10-31,2013-11-30,73,0.011325484206229745,1.7059050037969488,0.03937366360135375
trend,2013-11-30,2013-12-31,73,0.019124559423996632,1.8317463795124407,0.045125163015405256
trend,2013-12-31,2014-01-31,73,-8.383465056197988e-06,-0.000875717600204829,1.080114531148979e-08
trend,2014-01-31,2014-02-28,73,-0.016857623110961846,-1.8979495898674705,0.048285600626709946
trend,2014-02-28,2014-03-31,73,-0.013356005995064946,-1.3423504586529873,0.024750791341770384
trend,2014-03-31,2014-04-30,73,-0.02685998347059307,-2.927181701716063,0.10768588408674706
trend,2014-04-30,2014-05-31,73,-0.004439847875189738,-0.5135693930428938,0.0037010893818688606
trend,2014-05-31,2014-06-30,73,0.007766998900911581,1.0690215843473063,0.015840902135387247
trend,2014-06-30,2014-07-31,73,0.007514760589549174,0.9062058189504348,0.0114340735541818
trend,2014-07-31,2014-08-31,73,-0.013077839252766368,-1.5323052172196359,0.03201124205509798
trend,2014-08-31,2014-09-30,73,0.03366566291139884,3.602774913224089,0.15456047955460706
trend,2014-09-30,2014-10-31,73,0.009772702392375784,1.6364242099864017,0.036345834632562135
trend,2014-10-31,2014-11-30,73,-0.0248460160478826,-2.553770013422218,0.08412789978202784
trend,2014-11-30,2014-12-31,73,0.01536185095357212,1.8300888834887963,0.04504721208577456
trend,2014-12-31,2015-01-31,73,-0.0053428955655012355,-0.37068906239629856,0.0019316191051139686
trend,2015-01-31,2015-02-28,73,0.016177605556905155,1.8297774287506774,0.045032571034031355
trend,2015-02-28,2015-03-31,73,0.017879548532931718,2.38212158810347,0.07400769511644523
trend,2015-03-31,2015-04-30,73,-0.011441282793568942,-1.6314305662675261,0.036132352978496374
trend,2015-04-30,2015-05-31,73,0.01307102557846894,1.57530617242629,0.03377158214083997
trend,2015-05-31,2015-06-30,73,0.02266435098087393,3.8726754351743726,0.1743957087837067
trend,2015-06-30,2015-07-31,73,0.01928408854521448,2.8510254520631557,0.10272356906248559
trend,2015-07-31,2015-08-31,73,-0.01030543850711848,-1.1974023822106825,0.01979425364898868
trend,2015-08-31,2015-09-30,73,-0.007314706372030214,-1.201536299348609,0.01992843668015787
trend,2015-09-30,2015-10-31,73,-7.568743640952078e-05,-0.011336281081412563,1.8100145938726442e-06
trend,2015-10-31,2015-11-30,73,0.005861390317351607,0.6242606784488752,0.005458790092188304
trend,2015-11-30,2015-12-31,73,-0.006843211210400938,-0.8902142593618686,0.011038501690051161
trend,2015-12-31,2016-01-31,73,0.004296036587963115,0.555646432918954,0.0043296648574439045
trend,2016-01-31,2016-02-29,73,0.004076412680853871,0.5489936646772556,0.004227042793446101
trend,2016-02-29,2016-03-31,73,-0.006573172979315668,-0.7306142723932463,0.007462168035343608
trend,2016-03-31,2016-04-30,73,-0.007376684465205545,-0.9492771923185984,0.012532865938275406
trend,2016-04-30,2016-05-31,73,0.009281290502942525,1.1797733158533839,0.019226816097679622
trend,2016-05-31,2016-06-30,73,0.013419097741829854,2.1527196400556297,0.06127124680911844
trend,2016-06-30,2016-07-31,73,0.008169000745246893,0.9188436331358182,0.011751439322700508
trend,2016-07-31,2016-08-31,73,-0.03030509312956373,-2.1008064429154096,0.05852260247917296
trend,2016-08-31,2016-09-30,73,-0.006098859810980926,-0.946945152490416,0.01247213095934907
trend,2016-09-30,2016-10-31,73,-0.012904009187307098,-2.46912267663425,0.07907702049426157
trend,2016-10-31,2016-11-30,73,0.025690001623338666,2.2515675482971496,0.06664369641189427
trend,2016-11-30,2016-12-31,73,0.015664019183893894,2.0539509692078712,0.05608597019035444
trend,2016-12-31,2017-01-31,73,0.014747284053410841,1.6032677860632167,0.03493885084459769
trend,2017-01-31,2017-02-28,73,0.015215945994536323,2.504834014893703,0.08119390397602888
trend,2017-02-28,2017-03-31,73,0.0158061289103491,1.5233954015906233,0.031651804847505294
trend,2017-03-31,2017-04-30,73,0.0058814118585371914,0.8706707359122168,0.010564213285886526
trend,2017-04-30,2017-05-31,73,0.003722274872590767,0.4075525726142272,0.0023339638050466904
trend,2017-05-31,2017-06-30,73,-0.01390680933721696,-1.8075384387327296,0.04399244105514011
trend,2017-06-30,2017-07-31,73,-0.018208674750094078,-2.231487416667115,0.06553785857282046
trend,2017-07-31,2017-08-31,73,0.05680269884967141,3.468755825332458,0.1449107366812944
trend,2017-08-31,2017-09-30,73,-0.004344408563366507,-0.5843990611845452,0.004787145716567798
trend,2017-09-30,2017-10-31,73,0.04787961504776171,5.072051596178021,0.2659655647637078
trend,2017-10-31,2017-11-30,73,-0.00021444852989419466,-0.020679025390969507,6.022810079664431e-06
trend,2017-11-30,2017-12-31,73,-0.010164830630544772,-0.9162985675111484,0.011687189641977569
trend,2017-12-31,2018-01-31,73,-0.016827033745322732,-1.5060513867593648,0.030957373935765364
trend,2018-01-31,2018-02-28,73,0.021777022385816303,3.2018008526885544,0.12617028706122302
trend,2018-02-28,2018-03-31,73,-0.01700888972308968,-1.3548243469202823,0.025201279264478238
trend,2018-03-31,2018-04-30,73,-0.00700249661844074,-0.817462428179545,0.009324141021587518
trend,2018-04-30,2018-05-31,73,0.015321368424875125,1.3271552085384506,0.02420709850331615
trend,2018-05-31,2018-06-30,73,-0.015436690507482571,-1.7660304269652216,0.04207921334725817
trend,2018-06-30,2018-07-31,73,0.03095822347259916,2.4874427415491165,0.08016041071049829
trend,2018-07-31,2018-08-31,73,0.0476543984133834,3.128541750914484,0.12115414331556007
trend,2018-08-31,2018-09-30,73,-0.01781842848552497,-1.6171762587945162,0.035526045628135106
trend,2018-09-30,2018-10-31,73,0.0008753714715699875,0.08191532326243535,9.449980394538038e-05
trend,2018-10-31,2018-11-30,73,-0.034085549274885295,-2.7984123374843155,0.0993403676618072
trend,2018-11-30,2018-12-31,73,0.0017856590268196003,0.21502156664630706,0.0006507631909760114
trend,2018-12-31,2019-01-31,73,-0.019466182605292356,-1.8993524788030662,0.04835355577376088
trend,2019-01-31,2019-02-28,73,-0.005541367902088773,-0.458929507692655,0.0029576530016866
trend,2019-02-28,2019-03-31,73,0.022725671382395105,2.1448026312306068,0.06084877613701134
trend,2019-03-31,2019-04-30,73,0.026721387306448845,3.189662545232811,0.12533512918070044
trend,2019-04-30,2019-05-31,73,0.027742482878904542,2.7557469593946955,0.09662477607355757
trend,2019-05-31,2019-06-30,73,-0.010526293641935748,-0.9579571158923632,0.012760169856182224
trend,2019-06-30,2019-07-31,73,-0.029717462029807868,-2.789815676510191,0.09879116617105432
trend,2019-07-31,2019-08-31,73,0.013821713308625977,1.0025805451295746,0.013959661242226584
trend,2019-08-31,2019-09-30,73,-0.06022999589866208,-5.065330877900976,0.2654481699708571
trend,2019-09-30,2019-10-31,73,0.009435660733948529,0.9383123181223991,0.012248535606458999
trend,2019-10-31,2019-11-30,73,-0.06050860140718767,-3.8088331169559817,0.16966066091436838
trend,2019-11-30,2019-12-31,73,0.004332194279822602,0.25694521840910983,0.0009290072031341579
trend,2019-12-31,2020-01-31,73,-0.019491117371761395,-1.1663959304898273,0.018801415865272175
trend,2020-01-31,2020-02-29,73,0.024754164180610386,1.7266334653124906,0.04029754288675491
trend,2020-02-29,2020-03-31,73,0.0061402963761947125,0.42360488089872456,0.00252096802616697
trend,2020-03-31,2020-04-30,73,-0.0264963621405899,-1.5837559143189954,0.03412245124942692
trend,2020-04-30,2020-05-31,73,0.04394122854223832,4.5726994068645554,0.2275016368927968
trend,2020-05-31,2020-06-30,73,-0.022316725170173024,-1.44796510360173,0.028682631707707795
trend,2020-06-30,2020-07-31,73,0.03749453433392622,2.686028733617915,0.09224283558810364
trend,2020-07-31,2020-08-31,73,0.04115455058709164,3.8671547727181474,0.17398529305089205
trend,2020-08-31,2020-09-30,73,-0.020777173147919548,-1.732068318736564,0.04054132704733415
trend,2020-09-30,2020-10-31,73,0.02430513842105168,1.0893502909506898,0.016439099148359393
trend,2020-10-31,2020-11-30,73,-0.028659527149693914,-1.4781428082488088,0.029854600848347457
trend,2020-11-30,2020-12-31,73,0.0025277783834017136,0.10117075960322838,0.00014414151035213596
trend,2020-12-31,2021-01-31,73,0.01957542843424705,1.2281407353588074,0.020802157114896302
trend,2021-01-31,2021-02-28,73,0.006521519200879634,0.5485474928093748,0.004220203861405647
trend,2021-02-28,2021-03-31,73,0.04979256087041298,2.456544242932703,0.07833634320275762
trend,2021-03-31,2021-04-30,73,-0.04474498012900289,-3.8483731090138638,0.17259037174887704
trend,2021-04-30,2021-05-31,73,-0.01887655195300874,-1.9777159732732683,0.05221318163695021
trend,2021-05-31,2021-06-30,73,-0.038576486476783155,-4.547630696380016,0.2255751722649474
trend,2021-06-30,2021-07-31,73,0.009263009674570456,0.9708623420215846,0.013101751005662243
trend,2021-07-31,2021-08-31,73,-0.014914020927456377,-1.679235754563403,0.03819885003157042
trend,2021-08-31,2021-09-30,73,0.002725965024474662,0.229627082738904,0.0007421051684889379
trend,2021-09-30,2021-10-31,73,0.0015388125820796307,0.16744128483788967,0.00039472559311204414
trend,2021-10-31,2021-11-30,73,0.021819079212552394,1.6700507226776824,0.03779786678946173
trend,2021-11-30,2021-12-31,73,0.004654432403986182,0.2829591352285991,0.0011264180924264178
trend,2021-12-31,2022-01-31,73,-0.022584464061631827,-1.3309648924158763,0.024342886087215243
trend,2022-01-31,2022-02-28,73,0.04321703563560112,3.5223217601829866,0.14874995723544726
trend,2022-02-28,2022-03-31,73,0.04199378857028735,2.7396971322241317,0.09560983971833881
trend,2022-03-31,2022-04-30,73,-0.0013660985437012707,-0.11539602881593307,0.00018751755545176607
trend,2022-04-30,2022-05-31,73,0.041732530251904196,4.488839614111534,0.22106145454599047
trend,2022-05-31,2022-06-30,73,0.01862826078806278,1.366722459083032,0.025634463240278405
trend,2022-06-30,2022-07-31,73,0.002248978310080358,0.1308743029994035,0.0002411824252523953
trend,2022-07-31,2022-08-31,73,-0.09896254458947634,-3.574639953938892,0.15252265573420376
trend,2022-08-31,2022-09-30,73,-0.03993752712197606,-1.7816388544399562,0.04279433312300529
trend,2022-09-30,2022-10-31,73,-0.002976503563679388,-0.16120214627712265,0.00036586795030302266
trend,2022-10-31,2022-11-30,73,-0.05010844746281599,-2.3053740366235016,0.06964249358255148
trend,2022-11-30,2022-12-31,73,-0.018313117216191447,-1.2188173085104306,0.020493965154033345
trend,2022-12-31,2023-01-31,73,-0.0016851646027222344,-0.15356555331201518,0.0003320359009509888
trend,2023-01-31,2023-02-28,73,0.008001064950274646,0.5617981557596198,0.0044256388761555465
trend,2023-02-28,2023-03-31,73,-0.054994419562781886,-4.176834477161274,0.19724981177055823
trend,2023-03-31,2023-04-30,73,0.02497689024615887,2.8605409558274273,0.10333943048337701
trend,2023-04-30,2023-05-31,73,0.025279061813045938,2.059845890250556,0.05639018991898803
trend,2023-05-31,2023-06-30,73,0.044713837224501354,3.152275784406749,0.12277279788999584
trend,2023-06-30,2023-07-31,73,0.020103610526946734,1.2447175282415852,0.021355426739648964
trend,2023-07-31,2023-08-31,73,0.10134426563272518,3.3681311856231817,0.137766750400784
trend,2023-08-31,2023-09-30,73,-0.04254936234710826,-2.369844479755848,0.07330258588675909
trend,2023-09-30,2023-10-31,73,0.02206681110677915,1.7395906402717383,0.04087980462813445
trend,2023-10-31,2023-11-30,73,-0.039773444937223526,-3.650817915458485,0.15805422797738855
trend,2023-11-30,2023-12-31,73,-0.0016480125331432194,-0.10225372018565498,0.0001472434329650163
trend,2023-12-31,2024-01-31,73,-0.044064408720599996,-2.4032366851316214,0.07522638161736295
trend,2024-01-31,2024-02-29,73,-0.026104342633307232,-1.8125423286343485,0.044225563663454204
trend,2024-02-29,2024-03-31,73,0.0030579526260470042,0.13845135346933465,0.0002699099075293976
trend,2024-03-31,2024-04-30,73,0.02476562697298009,1.7916870418314934,0.04325746251970841
trend,2024-04-30,2024-05-31,73,0.00998033747634422,0.5844024659835059,0.004787201230990412
trend,2024-05-31,2024-06-30,73,0.0370431499217649,3.0471930062065256,0.11565473830596096
trend,2024-06-30,2024-07-31,73,-0.04131366144666053,-3.6367635481994975,0.15703038722549956
trend,2024-07-31,2024-08-31,73,-0.024464435892700753,-1.6155972239516603,0.03545916200922239
trend,2024-08-31,2024-09-30,73,-0.00028466969374591443,-0.02674166723951425,1.0071965692137752e-05
trend,2024-09-30,2024-10-31,73,-0.012925595217932464,-1.204483798106985,0.020024369585454616
trend,2024-10-31,2024-11-30,73,0.005224671937490724,0.47759132170464663,0.003202296445879771
trend,2024-11-30,2024-12-31,73,-0.013589779195995928,-1.2636668751678806,0.021996186942560225
trend,2024-12-31,2025-01-31,73,0.025523783867972737,2.2611751023687834,0.0671753668668621
trend,2025-01-31,2025-02-28,73,0.009205187843484178,1.1131485955013185,0.017152757982469735
trend,2025-02-28,2025-03-31,73,-0.022594067557207907,-0.9854677734224063,0.0134935564673474
trend,2025-03-31,2025-04-30,73,-0.012280763351524211,-1.202030197840696,0.0199444966214537
trend,2025-04-30,2025-05-31,73,-0.0037824817655413828,-0.3150820682684428,0.0013963111066462863
trend,2025-05-31,2025-06-30,73,0.022193180500441147,1.7414663232099334,0.04096439481338532
trend,2025-06-30,2025-07-31,73,-0.019502644781893428,-1.767892047278146,0.0421642312576932
trend,2025-07-31,2025-08-31,73,-0.03390994148532291,-2.893608743050837,0.10548895163584271
trend,2025-08-31,2025-09-30,73,0.010204908870017966,0.9415170468095393,0.012331312727207555
trend,2025-09-30,2025-10-31,73,-0.0005054607469452314,-0.0494377834709417,3.442268031350615e-05
trend,2025-10-31,2025-11-30,73,0.009527177399887787,0.9105331917946535,0.011542272305026358
trend,2025-11-30,2025-12-31,73,-0.0015916398330211847,-0.1517222247318659,0.0003241151051645019
trend,2025-12-31,2026-01-31,73,0.020373643650574622,1.720776411224314,0.04003554030623413
trend,2026-01-31,2026-02-28,73,0.015644420647707154,1.664421507655379,0.0375530395617647
trend,2026-02-28,2026-03-31,73,-0.04090422309358962,-3.0556751921363343,0.1162245707941929
trend,2026-03-31,2026-04-30,73,0.0030435652111522275,0.09572384301272155,0.00012904044671158132
trend,2026-04-30,2026-05-31,73,0.050512634261434826,3.081590067632705,0.11797075710596039
