factor,signal_date,date,n_stocks,raw_ic,rank_ic
roe,2023-03-31,2023-04-30,73,0.13131997753910052,0.13985560903369124
roe,2023-04-30,2023-05-31,73,0.01329963061936271,0.04970381340244356
roe,2023-05-31,2023-06-30,73,0.07358638355733223,0.13242009132420093
roe,2023-06-30,2023-07-31,73,0.4033303987979825,0.43175367147969895
roe,2023-07-31,2023-08-31,73,-0.1265912048950256,-0.009687769961742566
roe,2023-08-31,2023-09-30,73,-0.04077769525540617,0.032765642354683454
roe,2023-09-30,2023-10-31,73,0.10998266612622015,0.11890657781068742
roe,2023-10-31,2023-11-30,73,-0.13775629917788385,-0.17471923978773296
roe,2023-11-30,2023-12-31,73,0.31184285924383315,0.29316302603973843
roe,2023-12-31,2024-01-31,73,0.006173304931320443,-0.1464272491669752
roe,2024-01-31,2024-02-29,73,-0.11049923110034333,-0.06914105886708627
roe,2024-02-29,2024-03-31,73,0.180753893923992,0.2922682956929532
roe,2024-03-31,2024-04-30,73,0.33538765669418324,0.3295384425521412
roe,2024-04-30,2024-05-31,73,0.20384163029511831,0.22726150808342588
roe,2024-05-31,2024-06-30,73,0.07231580485748379,0.05689250894730348
roe,2024-06-30,2024-07-31,73,-0.45579691003167605,-0.40386276687646555
roe,2024-07-31,2024-08-31,73,-0.15695634234827405,-0.058034061458719005
roe,2024-08-31,2024-09-30,73,-0.3373212078318302,-0.329260767616932
roe,2024-09-30,2024-10-31,73,0.04371966623174346,0.09660002468221648
roe,2024-10-31,2024-11-30,73,-0.10864762644760471,-0.09431691965938543
roe,2024-11-30,2024-12-31,73,-0.029180959963110174,-0.020455386893743058
roe,2024-12-31,2025-01-31,73,0.07134088598773888,0.17452004289087342
roe,2025-01-31,2025-02-28,73,-0.12587639726398567,-0.14553251882019008
roe,2025-02-28,2025-03-31,73,0.017119410080587354,0.06179809946933236
roe,2025-03-31,2025-04-30,73,-0.07646647808907106,-0.07015920029618661
roe,2025-04-30,2025-05-31,73,-0.031336454759388205,0.0023756633345674446
roe,2025-05-31,2025-06-30,73,0.0911093127941682,0.18058126619770457
roe,2025-06-30,2025-07-31,73,-0.2606326564690164,-0.2761322966802419
roe,2025-07-31,2025-08-31,73,-0.1637657392139352,-0.26406886338393193
roe,2025-08-31,2025-09-30,73,0.03989821671350575,0.04186720967542886
roe,2025-09-30,2025-10-31,73,0.19208186812480588,0.19702579291620392
roe,2025-10-31,2025-11-30,73,0.18244482058309763,0.19967913118598052
roe,2025-11-30,2025-12-31,73,0.09379054216301062,0.08669628532642233
roe,2025-12-31,2026-01-31,73,0.1632093199637928,0.2706405035172159
roe,2026-01-31,2026-02-28,73,0.12324697848691282,0.10363445637418242
roe,2026-02-28,2026-03-31,73,-0.007278231441351817,-0.1416450697272615
roe,2026-03-31,2026-04-30,73,-0.0351065445432927,-0.1421078612859435
roe,2026-04-30,2026-05-31,73,0.005269631678492197,-0.08978156238430211
pe,2023-03-31,2023-04-30,67,-0.043856732481182326,-0.016042780748663103
pe,2023-04-30,2023-05-31,67,-0.0030539131607445025,-0.0842844600526778
pe,2023-05-31,2023-06-30,67,-0.18627413149111396,-0.027496208795594227
pe,2023-06-30,2023-07-31,67,0.277702256605351,0.3478729347912843
pe,2023-07-31,2023-08-31,67,0.1722214306855056,0.07047649453268418
pe,2023-08-31,2023-09-30,67,0.18491799173872345,0.25472902865352387
pe,2023-09-30,2023-10-31,67,-0.10384952713475216,-0.0737089951312954
pe,2023-10-31,2023-11-30,67,-0.24951937871953245,-0.17918429244153566
pe,2023-11-30,2023-12-31,67,0.017860589652117575,0.10611381594700296
pe,2023-12-31,2024-01-31,67,0.17997704990336477,-0.06564769734216619
pe,2024-01-31,2024-02-29,67,-0.041662274713905635,-0.19067762790326445
pe,2024-02-29,2024-03-31,67,0.061991054446998047,0.34468034160747074
pe,2024-03-31,2024-04-30,66,0.11614830562327354,0.3195699822565495
pe,2024-04-30,2024-05-31,66,0.0654455568853779,0.21411126187245597
pe,2024-05-31,2024-06-30,66,-0.15305091753490335,-0.07437636989875797
pe,2024-06-30,2024-07-31,66,-0.12209264902241374,-0.14843962008141115
pe,2024-07-31,2024-08-31,66,-0.08496394766994682,0.1704414987997078
pe,2024-08-31,2024-09-30,66,0.17157385153409677,0.07867654733326376
pe,2024-09-30,2024-10-31,66,-0.20859244452509873,-0.1725289635737397
pe,2024-10-31,2024-11-30,66,-0.11497992045819265,0.14727063980795327
pe,2024-11-30,2024-12-31,66,0.04231551691896664,-0.01567686045297986
pe,2024-12-31,2025-01-31,66,-0.08510761726265598,-0.0110845536437897
pe,2025-01-31,2025-02-28,66,-0.25879700834639613,-0.19398810145078807
pe,2025-02-28,2025-03-31,66,0.014122569955169736,0.1367498173468323
pe,2025-03-31,2025-04-30,55,-0.0026381439040157216,0.03383838383838385
pe,2025-04-30,2025-05-31,55,-0.1288326362460123,0.2293650793650794
pe,2025-05-31,2025-06-30,55,0.008705159490855397,0.29372294372294383
pe,2025-06-30,2025-07-31,55,0.11064494420801325,0.04805194805194806
pe,2025-07-31,2025-08-31,55,-0.22200116195747327,-0.15252525252525254
pe,2025-08-31,2025-09-30,55,0.020782607815263882,-0.2314574314574315
pe,2025-09-30,2025-10-31,55,0.04703605938111532,0.11428571428571431
pe,2025-10-31,2025-11-30,55,0.03522377395214366,0.2006493506493507
pe,2025-11-30,2025-12-31,58,-0.053270039045567666,-0.2273524254821742
pe,2025-12-31,2026-01-31,58,0.14490635698670562,0.10836998984896491
pe,2026-01-31,2026-02-28,58,-0.0836778883445944,-0.1882247992863515
pe,2026-02-28,2026-03-31,51,0.1855292694004749,0.05972850678733031
pe,2026-03-31,2026-04-30,51,-0.09545923271107912,-0.1609049773755656
pe,2026-04-30,2026-05-31,51,-0.19092287665519705,-0.20950226244343892
momentum,2001-05-31,2001-06-30,45,0.14075337555028658,0.08339920948616601
momentum,2001-06-30,2001-07-31,45,0.38807684124786745,0.3281054543833998
momentum,2001-07-31,2001-08-31,47,-0.3155062554717789,0.18131884023650363
momentum,2001-08-31,2001-09-30,47,0.21988667414952406,0.1830481036077706
momentum,2001-09-30,2001-10-31,47,-0.35703542061088556,-0.3169518963922294
momentum,2001-10-31,2001-11-30,47,-0.36211323116229194,-0.34876123861817276
momentum,2001-11-30,2001-12-31,47,-0.30741916891588267,-0.17345552318543075
momentum,2001-12-31,2002-01-31,47,-0.19740364675839528,-0.10684551341350601
momentum,2002-01-31,2002-02-28,47,0.20681967494116976,0.27215171587794085
momentum,2002-02-28,2002-03-31,47,0.011078673391899465,-0.0408304915572932
momentum,2002-03-31,2002-04-30,48,-0.0818106368480533,-0.01557793036641753
momentum,2002-04-30,2002-05-31,48,-0.07201150286385365,-0.03875379939209726
momentum,2002-05-31,2002-06-30,48,0.08797288124081926,0.04722101606600087
momentum,2002-06-30,2002-07-31,48,-0.02438716716946483,0.061658706035605734
momentum,2002-07-31,2002-08-31,48,-0.16478682136587103,-0.2153228214758827
momentum,2002-08-31,2002-09-30,48,0.10840398186803993,0.1468233506660607
momentum,2002-09-30,2002-10-31,48,-0.43714865614010734,-0.43996960486322184
momentum,2002-10-31,2002-11-30,48,0.03737038066316142,0.0694745983499783
momentum,2002-11-30,2002-12-31,48,-0.013952199911485925,0.02377333912288319
momentum,2002-12-31,2003-01-31,48,0.010622398254910865,0.12196379628341529
momentum,2003-01-31,2003-02-28,48,-0.26861442403037566,-0.3419295418887822
momentum,2003-02-28,2003-03-31,48,-0.08620509001600211,-0.11984368215371255
momentum,2003-03-31,2003-04-30,48,-0.15442966716801318,-0.1316760746851932
momentum,2003-04-30,2003-05-31,48,-0.2761648158040105,-0.3113330438558402
momentum,2003-05-31,2003-06-30,48,-0.2070999591871,-0.23643074250976986
momentum,2003-06-30,2003-07-31,48,-0.3845558484541687,-0.31687790062420046
momentum,2003-07-31,2003-08-31,49,-0.221029255122462,-0.26765988936998686
momentum,2003-08-31,2003-09-30,49,0.09970588117264437,0.04852164597614517
momentum,2003-09-30,2003-10-31,49,0.23243245307574303,0.2743877551020408
momentum,2003-10-31,2003-11-30,49,-0.12283131125451258,-0.2266384347276938
momentum,2003-11-30,2003-12-31,49,0.14763131076426822,0.193729431936302
momentum,2003-12-31,2004-01-31,49,0.006425716367035,0.0010205123024872196
momentum,2004-01-31,2004-02-29,49,0.053951311629743,0.11397959183673469
momentum,2004-02-29,2004-03-31,49,-0.022351843356878846,0.04265306122448979
momentum,2004-03-31,2004-04-30,49,0.2564587939791692,0.19642857142857142
momentum,2004-04-30,2004-05-31,49,-0.046036613964892205,-0.04265306122448979
momentum,2004-05-31,2004-06-30,49,-0.41761932954280506,-0.43501109736342136
momentum,2004-06-30,2004-07-31,49,0.32529254297003407,0.2391060324727556
momentum,2004-07-31,2004-08-31,49,0.08194219805779873,0.06071583460737407
momentum,2004-08-31,2004-09-30,49,0.40137622625732605,0.23989795918367343
momentum,2004-09-30,2004-10-31,49,-0.18303722330898076,-0.2154121019349438
momentum,2004-10-31,2004-11-30,49,-0.08349536920840613,-0.12499999999999999
momentum,2004-11-30,2004-12-31,49,-0.074116794640985,-0.0736734693877551
momentum,2004-12-31,2005-01-31,49,0.04034110749908508,0.3638775510204081
momentum,2005-01-31,2005-02-28,49,-0.07254032801226944,0.05553854730741702
momentum,2005-02-28,2005-03-31,50,-0.06247405255330511,-0.06429771908763504
momentum,2005-03-31,2005-04-30,50,-0.08937255185291872,-0.0974309723889556
momentum,2005-04-30,2005-05-31,50,0.10725553426174854,-0.08340936374549819
momentum,2005-05-31,2005-06-30,50,0.15392498901431936,0.005138548743867141
momentum,2005-06-30,2005-07-31,53,-0.0004925652786612919,0.17025822971991997
momentum,2005-07-31,2005-08-31,53,-0.19361219508478072,-0.013874325561797246
momentum,2005-08-31,2005-09-30,53,-0.13624639751178752,0.1423157555233027
momentum,2005-09-30,2005-10-31,53,-0.021524967430518342,-0.15618763484133788
momentum,2005-10-31,2005-11-30,53,0.08299147473418761,0.039106595710369285
momentum,2005-11-30,2005-12-31,53,-0.13415844228999077,-0.014272179332429948
momentum,2005-12-31,2006-01-31,53,-0.14733116706061147,0.32712465731333656
momentum,2006-01-31,2006-02-28,53,-0.0611877611194049,-0.05055636187711659
momentum,2006-02-28,2006-03-31,53,-0.26378682673593506,-0.2606031285276568
momentum,2006-03-31,2006-04-30,53,0.0034222406569155974,0.1552294174871983
momentum,2006-04-30,2006-05-31,53,-0.17878596927606788,-0.2299629092081922
momentum,2006-05-31,2006-06-30,53,-0.1717035740271286,-0.17231091759393644
momentum,2006-06-30,2006-07-31,53,-0.2650379971981844,-0.23480083857442346
momentum,2006-07-31,2006-08-31,54,0.07975352622871441,0.0871902417670919
momentum,2006-08-31,2006-09-30,54,-0.1324711387759093,-0.14518772631980176
momentum,2006-09-30,2006-10-31,54,-0.05613925838907331,-0.06415094339622641
momentum,2006-10-31,2006-11-30,54,0.37117087051046355,0.12277491900133408
momentum,2006-11-30,2006-12-31,55,-0.09624834301300808,-0.19369036241178372
momentum,2006-12-31,2007-01-31,55,-0.060039019275881705,-0.013564213564213567
momentum,2007-01-31,2007-02-28,55,-0.1975034948414892,-0.1584415584415585
momentum,2007-02-28,2007-03-31,55,0.11844194612313491,0.08863226849254109
momentum,2007-03-31,2007-04-30,55,0.02046526104417816,-0.01075055466543333
momentum,2007-04-30,2007-05-31,56,0.05617040022743263,0.04309711376421729
momentum,2007-05-31,2007-06-30,56,0.20634260205845703,0.31700564469148335
momentum,2007-06-30,2007-07-31,56,0.002948681775459728,-0.05933014354066986
momentum,2007-07-31,2007-08-31,56,0.29437746547822047,0.26582365003417635
momentum,2007-08-31,2007-09-30,56,0.020250572707554048,-0.07963089542036911
momentum,2007-09-30,2007-10-31,56,0.4051272918184511,0.4483937115516063
momentum,2007-10-31,2007-11-30,56,-0.028720060023234077,-0.02433356117566644
momentum,2007-11-30,2007-12-31,56,0.2396012765507913,0.31685435504207654
momentum,2007-12-31,2008-01-31,56,0.3935297412121974,0.21995898838004102
momentum,2008-01-31,2008-02-29,56,0.400892600112211,0.2542763889022812
momentum,2008-02-29,2008-03-31,57,0.4408405733921444,0.03882614121168966
momentum,2008-03-31,2008-04-30,57,0.05516551806648954,-0.19088669950738918
momentum,2008-04-30,2008-05-31,57,0.5196832365663238,0.3483925330567799
momentum,2008-05-31,2008-06-30,58,0.3252598526998392,0.10806238272478391
momentum,2008-06-30,2008-07-31,60,-0.5164946691330373,-0.46201722700750214
momentum,2008-07-31,2008-08-31,60,0.05875438230630155,-0.39979993392849045
momentum,2008-08-31,2008-09-30,60,-0.02647327659912344,0.09041400388996945
momentum,2008-09-30,2008-10-31,60,-0.028397513057033235,0.10486246179494306
momentum,2008-10-31,2008-11-30,60,0.1346107129736988,0.16354542928591279
momentum,2008-11-30,2008-12-31,61,-0.43211782638998536,-0.3523843520185272
momentum,2008-12-31,2009-01-31,62,0.07845661403090684,0.06998060990657501
momentum,2009-01-31,2009-02-28,62,0.04381146127048532,-0.01979549705918243
momentum,2009-02-28,2009-03-31,62,-0.2229129698614776,-0.2563773261816625
momentum,2009-03-31,2009-04-30,62,-0.4249483674218359,-0.4284707008133767
momentum,2009-04-30,2009-05-31,62,-0.26520938421433266,-0.2549671375689356
momentum,2009-05-31,2009-06-30,63,0.1135133486476585,0.0837183626015859
momentum,2009-06-30,2009-07-31,63,0.00840006239854218,0.03091434949278745
momentum,2009-07-31,2009-08-31,63,-0.12541684596619293,-0.2786578341013825
momentum,2009-08-31,2009-09-30,63,8.310677571698556e-05,-0.06648744667062924
momentum,2009-09-30,2009-10-31,63,-0.03358450343870202,-0.0753349039811153
momentum,2009-10-31,2009-11-30,63,0.14059864946124567,-0.03597873438640403
momentum,2009-11-30,2009-12-31,63,0.033757800678662235,0.13035390690631107
momentum,2009-12-31,2010-01-31,63,-0.11403830097486949,-0.16518650107843694
momentum,2010-01-31,2010-02-28,63,-0.14485511583082522,-0.15632388062618374
momentum,2010-02-28,2010-03-31,63,0.0685455649229064,-0.03009792626728111
momentum,2010-03-31,2010-04-30,63,-0.289234007726312,-0.29997119815668205
momentum,2010-04-30,2010-05-31,63,0.0583522873175238,0.05097926267281106
momentum,2010-05-31,2010-06-30,63,0.022885935253612287,0.07510170773519562
momentum,2010-06-30,2010-07-31,63,0.10577110857569545,0.09931835637480799
momentum,2010-07-31,2010-08-31,63,0.11834291417515584,0.06802851773715911
momentum,2010-08-31,2010-09-30,63,0.03580392860213201,0.11165514592933949
momentum,2010-09-30,2010-10-31,63,0.07155053473834914,-0.08316632064635755
momentum,2010-10-31,2010-11-30,63,0.07891945464730551,0.04435537101139069
momentum,2010-11-30,2010-12-31,63,0.030297965815671467,0.020977342549923193
momentum,2010-12-31,2011-01-31,63,-0.061568719454352105,0.09394201228878649
momentum,2011-01-31,2011-02-28,63,0.2668827627497278,0.26128072196620583
momentum,2011-02-28,2011-03-31,63,0.21134414684400715,0.08611751152073732
momentum,2011-03-31,2011-04-30,63,0.0975498801232343,0.19527649769585254
momentum,2011-04-30,2011-05-31,63,0.32047446175111305,0.24774385560675885
momentum,2011-05-31,2011-06-30,64,0.25508900305763066,0.21840659340659338
momentum,2011-06-30,2011-07-31,65,0.226841490097928,0.170849768910646
momentum,2011-07-31,2011-08-31,65,0.21372226975193986,0.24029720279720282
momentum,2011-08-31,2011-09-30,65,-0.18324069951480665,-0.21354895104895102
momentum,2011-09-30,2011-10-31,65,-0.15372554129813312,-0.10502622377622377
momentum,2011-10-31,2011-11-30,66,0.1313266455762883,0.2417492954806388
momentum,2011-11-30,2011-12-31,66,0.5705727826947745,0.4000459247261503
momentum,2011-12-31,2012-01-31,68,-0.4667047001582041,-0.42917127915410164
momentum,2012-01-31,2012-02-29,68,-0.4948942564485659,-0.5000190861549032
momentum,2012-02-29,2012-03-31,69,-0.23657373121171185,-0.234455923063517
momentum,2012-03-31,2012-04-30,69,0.08304530149375303,0.2559371574716844
momentum,2012-04-30,2012-05-31,69,0.08720139525259435,0.10970140392678976
momentum,2012-05-31,2012-06-30,69,-0.3981231717584857,-0.2982827913774206
momentum,2012-06-30,2012-07-31,69,-0.2653606683034325,-0.01931122690070639
momentum,2012-07-31,2012-08-31,69,-0.1544034803141816,-0.11297040555352578
momentum,2012-08-31,2012-09-30,70,-0.19158645827327592,-0.16341207411621914
momentum,2012-09-30,2012-10-31,70,0.17969793546309598,0.20396129699468754
momentum,2012-10-31,2012-11-30,70,-0.035955741360066254,-0.09712271125129977
momentum,2012-11-30,2012-12-31,70,0.12791409283246377,0.08571428571428572
momentum,2012-12-31,2013-01-31,70,-0.05420195453384575,-0.06011775101053251
momentum,2013-01-31,2013-02-28,70,0.23924879460898654,0.20338657703020926
momentum,2013-02-28,2013-03-31,70,0.33041863328026977,0.29722943951307523
momentum,2013-03-31,2013-04-30,70,0.33080565390622874,0.27470912431108385
momentum,2013-04-30,2013-05-31,70,-0.059926855731801,-0.06895284751990202
momentum,2013-05-31,2013-06-30,71,0.018520239173384676,-0.004728370221327967
momentum,2013-06-30,2013-07-31,71,0.13257897255576762,0.13924008190532056
momentum,2013-07-31,2013-08-31,71,-0.08464562253071874,-0.039738430583500996
momentum,2013-08-31,2013-09-30,71,-0.027827332441853564,-0.029678068410462773
momentum,2013-09-30,2013-10-31,71,-0.24256979236552925,-0.20473008661087194
momentum,2013-10-31,2013-11-30,71,0.2996328647748919,0.3260590715999195
momentum,2013-11-30,2013-12-31,71,0.1896851890350816,0.2038229376257545
momentum,2013-12-31,2014-01-31,71,0.16021657753237575,0.12421193829644533
momentum,2014-01-31,2014-02-28,71,-0.24410203229725871,-0.10390743060752654
momentum,2014-02-28,2014-03-31,71,-0.3016313322933982,-0.171495640509725
momentum,2014-03-31,2014-04-30,71,-0.2730184841428893,-0.24906103286384973
momentum,2014-04-30,2014-05-31,72,-0.22101238634864853,-0.2996977297575407
momentum,2014-05-31,2014-06-30,71,0.4052833062155669,0.3712608987256874
momentum,2014-06-30,2014-07-31,71,0.1481896685914288,0.08219591540220152
momentum,2014-07-31,2014-08-31,73,-0.11170237648175003,-0.041158865836751476
momentum,2014-08-31,2014-09-30,73,0.44326889956108595,0.25697272615080835
momentum,2014-09-30,2014-10-31,73,0.16689675207073687,-0.02060965074663705
momentum,2014-10-31,2014-11-30,73,-0.34413376994681144,-0.18098235221522893
momentum,2014-11-30,2014-12-31,73,-0.02173449980382717,0.08756083827884711
momentum,2014-12-31,2015-01-31,73,0.02821768865235489,0.2493520918178453
momentum,2015-01-31,2015-02-28,73,0.13606414074601836,-0.16987535480686167
momentum,2015-02-28,2015-03-31,73,-0.023632508411435542,0.17721831420461562
momentum,2015-03-31,2015-04-30,73,-0.21470019460082918,-0.14180370868493988
momentum,2015-04-30,2015-05-31,73,0.12008266327489113,0.15244353942984082
momentum,2015-05-31,2015-06-30,73,0.31849329294803014,0.36487612247782836
momentum,2015-06-30,2015-07-31,73,0.2958170509720325,0.2310872516351969
momentum,2015-07-31,2015-08-31,73,-0.19772016519140703,-0.022152289275576952
momentum,2015-08-31,2015-09-30,73,-0.08562046115266013,0.09072957030340975
momentum,2015-09-30,2015-10-31,73,-0.14089876964839054,-0.09703495731378066
momentum,2015-10-31,2015-11-30,73,0.10963623652636788,0.0826243569100608
momentum,2015-11-30,2015-12-31,73,0.1076434953654708,0.018388251264963594
momentum,2015-12-31,2016-01-31,73,0.1695208634914187,0.1697532530691391
momentum,2016-01-31,2016-02-29,73,-0.07244868180201941,-0.06528647684450235
momentum,2016-02-29,2016-03-31,73,-0.1824862721960083,-0.11643835616438357
momentum,2016-03-31,2016-04-30,73,-0.09563383448086733,-0.04254597062816241
momentum,2016-04-30,2016-05-31,73,0.25761382491418816,0.23494566014567328
momentum,2016-05-31,2016-06-30,73,0.25671136055059196,0.29840799703813403
momentum,2016-06-30,2016-07-31,73,0.1613216169475402,0.20717635443662843
momentum,2016-07-31,2016-08-31,73,-0.0023126272226205594,0.0033784044367631285
momentum,2016-08-31,2016-09-30,73,-0.057064377865799695,0.005923914723130648
momentum,2016-09-30,2016-10-31,73,-0.3056258075987553,-0.2850796001480933
momentum,2016-10-31,2016-11-30,73,0.12319782513284361,0.09224978403060598
momentum,2016-11-30,2016-12-31,73,0.1636866873375266,0.044952486733308664
momentum,2016-12-31,2017-01-31,73,0.31357482258336694,0.10175243736887574
momentum,2017-01-31,2017-02-28,73,0.2202504972660146,0.23824804526365526
momentum,2017-02-28,2017-03-31,73,0.2573133128523788,0.3337035665802789
momentum,2017-03-31,2017-04-30,73,0.08136882339164164,0.1849932123904727
momentum,2017-04-30,2017-05-31,73,0.04319744642040857,0.003517324366858822
momentum,2017-05-31,2017-06-30,73,-0.12005968455153081,-0.12304179811699868
momentum,2017-06-30,2017-07-31,73,-0.14697767730996142,-0.13544366284092316
momentum,2017-07-31,2017-08-31,73,0.5419780059207884,0.3209922251018142
momentum,2017-08-31,2017-09-30,73,-0.2054382889368254,0.04288535110452919
momentum,2017-09-30,2017-10-31,73,0.6023586000161424,0.4070745948735408
momentum,2017-10-31,2017-11-30,73,-0.039420199170929114,0.1540478834999383
momentum,2017-11-30,2017-12-31,73,0.11987145630384398,0.05010489941996792
momentum,2017-12-31,2018-01-31,73,-0.18187831037917637,-0.21455016660496115
momentum,2018-01-31,2018-02-28,73,0.3388438601796767,0.23523876372694494
momentum,2018-02-28,2018-03-31,73,-0.09533440459702161,0.01005800320868814
momentum,2018-03-31,2018-04-30,73,-0.036514861383581544,-0.057108478341355066
momentum,2018-04-30,2018-05-31,73,0.19015455330598277,0.09675428853511045
momentum,2018-05-31,2018-06-30,73,-0.2223607668843445,-0.12118968283351847
momentum,2018-06-30,2018-07-31,73,0.26388388773710536,0.34224963250088364
momentum,2018-07-31,2018-08-31,73,0.29511038503882486,0.2629581636430952
momentum,2018-08-31,2018-09-30,73,-0.22579288686862709,-0.2587930396149575
momentum,2018-09-30,2018-10-31,73,0.008689206493453252,0.04208317906948044
momentum,2018-10-31,2018-11-30,73,-0.32864448081829933,-0.34218807848944843
momentum,2018-11-30,2018-12-31,73,0.08383656329509312,0.07164068586451128
momentum,2018-12-31,2019-01-31,73,-0.35899789897890994,-0.3392570652844626
momentum,2019-01-31,2019-02-28,73,-0.0969429545129877,-0.06464154048142949
momentum,2019-02-28,2019-03-31,73,0.24810388417883658,0.199993829350692
momentum,2019-03-31,2019-04-30,73,0.3794710897625605,0.2645336953498362
momentum,2019-04-30,2019-05-31,73,0.21460340614783355,0.20874984573614716
momentum,2019-05-31,2019-06-30,73,-0.06794163342624938,-0.05448767396379543
momentum,2019-06-30,2019-07-31,73,-0.23598403036558896,-0.13527501600902223
momentum,2019-07-31,2019-08-31,73,0.15354724653830343,0.08777613229668024
momentum,2019-08-31,2019-09-30,73,-0.31256271491437737,-0.2538874490929286
momentum,2019-09-30,2019-10-31,73,0.11672383386286969,0.06081127986173632
momentum,2019-10-31,2019-11-30,73,-0.1849716530032164,-0.2090275206713563
momentum,2019-11-30,2019-12-31,73,0.2954042913227986,0.1984758731334074
momentum,2019-12-31,2020-01-31,73,0.06637234177058067,0.19094779711218068
momentum,2020-01-31,2020-02-29,73,0.1869075963444445,0.011600641737628042
momentum,2020-02-29,2020-03-31,73,0.021335652422115655,-0.09536591385906455
momentum,2020-03-31,2020-04-30,73,-0.1329487256705533,0.008052573121066274
momentum,2020-04-30,2020-05-31,73,0.5916123969818688,0.3437307170183883
momentum,2020-05-31,2020-06-30,73,0.004695957819360084,0.06047143033444404
momentum,2020-06-30,2020-07-31,73,0.39531816167021977,0.4564050351721585
momentum,2020-07-31,2020-08-31,73,0.465201480391403,-0.0626928298161175
momentum,2020-08-31,2020-09-30,73,-0.23889312662041748,0.3340429470566457
momentum,2020-09-30,2020-10-31,73,0.15381212291733842,0.31056638411376847
momentum,2020-10-31,2020-11-30,73,-0.18972929939805244,-0.3593730717018389
momentum,2020-11-30,2020-12-31,73,-0.09586720965248471,-0.23935579415031474
momentum,2020-12-31,2021-01-31,73,0.1518016314925505,0.35867452425205093
momentum,2021-01-31,2021-02-28,73,0.12318056235987072,0.08182154757497223
momentum,2021-02-28,2021-03-31,73,0.3079600739712784,0.4629766753054425
momentum,2021-03-31,2021-04-30,73,-0.29661287970525546,-0.27317043070467734
momentum,2021-04-30,2021-05-31,73,-0.21848787933753275,-0.2887819326175491
momentum,2021-05-31,2021-06-30,73,-0.3722627142206535,-0.40589904973466623
momentum,2021-06-30,2021-07-31,73,0.09474785243743812,0.15830556583981245
momentum,2021-07-31,2021-08-31,73,-0.19802988778852018,-0.155745987185208
momentum,2021-08-31,2021-09-30,73,0.045417176552007034,0.1456250771319265
momentum,2021-09-30,2021-10-31,73,0.050144400086250394,0.04140441811674689
momentum,2021-10-31,2021-11-30,73,0.14198514983060528,0.18826360607182527
momentum,2021-11-30,2021-12-31,73,0.14666549258765815,0.16408009634171242
momentum,2021-12-31,2022-01-31,73,-0.01731688257969625,0.058034061458719005
momentum,2022-01-31,2022-02-28,73,0.25216113311177074,0.3867086264346538
momentum,2022-02-28,2022-03-31,73,0.28029103272346056,0.1725595458472171
momentum,2022-03-31,2022-04-30,73,0.16326863804383815,0.14821670986054547
momentum,2022-04-30,2022-05-31,73,0.44906225614235984,0.3788103171664816
momentum,2022-05-31,2022-06-30,73,0.0013073186052964508,0.042761940022214
momentum,2022-06-30,2022-07-31,73,0.012427958305625207,-0.11668517832901396
momentum,2022-07-31,2022-08-31,73,-0.2316520115197599,-0.20557201036653092
momentum,2022-08-31,2022-09-30,73,-0.3228167094253539,-0.274743922004196
momentum,2022-09-30,2022-10-31,73,0.04069610579703326,0.07623719610020982
momentum,2022-10-31,2022-11-30,73,-0.27999640519666275,-0.3814636554362582
momentum,2022-11-30,2022-12-31,73,-0.20873970344528528,-0.2516351968406763
momentum,2022-12-31,2023-01-31,73,-0.05342719751693647,-0.08293224731580896
momentum,2023-01-31,2023-02-28,73,-0.048868337763675794,0.02335554732815007
momentum,2023-02-28,2023-03-31,73,-0.341522935210897,-0.3515056152042454
momentum,2023-03-31,2023-04-30,73,0.3675271122856815,0.3224114525484389
momentum,2023-04-30,2023-05-31,73,0.19530733477871062,0.09092311489571765
momentum,2023-05-31,2023-06-30,73,0.31594414412893884,0.11569788967049244
momentum,2023-06-30,2023-07-31,73,0.17246443996534797,0.15611501912871778
momentum,2023-07-31,2023-08-31,73,0.42838872190656685,0.0035172158459829696
momentum,2023-08-31,2023-09-30,73,-0.25602024175164984,-0.15358509194125636
momentum,2023-09-30,2023-10-31,73,0.29912975114676194,0.08317906948043935
momentum,2023-10-31,2023-11-30,73,-0.351980244729956,-0.1511785758361101
momentum,2023-11-30,2023-12-31,73,-0.057049387285293254,0.21368628902875483
momentum,2023-12-31,2024-01-31,73,-0.319471692171617,-0.24953720844131808
momentum,2024-01-31,2024-02-29,73,-0.14021336569946857,-0.1529371837591016
momentum,2024-02-29,2024-03-31,73,0.03147382769654479,0.23330865111687032
momentum,2024-03-31,2024-04-30,73,0.14729199958612949,0.14454523016166854
momentum,2024-04-30,2024-05-31,73,0.11258111960073337,0.12322596569171913
momentum,2024-05-31,2024-06-30,73,0.35519329948383027,0.2530235715167222
momentum,2024-06-30,2024-07-31,73,-0.27459834452072934,-0.2809144761199556
momentum,2024-07-31,2024-08-31,73,-0.18854210483799624,-0.11637665062322597
momentum,2024-08-31,2024-09-30,73,-0.0061079526010905105,0.03600518326545724
momentum,2024-09-30,2024-10-31,73,-0.12946189852768383,-0.1680241885721338
momentum,2024-10-31,2024-11-30,73,0.03163077738869594,0.0735838578304332
momentum,2024-11-30,2024-12-31,73,-0.20941667907203163,-0.15784277428113047
momentum,2024-12-31,2025-01-31,73,0.23174514575639443,0.38030960995215257
momentum,2025-01-31,2025-02-28,73,0.19152425106382087,0.21846846846846849
momentum,2025-02-28,2025-03-31,73,-0.13261308224025883,-0.3054424287301
momentum,2025-03-31,2025-04-30,73,0.006697252540397711,-0.010428236455633715
momentum,2025-04-30,2025-05-31,73,-0.03567511315090472,0.13800444279896337
momentum,2025-05-31,2025-06-30,73,0.1708002447611363,0.19866098975688024
momentum,2025-06-30,2025-07-31,73,-0.09123091195217954,-0.146920893496236
momentum,2025-07-31,2025-08-31,73,-0.19168670355974865,-0.26949895100580035
momentum,2025-08-31,2025-09-30,73,0.0756244146168243,0.13655436258175987
momentum,2025-09-30,2025-10-31,73,-0.002754328415659713,0.08098852276934469
momentum,2025-10-31,2025-11-30,73,0.01570602090706452,-0.006386523509811183
momentum,2025-11-30,2025-12-31,73,0.09365359933585955,0.041959767987165254
momentum,2025-12-31,2026-01-31,73,0.24005054851842383,0.18598050104899422
momentum,2026-01-31,2026-02-28,73,0.32264629497051855,0.2749290386276688
momentum,2026-02-28,2026-03-31,73,-0.1454703091630153,-0.22022707639146
momentum,2026-03-31,2026-04-30,73,-0.06790802318811714,0.19718005676909792
momentum,2026-04-30,2026-05-31,73,0.26176808975166715,0.08142046155744788
trend,2004-03-31,2004-04-30,50,0.12147261360068652,0.1765553890995038
trend,2004-04-30,2004-05-31,50,-0.1376049844717589,-0.14110018443135852
trend,2004-05-31,2004-06-30,50,-0.46076603758430673,-0.44917757350309556
trend,2004-06-30,2004-07-31,53,0.08615920652667916,0.044180847470589896
trend,2004-07-31,2004-08-31,53,0.1003140837014996,0.062337360129736424
trend,2004-08-31,2004-09-30,53,0.36503366050984976,0.2525972428735338
trend,2004-09-30,2004-10-31,53,-0.10449603661436177,-0.07688737663828915
trend,2004-10-31,2004-11-30,53,-0.13411603456204912,-0.1542372240066315
trend,2004-11-30,2004-12-31,53,-0.08009959484869288,-0.12724671841928217
trend,2004-12-31,2005-01-31,53,0.021416342498073962,0.3780753715589749
trend,2005-01-31,2005-02-28,53,-0.03321878128489001,0.004196255648805681
trend,2005-02-28,2005-03-31,53,-0.11289970957112712,0.0035492460739481326
trend,2005-03-31,2005-04-30,53,-0.18205858067860656,-0.21618135177684078
trend,2005-04-30,2005-05-31,53,-0.12446801899184859,-0.09082843361967265
trend,2005-05-31,2005-06-30,53,0.02744264070342595,-0.033155858454160976
trend,2005-06-30,2005-07-31,53,0.2331937967880325,0.13943171612601693
trend,2005-07-31,2005-08-31,54,-0.4079439562161211,-0.29834972126981996
trend,2005-08-31,2005-09-30,54,-0.13475382389372148,-0.0774673577745075
trend,2005-09-30,2005-10-31,54,0.17049886368737857,0.16470232703163634
trend,2005-10-31,2005-11-30,54,-0.09794434362932149,-0.2685992779163377
trend,2005-11-30,2005-12-31,55,0.20607344523779175,0.28088055307225046
trend,2005-12-31,2006-01-31,55,0.22662995958957804,0.15506291329722063
trend,2006-01-31,2006-02-28,55,-0.03474957158872438,-0.12140696658250018
trend,2006-02-28,2006-03-31,55,-0.05679400626393165,-0.2641197363427741
trend,2006-03-31,2006-04-30,55,-0.03322433038041695,-0.026580004494432305
trend,2006-04-30,2006-05-31,56,-0.07227803757340998,-0.012697665250974821
trend,2006-05-31,2006-06-30,56,-0.05745804377626735,0.0024630553171006092
trend,2006-06-30,2006-07-31,56,-0.20584093898697473,-0.20333890006730584
trend,2006-07-31,2006-08-31,56,0.061480884527479344,0.0019844670325087784
trend,2006-08-31,2006-09-30,56,-0.05437109868761801,-0.011836349162733484
trend,2006-09-30,2006-10-31,56,0.09781791247412464,0.07861251553746111
trend,2006-10-31,2006-11-30,56,0.04609583347600527,-0.020935970195355178
trend,2006-11-30,2006-12-31,56,-0.32259435643490675,-0.37014880481920953
trend,2006-12-31,2007-01-31,56,0.036089800222732435,0.03817735741505945
trend,2007-01-31,2007-02-28,56,0.009114661705070855,0.003215655552881351
trend,2007-02-28,2007-03-31,57,-0.0843954238056194,-0.034865620682678844
trend,2007-03-31,2007-04-30,57,0.002974546025879029,-0.010644694613742225
trend,2007-04-30,2007-05-31,57,0.004991596857598993,-0.03634773770546126
trend,2007-05-31,2007-06-30,58,0.07137303067252532,0.028603172649680594
trend,2007-06-30,2007-07-31,60,0.1111666450486163,0.05741387070826792
trend,2007-07-31,2007-08-31,60,-0.05923349143040521,-0.07658898869238846
trend,2007-08-31,2007-09-30,60,-0.23405685446784644,-0.22692414335277544
trend,2007-09-30,2007-10-31,60,0.04817469300717536,0.015468515019677897
trend,2007-10-31,2007-11-30,60,0.060709944965277846,0.15674544119577608
trend,2007-11-30,2007-12-31,61,0.20511924671907325,0.16296747088764454
trend,2007-12-31,2008-01-31,62,0.16671846728119719,0.06074162466454033
trend,2008-01-31,2008-02-29,62,0.03935370318903348,-0.03821342783087891
trend,2008-02-29,2008-03-31,62,0.2705793445716715,0.02254390054573015
trend,2008-03-31,2008-04-30,62,-0.0194789693213058,-0.07650171270612965
trend,2008-04-30,2008-05-31,62,0.4045290187680366,0.24209078016284402
trend,2008-05-31,2008-06-30,63,0.33232246181760694,0.09410453451024546
trend,2008-06-30,2008-07-31,63,-0.49382096421507643,-0.35373973884773846
trend,2008-07-31,2008-08-31,63,-0.06660306442087066,-0.3580617348056734
trend,2008-08-31,2008-09-30,63,-0.022262326214663456,0.054423348223022104
trend,2008-09-30,2008-10-31,63,-0.09451718690471307,-0.07931427416682586
trend,2008-10-31,2008-11-30,63,0.005624762868045342,-0.03883946415385802
trend,2008-11-30,2008-12-31,63,-0.3571068986781007,-0.2626685562609405
trend,2008-12-31,2009-01-31,63,0.09011087962293797,0.10930363131844253
trend,2009-01-31,2009-02-28,63,-0.0006671443849393281,-0.06448365441397866
trend,2009-02-28,2009-03-31,63,-0.17935968357557563,-0.19429351758453187
trend,2009-03-31,2009-04-30,63,-0.28414583961405054,-0.31646347294155897
trend,2009-04-30,2009-05-31,63,-0.16631543946362845,-0.19946409640377613
trend,2009-05-31,2009-06-30,63,0.03315822641260134,0.05756246011816161
trend,2009-06-30,2009-07-31,63,-0.14679480204300774,-0.16496225122250063
trend,2009-07-31,2009-08-31,63,-0.12763780740400316,-0.44298671199551404
trend,2009-08-31,2009-09-30,63,0.0050522984412288315,-0.06307395197654751
trend,2009-09-30,2009-10-31,63,-0.16441164317559032,-0.2839834720005582
trend,2009-10-31,2009-11-30,63,0.17177715833398313,0.11057992354518367
trend,2009-11-30,2009-12-31,63,-0.06369015494897977,0.03172640717901467
trend,2009-12-31,2010-01-31,63,-0.06375638356781815,-0.0077606955591653605
trend,2010-01-31,2010-02-28,63,0.13074814826670889,0.12434685373342706
trend,2010-02-28,2010-03-31,63,-0.03893160700696935,-0.20405084628284859
trend,2010-03-31,2010-04-30,63,-0.18359471132287014,-0.06607086156574045
trend,2010-04-30,2010-05-31,63,0.030878582861323344,-0.016043811870769836
trend,2010-05-31,2010-06-30,64,-0.017357609862916075,0.008937271300248247
trend,2010-06-30,2010-07-31,65,0.07310216346258966,0.040218853044049374
trend,2010-07-31,2010-08-31,65,0.09921714558595982,0.08114679255830651
trend,2010-08-31,2010-09-30,65,0.08238005320320474,0.11912482914679261
trend,2010-09-30,2010-10-31,65,0.04855579293164563,0.005339231431633697
trend,2010-10-31,2010-11-30,66,-0.02523847677155314,-0.04201001533616049
trend,2010-11-30,2010-12-31,66,-0.022422415962203505,-0.021872582079331133
trend,2010-12-31,2011-01-31,68,-0.11913464216358996,-0.08531926078628015
trend,2011-01-31,2011-02-28,68,0.26261434175090353,0.24661518890874942
trend,2011-02-28,2011-03-31,69,-0.013909971977692686,0.033555072328933955
trend,2011-03-31,2011-04-30,69,0.08609971084673966,0.22433543989344057
trend,2011-04-30,2011-05-31,69,0.2497642610220848,0.23412092124749204
trend,2011-05-31,2011-06-30,69,0.21204524460987154,0.18207765167848677
trend,2011-06-30,2011-07-31,69,0.3752006574552549,0.29144394946626667
trend,2011-07-31,2011-08-31,69,0.12289655723823309,0.10837607109750026
trend,2011-08-31,2011-09-30,70,-0.09314097307114116,-0.03998427235862491
trend,2011-09-30,2011-10-31,70,-0.21132626581563693,-0.21017149296306126
trend,2011-10-31,2011-11-30,70,0.20735232481234253,0.2428410133270138
trend,2011-11-30,2011-12-31,70,0.5077148734416468,0.33327213876081707
trend,2011-12-31,2012-01-31,70,-0.3963204672339855,-0.36478569911248726
trend,2012-01-31,2012-02-29,70,-0.37084125849775146,-0.3688828409763791
trend,2012-02-29,2012-03-31,70,-0.19451735721042634,-0.2693544156050767
trend,2012-03-31,2012-04-30,70,0.24419616609991326,0.2498205987778136
trend,2012-04-30,2012-05-31,70,0.04377383734904393,0.06487357757614362
trend,2012-05-31,2012-06-30,71,-0.35241460770947064,-0.2780127540245338
trend,2012-06-30,2012-07-31,71,-0.30039059543226365,-0.07042774837565971
trend,2012-07-31,2012-08-31,71,0.10312161297290462,0.11225211687030787
trend,2012-08-31,2012-09-30,71,-0.004568642191014168,0.014666154891667045
trend,2012-09-30,2012-10-31,71,0.08000652197696054,0.1485502717312812
trend,2012-10-31,2012-11-30,71,-0.0672187807675129,-0.1050379884675591
trend,2012-11-30,2012-12-31,71,0.04607183453160758,0.0020470490669921614
trend,2012-12-31,2013-01-31,71,-0.12733766649541126,-0.10011328405618072
trend,2013-01-31,2013-02-28,71,0.32519440996468507,0.30810418764552244
trend,2013-02-28,2013-03-31,71,0.29308193737318305,0.2728890296233462
trend,2013-03-31,2013-04-30,71,0.2974021267254416,0.2185812147189089
trend,2013-04-30,2013-05-31,71,-0.04314248603521537,-0.004110877224697373
trend,2013-05-31,2013-06-30,71,0.24957068714846536,0.2403436953737354
trend,2013-06-30,2013-07-31,71,0.06952848522599789,0.05500370391224894
trend,2013-07-31,2013-08-31,73,-0.16688256157944426,-0.08649791164475042
trend,2013-08-31,2013-09-30,73,0.07955604150341385,0.08657514192300465
trend,2013-09-30,2013-10-31,73,-0.18496112024678643,-0.20969726895758675
trend,2013-10-31,2013-11-30,73,0.19842798089320374,0.2684699640359322
trend,2013-11-30,2013-12-31,73,0.21242684156058364,0.25516883935201373
trend,2013-12-31,2014-01-31,73,-0.00010392855800674697,-0.00033981322431866234
trend,2014-01-31,2014-02-28,73,-0.21973984760782453,-0.0904660586107167
trend,2014-02-28,2014-03-31,73,-0.15732384225466414,-0.05416931716752494
trend,2014-03-31,2014-04-30,73,-0.328155274354607,-0.23837327257676888
trend,2014-04-30,2014-05-31,73,-0.060836579307757245,-0.0029483504699064633
trend,2014-05-31,2014-06-30,73,0.12586064569748273,0.11669910760467467
trend,2014-06-30,2014-07-31,73,0.10693022750458366,0.1349645209438598
trend,2014-07-31,2014-08-31,73,-0.17891685793993195,-0.022661319540842526
trend,2014-08-31,2014-09-30,73,0.39314180591054787,0.3641583153754725
trend,2014-09-30,2014-10-31,73,0.19064583560246526,0.08441879916527524
trend,2014-10-31,2014-11-30,73,-0.2900480990836315,-0.17499305913840135
trend,2014-11-30,2014-12-31,73,0.21224328513706767,0.2423260612174052
trend,2014-12-31,2015-01-31,73,-0.04395018890874246,0.1218469896712005
trend,2015-01-31,2015-02-28,73,0.21220879113276944,0.17667659226571134
trend,2015-02-28,2015-03-31,73,0.2720435537123516,0.4328514800208752
trend,2015-03-31,2015-04-30,73,-0.1900851203500587,-0.12846938316983422
trend,2015-04-30,2015-05-31,73,0.1837704604685961,0.17209460240342386
trend,2015-05-31,2015-06-30,73,0.4176071225251152,0.4521135452020982
trend,2015-06-30,2015-07-31,73,0.32050517790276933,0.2731171517143359
trend,2015-07-31,2015-08-31,73,-0.14069205254380376,-0.02199870415412579
trend,2015-08-31,2015-09-30,73,-0.14116811495574338,-0.023064936692554605
trend,2015-09-30,2015-10-31,73,-0.0013453678283857323,0.025640234495526073
trend,2015-10-31,2015-11-30,73,0.0738836253319265,0.06053547050053787
trend,2015-11-30,2015-12-31,73,-0.10506427408996369,-0.10095338007335145
trend,2015-12-31,2016-01-31,73,0.06580018888608127,0.09725168349525755
trend,2016-01-31,2016-02-29,73,0.06501571189679002,0.08512804689910522
trend,2016-02-29,2016-03-31,73,-0.08638384128610883,-0.036777637239436105
trend,2016-03-31,2016-04-30,73,-0.11195028333271544,-0.12267156201433971
trend,2016-04-30,2016-05-31,73,0.13866079509969628,0.2052049426900946
trend,2016-05-31,2016-06-30,73,0.24753029472999574,0.3115074008746934
trend,2016-06-30,2016-07-31,73,0.10840405584063904,0.22295926632208898
trend,2016-07-31,2016-08-31,73,-0.2419144528116768,-0.20477299723863449
trend,2016-08-31,2016-09-30,73,-0.11167869519003587,-0.11638113900511153
trend,2016-09-30,2016-10-31,73,-0.28120636638287794,-0.2977932385720339
trend,2016-10-31,2016-11-30,73,0.25815440420781977,0.23574783836810106
trend,2016-11-30,2016-12-31,73,0.23682476684323903,0.11744197706428171
trend,2016-12-31,2017-01-31,73,0.18691936990209845,-0.027366618588209084
trend,2017-01-31,2017-02-28,73,0.2849454403496025,0.2629804768866755
trend,2017-02-28,2017-03-31,73,0.17790954119300353,0.2277723356566557
trend,2017-03-31,2017-04-30,73,0.10278235882624298,0.15153455151746215
trend,2017-04-30,2017-05-31,73,0.04831111471542314,-0.029820352823022343
trend,2017-05-31,2017-06-30,73,-0.2097437509322744,-0.25304094966313057
trend,2017-06-30,2017-07-31,73,-0.25600362999930387,-0.3081266197704554
trend,2017-07-31,2017-08-31,73,0.3806714287693447,0.20893496235961995
trend,2017-08-31,2017-09-30,73,-0.0691892023119782,0.1647537948907812
trend,2017-09-30,2017-10-31,73,0.5157184937189163,0.31300377178960676
trend,2017-10-31,2017-11-30,73,-0.002454141413885477,0.1955757126990004
trend,2017-11-30,2017-12-31,73,-0.10810730614522591,-0.06173639392817476
trend,2017-12-31,2018-01-31,73,-0.17594707708787047,-0.21905467110946567
trend,2018-01-31,2018-02-28,73,0.3552045707211873,0.28315348601272705
trend,2018-02-28,2018-03-31,73,-0.1587491079171085,-0.057170183882512667
trend,2018-03-31,2018-04-30,73,-0.09656159185508313,-0.12347278785634952
trend,2018-04-30,2018-05-31,73,0.15558630564196915,0.15272121436505
trend,2018-05-31,2018-06-30,73,-0.2051321850594349,-0.10631864741453785
trend,2018-06-30,2018-07-31,73,0.2831261392215459,0.3765826096115448
trend,2018-07-31,2018-08-31,73,0.3480720375375766,0.31247686042206596
trend,2018-08-31,2018-09-30,73,-0.1884835420617272,-0.17740343082808838
trend,2018-09-30,2018-10-31,73,0.009721100963663427,-0.010181414291003334
trend,2018-10-31,2018-11-30,73,-0.3151830700748493,-0.27051709243490074
trend,2018-11-30,2018-12-31,73,0.02551006058353556,-0.04345646254959695
trend,2018-12-31,2019-01-31,73,-0.21989441960577466,-0.18598050104899422
trend,2019-01-31,2019-02-28,73,-0.05438430841415949,-0.02454527229259053
trend,2019-02-28,2019-03-31,73,0.2466754469683018,0.20394310583277908
trend,2019-03-31,2019-04-30,73,0.35402701758580574,0.27198469691584803
trend,2019-04-30,2019-05-31,73,0.31084526065802776,0.3468159940762681
trend,2019-05-31,2019-06-30,73,-0.11296092181007664,-0.1198358582533304
trend,2019-06-30,2019-07-31,73,-0.31431062051902503,-0.23395836387191601
trend,2019-07-31,2019-08-31,73,0.1181510103309588,-0.009996297667530546
trend,2019-08-31,2019-09-30,73,-0.5152166243153042,-0.5455386893743059
trend,2019-09-30,2019-10-31,73,0.1106731024524877,0.06553179017063822
trend,2019-10-31,2019-11-30,73,-0.4118988479158059,-0.5205479452054795
trend,2019-11-30,2019-12-31,73,0.030479619471604023,0.006756756756756758
trend,2019-12-31,2020-01-31,73,-0.13711825504021077,-0.06951129211403184
trend,2020-01-31,2020-02-29,73,0.20074247902911507,0.047883499938294466
trend,2020-02-29,2020-03-31,73,0.05020924243769057,0.031068739972849566
trend,2020-03-31,2020-04-30,73,-0.184722633289554,-0.06241515488090831
trend,2020-04-30,2020-05-31,73,0.47697131663528447,0.26940639269406397
trend,2020-05-31,2020-06-30,73,-0.169359474809376,-0.2597494755029002
trend,2020-06-30,2020-07-31,73,0.3037150565712929,0.3273170430704678
trend,2020-07-31,2020-08-31,73,0.41711544331382855,0.0366839442181908
trend,2020-08-31,2020-09-30,73,-0.20134876966928442,0.2049858077255338
trend,2020-09-30,2020-10-31,73,0.12821505039721076,0.26774240823954726
trend,2020-10-31,2020-11-30,73,-0.17278483975264616,-0.3545600394915464
trend,2020-11-30,2020-12-31,73,0.012005894816806511,-0.10437492286807358
trend,2020-12-31,2021-01-31,73,0.14422952927502908,0.33337447178868046
trend,2021-01-31,2021-02-28,73,0.06496309615008691,0.04797605825003086
trend,2021-02-28,2021-03-31,73,0.2798863040642706,0.41163766506232263
trend,2021-03-31,2021-04-30,73,-0.4154399737012279,-0.33293224731580906
trend,2021-04-30,2021-05-31,73,-0.2285020385837944,-0.33419721090953974
trend,2021-05-31,2021-06-30,73,-0.47494754685643653,-0.4813340737998273
trend,2021-06-30,2021-07-31,73,0.11446288047075548,0.19779711218067383
trend,2021-07-31,2021-08-31,73,-0.1954452609596105,-0.22061443767191552
trend,2021-08-31,2021-09-30,73,0.027241607303701346,0.04813032210292485
trend,2021-09-30,2021-10-31,73,0.019867702260508477,-0.0946254473651734
trend,2021-10-31,2021-11-30,73,0.1944167348492961,0.19977168949771693
trend,2021-11-30,2021-12-31,73,0.03356215267867065,0.00971892259263622
trend,2021-12-31,2022-01-31,73,-0.1560220692312956,-0.16413673947920526
trend,2022-01-31,2022-02-28,73,0.38568116007324926,0.46535233864000997
trend,2022-02-28,2022-03-31,73,0.3092084082271028,0.20751573491299521
trend,2022-03-31,2022-04-30,73,-0.013693704957082197,-0.03850425768233988
trend,2022-04-30,2022-05-31,73,0.4701717287821445,0.4389732197951377
trend,2022-05-31,2022-06-30,73,0.16010766140406354,0.13565963223497474
trend,2022-06-30,2022-07-31,73,0.015530049106575123,-0.12085030235715169
trend,2022-07-31,2022-08-31,73,-0.3905414904132518,-0.43965198074787126
trend,2022-08-31,2022-09-30,73,-0.20686791226046916,-0.1131988152536098
trend,2022-09-30,2022-10-31,73,-0.019127674984247132,0.01511785758361101
trend,2022-10-31,2022-11-30,73,-0.26389864263112744,-0.278106873997285
trend,2022-11-30,2022-12-31,73,-0.14315713448526904,-0.12248549919782797
trend,2022-12-31,2023-01-31,73,-0.018221852291984107,-0.06685795384425523
trend,2023-01-31,2023-02-28,73,0.06652547539218025,0.1974268789337283
trend,2023-02-28,2023-03-31,73,-0.4441281479151688,-0.45310378872022716
trend,2023-03-31,2023-04-30,73,0.32146450890164696,0.2733864000987289
trend,2023-04-30,2023-05-31,73,0.23746618689613067,0.13146365543625818
trend,2023-05-31,2023-06-30,73,0.3503894945485605,0.2739417499691473
trend,2023-06-30,2023-07-31,73,0.14613496070293663,0.12782302850796004
trend,2023-07-31,2023-08-31,73,0.3711694362427815,0.03109959274342837
trend,2023-08-31,2023-09-30,73,-0.2707445029668361,-0.1725903986177959
trend,2023-09-30,2023-10-31,73,0.20218754815303117,0.05828088362334939
trend,2023-10-31,2023-11-30,73,-0.3975603450765537,-0.24089843267925468
trend,2023-11-30,2023-12-31,73,-0.012134390506516912,0.15836727138097004
trend,2023-12-31,2024-01-31,73,-0.27427428172791324,-0.2589473034678515
trend,2024-01-31,2024-02-29,73,-0.21029874860173176,-0.18277181290879924
trend,2024-02-29,2024-03-31,73,0.016428935069852005,0.19458842404047885
trend,2024-03-31,2024-04-30,73,0.20798428430943636,0.16308774527952613
trend,2024-04-30,2024-05-31,73,0.0691896034891813,0.09934592126372949
trend,2024-05-31,2024-06-30,73,0.3400804879818325,0.257034431691966
trend,2024-06-30,2024-07-31,73,-0.39627059848732143,-0.34474885844748865
trend,2024-07-31,2024-08-31,73,-0.1883060328540281,-0.08746760459089227
trend,2024-08-31,2024-09-30,73,-0.0031736360364406488,-0.04038627668764655
trend,2024-09-30,2024-10-31,73,-0.14150748950304534,-0.07386153276564236
trend,2024-10-31,2024-11-30,73,0.056588836760263786,0.03406145871899297
trend,2024-11-30,2024-12-31,73,-0.1483111153708981,-0.13578304331728994
trend,2024-12-31,2025-01-31,73,0.2591821113944055,0.3197760071674105
trend,2025-01-31,2025-02-28,73,0.1309685381397757,0.12245464642724921
trend,2025-02-28,2025-03-31,73,-0.11616176852711656,-0.25796001480932995
trend,2025-03-31,2025-04-30,73,-0.14122498582564524,-0.1680858941132914
trend,2025-04-30,2025-05-31,73,-0.03736724644185186,0.13738738738738743
trend,2025-05-31,2025-06-30,73,0.2023966274753241,0.253825743551771
trend,2025-06-30,2025-07-31,73,-0.20533930762933134,-0.20261014439096633
trend,2025-07-31,2025-08-31,73,-0.3247906273830001,-0.3832531161298285
trend,2025-08-31,2025-09-30,73,0.11104644400973437,0.11347649018881897
trend,2025-09-30,2025-10-31,73,-0.005867084481513431,0.07947673701098361
trend,2025-10-31,2025-11-30,73,0.10743496779459906,0.20501666049611256
trend,2025-11-30,2025-12-31,73,-0.018003197081747566,-0.012341108231519193
trend,2025-12-31,2026-01-31,73,0.20008883103820144,0.23966432185610273
trend,2026-01-31,2026-02-28,73,0.1937860664799325,0.21411822781685796
trend,2026-02-28,2026-03-31,73,-0.34091724918841065,-0.317043070467728
trend,2026-03-31,2026-04-30,73,0.011359597119249016,0.15836727138097004
trend,2026-04-30,2026-05-31,73,0.34346871343102153,0.05288164877205974
