simulation,sharpe,actual_sharpe,p_value
1,1.3409394241448467,1.2826121936672956,0.9045
2,1.6922729812409791,1.2826121936672956,0.9045
3,1.5716397149226708,1.2826121936672956,0.9045
4,1.9973861785458993,1.2826121936672956,0.9045
5,1.6173886174503675,1.2826121936672956,0.9045
6,1.2293978481216254,1.2826121936672956,0.9045
7,1.7746311724067731,1.2826121936672956,0.9045
8,1.2873846832115388,1.2826121936672956,0.9045
9,1.7301647948401726,1.2826121936672956,0.9045
10,1.803069912914019,1.2826121936672956,0.9045
11,1.3639823811541012,1.2826121936672956,0.9045
12,1.3222069163048897,1.2826121936672956,0.9045
13,1.5105167399050747,1.2826121936672956,0.9045
14,1.7851786045773146,1.2826121936672956,0.9045
15,1.598923387937138,1.2826121936672956,0.9045
16,1.4762648780252399,1.2826121936672956,0.9045
17,1.203456465365801,1.2826121936672956,0.9045
18,1.8049960956554623,1.2826121936672956,0.9045
19,1.7110209822740388,1.2826121936672956,0.9045
20,1.644033236869585,1.2826121936672956,0.9045
21,1.266515177269624,1.2826121936672956,0.9045
22,1.548732252819464,1.2826121936672956,0.9045
23,1.7989204221347073,1.2826121936672956,0.9045
24,1.6339423158119386,1.2826121936672956,0.9045
25,1.489295087404641,1.2826121936672956,0.9045
26,1.787100864582424,1.2826121936672956,0.9045
27,1.0743982626777708,1.2826121936672956,0.9045
28,1.544122068391244,1.2826121936672956,0.9045
29,1.7824212557320884,1.2826121936672956,0.9045
30,1.3003798568390312,1.2826121936672956,0.9045
31,1.1376039871561257,1.2826121936672956,0.9045
32,1.4564263657299639,1.2826121936672956,0.9045
33,1.3919382778226137,1.2826121936672956,0.9045
34,1.2251313467153988,1.2826121936672956,0.9045
35,1.2682043878639686,1.2826121936672956,0.9045
36,1.6319976407044152,1.2826121936672956,0.9045
37,1.2376384778060803,1.2826121936672956,0.9045
38,1.2459371625696778,1.2826121936672956,0.9045
39,1.3770772654920178,1.2826121936672956,0.9045
40,1.4207051336772973,1.2826121936672956,0.9045
41,1.7977989042323588,1.2826121936672956,0.9045
42,1.4954671223155598,1.2826121936672956,0.9045
43,1.6345154626421223,1.2826121936672956,0.9045
44,1.7773964101675481,1.2826121936672956,0.9045
45,1.4007078147466165,1.2826121936672956,0.9045
46,1.455476947101055,1.2826121936672956,0.9045
47,1.5514841483462771,1.2826121936672956,0.9045
48,1.5493488735492371,1.2826121936672956,0.9045
49,1.3506960144509748,1.2826121936672956,0.9045
50,1.8304511012607219,1.2826121936672956,0.9045
51,1.2403741268255855,1.2826121936672956,0.9045
52,1.3759967274330778,1.2826121936672956,0.9045
53,1.4064247725882661,1.2826121936672956,0.9045
54,1.5054093824871844,1.2826121936672956,0.9045
55,1.4289632875429785,1.2826121936672956,0.9045
56,1.5393997757479563,1.2826121936672956,0.9045
57,1.3979979397505888,1.2826121936672956,0.9045
58,1.3988640969905215,1.2826121936672956,0.9045
59,1.318119171264566,1.2826121936672956,0.9045
60,1.6395908338526068,1.2826121936672956,0.9045
61,1.6415901992148396,1.2826121936672956,0.9045
62,1.72418599530245,1.2826121936672956,0.9045
63,1.6289177665699133,1.2826121936672956,0.9045
64,1.2976187863254216,1.2826121936672956,0.9045
65,1.2809288313498115,1.2826121936672956,0.9045
66,1.794412741816214,1.2826121936672956,0.9045
67,1.3445044227546148,1.2826121936672956,0.9045
68,1.7403054240629405,1.2826121936672956,0.9045
69,1.5275065360310942,1.2826121936672956,0.9045
70,1.7677769323835544,1.2826121936672956,0.9045
71,1.474573053500911,1.2826121936672956,0.9045
72,1.2243523835627603,1.2826121936672956,0.9045
73,1.2525720326551975,1.2826121936672956,0.9045
74,1.2770466583534903,1.2826121936672956,0.9045
75,1.6269696212177762,1.2826121936672956,0.9045
76,1.7425732422961961,1.2826121936672956,0.9045
77,1.777027757890486,1.2826121936672956,0.9045
78,1.8334177818071447,1.2826121936672956,0.9045
79,1.3685536408913188,1.2826121936672956,0.9045
80,1.6445944960038619,1.2826121936672956,0.9045
81,1.516736512556306,1.2826121936672956,0.9045
82,1.438513100497604,1.2826121936672956,0.9045
83,1.5842101821311199,1.2826121936672956,0.9045
84,1.331687906553447,1.2826121936672956,0.9045
85,1.4390226407863655,1.2826121936672956,0.9045
86,1.367559384940509,1.2826121936672956,0.9045
87,1.4175196586868737,1.2826121936672956,0.9045
88,1.6753704706163037,1.2826121936672956,0.9045
89,1.9253474283993168,1.2826121936672956,0.9045
90,1.7307757950157705,1.2826121936672956,0.9045
91,1.6544984210183054,1.2826121936672956,0.9045
92,1.2764976270954005,1.2826121936672956,0.9045
93,1.654118556378396,1.2826121936672956,0.9045
94,1.41384434119377,1.2826121936672956,0.9045
95,1.9745904639099616,1.2826121936672956,0.9045
96,1.407871456712326,1.2826121936672956,0.9045
97,1.643178679464634,1.2826121936672956,0.9045
98,1.5258538091659917,1.2826121936672956,0.9045
99,1.8097861611226056,1.2826121936672956,0.9045
100,1.8271064440405185,1.2826121936672956,0.9045
101,1.4649024257566328,1.2826121936672956,0.9045
102,1.3589155004587252,1.2826121936672956,0.9045
103,1.893846289385116,1.2826121936672956,0.9045
104,1.668996516987141,1.2826121936672956,0.9045
105,1.6273400755717422,1.2826121936672956,0.9045
106,1.7236564408102162,1.2826121936672956,0.9045
107,1.2710005545519614,1.2826121936672956,0.9045
108,1.3404213892737586,1.2826121936672956,0.9045
109,1.688638716600787,1.2826121936672956,0.9045
110,1.5915518139166858,1.2826121936672956,0.9045
111,1.3335449287361683,1.2826121936672956,0.9045
112,1.2887580506615124,1.2826121936672956,0.9045
113,1.8316092461933773,1.2826121936672956,0.9045
114,1.607105573549602,1.2826121936672956,0.9045
115,1.649854696656603,1.2826121936672956,0.9045
116,1.791118114963194,1.2826121936672956,0.9045
117,1.343192868939825,1.2826121936672956,0.9045
118,1.5641665300059464,1.2826121936672956,0.9045
119,1.8522802392963125,1.2826121936672956,0.9045
120,1.4787158218586336,1.2826121936672956,0.9045
121,1.6110895549535196,1.2826121936672956,0.9045
122,1.3981555210576275,1.2826121936672956,0.9045
123,1.772710978433588,1.2826121936672956,0.9045
124,1.8140128643569011,1.2826121936672956,0.9045
125,1.3577449095511647,1.2826121936672956,0.9045
126,1.61233614076555,1.2826121936672956,0.9045
127,1.6242449113189437,1.2826121936672956,0.9045
128,1.75146233040461,1.2826121936672956,0.9045
129,1.4003114274129207,1.2826121936672956,0.9045
130,1.5278959942082804,1.2826121936672956,0.9045
131,1.6900844561530153,1.2826121936672956,0.9045
132,1.6304742080955623,1.2826121936672956,0.9045
133,1.7182656275730517,1.2826121936672956,0.9045
134,1.7875014768586692,1.2826121936672956,0.9045
135,1.368572683055239,1.2826121936672956,0.9045
136,1.5203718828011497,1.2826121936672956,0.9045
137,1.586392514027231,1.2826121936672956,0.9045
138,1.557639603866044,1.2826121936672956,0.9045
139,1.6901956894328702,1.2826121936672956,0.9045
140,1.376220808996302,1.2826121936672956,0.9045
141,1.9687457200765137,1.2826121936672956,0.9045
142,1.6106581818446615,1.2826121936672956,0.9045
143,1.4877990635276566,1.2826121936672956,0.9045
144,1.7548319038874254,1.2826121936672956,0.9045
145,1.7140513776165622,1.2826121936672956,0.9045
146,1.2396301278314639,1.2826121936672956,0.9045
147,1.8051246196625,1.2826121936672956,0.9045
148,1.5009107395622014,1.2826121936672956,0.9045
149,1.7842978885249203,1.2826121936672956,0.9045
150,1.1326380924515167,1.2826121936672956,0.9045
151,1.2646347660516655,1.2826121936672956,0.9045
152,1.4945015484310529,1.2826121936672956,0.9045
153,1.1600689405573694,1.2826121936672956,0.9045
154,1.742729171375276,1.2826121936672956,0.9045
155,1.7315386645218689,1.2826121936672956,0.9045
156,1.4585056896844886,1.2826121936672956,0.9045
157,1.3570530055475638,1.2826121936672956,0.9045
158,1.622868872765951,1.2826121936672956,0.9045
159,1.4770246790446722,1.2826121936672956,0.9045
160,1.5339856895337634,1.2826121936672956,0.9045
161,1.6001729915226557,1.2826121936672956,0.9045
162,1.517718131556061,1.2826121936672956,0.9045
163,1.2981301871219464,1.2826121936672956,0.9045
164,1.7113346348505578,1.2826121936672956,0.9045
165,1.4969219967769498,1.2826121936672956,0.9045
166,1.7521203526897304,1.2826121936672956,0.9045
167,1.7305369762481353,1.2826121936672956,0.9045
168,1.6449467398981998,1.2826121936672956,0.9045
169,1.880319563777872,1.2826121936672956,0.9045
170,1.4964973430810626,1.2826121936672956,0.9045
171,1.7691815358912752,1.2826121936672956,0.9045
172,1.6347669656016164,1.2826121936672956,0.9045
173,1.6215504357357542,1.2826121936672956,0.9045
174,1.5277980729772698,1.2826121936672956,0.9045
175,1.5805932004928265,1.2826121936672956,0.9045
176,1.5743615266103819,1.2826121936672956,0.9045
177,1.5440410053174205,1.2826121936672956,0.9045
178,1.5324288851840793,1.2826121936672956,0.9045
179,1.3919267468245935,1.2826121936672956,0.9045
180,1.8215529609112127,1.2826121936672956,0.9045
181,1.6418181238724978,1.2826121936672956,0.9045
182,1.9314366926130426,1.2826121936672956,0.9045
183,1.4863042414458574,1.2826121936672956,0.9045
184,1.1937232358483076,1.2826121936672956,0.9045
185,1.6093704775557927,1.2826121936672956,0.9045
186,1.3993415230557087,1.2826121936672956,0.9045
187,1.4856531364086174,1.2826121936672956,0.9045
188,1.5927591203710327,1.2826121936672956,0.9045
189,1.8857148985431755,1.2826121936672956,0.9045
190,1.7359198482152136,1.2826121936672956,0.9045
191,1.129921016707733,1.2826121936672956,0.9045
192,1.2289066380859908,1.2826121936672956,0.9045
193,1.6029340692017298,1.2826121936672956,0.9045
194,1.4666395679894855,1.2826121936672956,0.9045
195,1.3690449338993154,1.2826121936672956,0.9045
196,1.396720538904086,1.2826121936672956,0.9045
197,1.7750139016640307,1.2826121936672956,0.9045
198,1.5779232373278382,1.2826121936672956,0.9045
199,1.3419151483354952,1.2826121936672956,0.9045
200,1.5693417704787103,1.2826121936672956,0.9045
201,1.6355003439702167,1.2826121936672956,0.9045
202,1.4626519672890383,1.2826121936672956,0.9045
203,1.5539690769298082,1.2826121936672956,0.9045
204,1.0884576401423125,1.2826121936672956,0.9045
205,1.6169603236541525,1.2826121936672956,0.9045
206,1.4755770796319387,1.2826121936672956,0.9045
207,1.4179917621419524,1.2826121936672956,0.9045
208,1.0823551189014073,1.2826121936672956,0.9045
209,1.7199408818299893,1.2826121936672956,0.9045
210,1.3189121143325908,1.2826121936672956,0.9045
211,1.6211588775100332,1.2826121936672956,0.9045
212,1.6782518066086187,1.2826121936672956,0.9045
213,1.8603712045951901,1.2826121936672956,0.9045
214,1.3681848853203313,1.2826121936672956,0.9045
215,1.4916837484848484,1.2826121936672956,0.9045
216,1.8408285107355424,1.2826121936672956,0.9045
217,1.4776275741921938,1.2826121936672956,0.9045
218,1.403483213122758,1.2826121936672956,0.9045
219,1.7572353638540619,1.2826121936672956,0.9045
220,1.3400539595492864,1.2826121936672956,0.9045
221,1.4322394223343144,1.2826121936672956,0.9045
222,1.650024356063969,1.2826121936672956,0.9045
223,1.3597912998909798,1.2826121936672956,0.9045
224,1.1996967000528878,1.2826121936672956,0.9045
225,2.0472858382340924,1.2826121936672956,0.9045
226,1.8727193976730292,1.2826121936672956,0.9045
227,1.435263078796144,1.2826121936672956,0.9045
228,1.7578386490876432,1.2826121936672956,0.9045
229,1.8809841532496938,1.2826121936672956,0.9045
230,1.4968976783864867,1.2826121936672956,0.9045
231,1.2263159888932742,1.2826121936672956,0.9045
232,1.3052045463224495,1.2826121936672956,0.9045
233,1.2773482959866045,1.2826121936672956,0.9045
234,1.5654964579211104,1.2826121936672956,0.9045
235,1.6984844551876015,1.2826121936672956,0.9045
236,1.8851979126007317,1.2826121936672956,0.9045
237,1.4464702453791887,1.2826121936672956,0.9045
238,1.9035458374563043,1.2826121936672956,0.9045
239,1.9921931637476684,1.2826121936672956,0.9045
240,1.5884970277207093,1.2826121936672956,0.9045
241,1.739093409826045,1.2826121936672956,0.9045
242,1.73972895391284,1.2826121936672956,0.9045
243,1.5192417443281165,1.2826121936672956,0.9045
244,1.3818775389841522,1.2826121936672956,0.9045
245,1.337722300727997,1.2826121936672956,0.9045
246,1.837029915581694,1.2826121936672956,0.9045
247,1.4780421311906167,1.2826121936672956,0.9045
248,1.3094037661333446,1.2826121936672956,0.9045
249,1.325842694442794,1.2826121936672956,0.9045
250,1.9153219233711267,1.2826121936672956,0.9045
251,1.4518945498283016,1.2826121936672956,0.9045
252,1.293829644308439,1.2826121936672956,0.9045
253,1.6334452698373223,1.2826121936672956,0.9045
254,1.5686335551961097,1.2826121936672956,0.9045
255,1.6391456272138465,1.2826121936672956,0.9045
256,1.6103076800181018,1.2826121936672956,0.9045
257,1.4771021756337013,1.2826121936672956,0.9045
258,1.8147364312672984,1.2826121936672956,0.9045
259,1.7705523174711255,1.2826121936672956,0.9045
260,1.946083282139311,1.2826121936672956,0.9045
261,1.3811912885386481,1.2826121936672956,0.9045
262,1.3716804053267846,1.2826121936672956,0.9045
263,1.792369096601539,1.2826121936672956,0.9045
264,1.261637397606728,1.2826121936672956,0.9045
265,1.6145141020462774,1.2826121936672956,0.9045
266,1.6690984484687221,1.2826121936672956,0.9045
267,1.520343798459941,1.2826121936672956,0.9045
268,1.458392453749423,1.2826121936672956,0.9045
269,1.6781533638756263,1.2826121936672956,0.9045
270,1.6181656468789227,1.2826121936672956,0.9045
271,1.585280601648798,1.2826121936672956,0.9045
272,1.1468974056056953,1.2826121936672956,0.9045
273,1.0986825516245495,1.2826121936672956,0.9045
274,1.6532928485172405,1.2826121936672956,0.9045
275,1.4840423849810847,1.2826121936672956,0.9045
276,1.6567196203173733,1.2826121936672956,0.9045
277,1.578804179534407,1.2826121936672956,0.9045
278,1.7883549399814918,1.2826121936672956,0.9045
279,1.5093415054241157,1.2826121936672956,0.9045
280,1.5590515825953253,1.2826121936672956,0.9045
281,1.8650317422461264,1.2826121936672956,0.9045
282,2.0484069213918383,1.2826121936672956,0.9045
283,1.5939894241601211,1.2826121936672956,0.9045
284,1.574526314914384,1.2826121936672956,0.9045
285,1.6420656001818177,1.2826121936672956,0.9045
286,1.6856302593648977,1.2826121936672956,0.9045
287,1.4424917086816849,1.2826121936672956,0.9045
288,1.7121734225748235,1.2826121936672956,0.9045
289,1.4494653535901783,1.2826121936672956,0.9045
290,1.4329498144050374,1.2826121936672956,0.9045
291,1.4500270445648682,1.2826121936672956,0.9045
292,1.1446010121479375,1.2826121936672956,0.9045
293,1.5598814254591387,1.2826121936672956,0.9045
294,1.7275287918108597,1.2826121936672956,0.9045
295,1.511152942875057,1.2826121936672956,0.9045
296,1.3347748193274958,1.2826121936672956,0.9045
297,1.6061503035343545,1.2826121936672956,0.9045
298,1.665781920443226,1.2826121936672956,0.9045
299,1.568977743564186,1.2826121936672956,0.9045
300,1.5716049845354412,1.2826121936672956,0.9045
301,1.5015765014762694,1.2826121936672956,0.9045
302,1.4915472602751592,1.2826121936672956,0.9045
303,1.378670119913956,1.2826121936672956,0.9045
304,1.6075833094167844,1.2826121936672956,0.9045
305,1.9651553808964202,1.2826121936672956,0.9045
306,1.350055501954897,1.2826121936672956,0.9045
307,1.6409693354353205,1.2826121936672956,0.9045
308,1.2986259800524496,1.2826121936672956,0.9045
309,1.502085488933819,1.2826121936672956,0.9045
310,1.6892747588652304,1.2826121936672956,0.9045
311,1.8033007643849088,1.2826121936672956,0.9045
312,1.7127027166275632,1.2826121936672956,0.9045
313,1.6366639966766092,1.2826121936672956,0.9045
314,1.9661158176888234,1.2826121936672956,0.9045
315,0.9767047790103697,1.2826121936672956,0.9045
316,1.4439864091769272,1.2826121936672956,0.9045
317,1.051941653700133,1.2826121936672956,0.9045
318,1.4709265580418314,1.2826121936672956,0.9045
319,1.5589692486785198,1.2826121936672956,0.9045
320,1.834429263045942,1.2826121936672956,0.9045
321,1.5307043402216438,1.2826121936672956,0.9045
322,1.56073226259737,1.2826121936672956,0.9045
323,1.659469250150376,1.2826121936672956,0.9045
324,1.4731525213242058,1.2826121936672956,0.9045
325,1.559781643935122,1.2826121936672956,0.9045
326,1.4684360295587706,1.2826121936672956,0.9045
327,1.594462641855971,1.2826121936672956,0.9045
328,1.4205180806405888,1.2826121936672956,0.9045
329,1.7488039984552752,1.2826121936672956,0.9045
330,1.4272195083913068,1.2826121936672956,0.9045
331,1.6693511904436407,1.2826121936672956,0.9045
332,1.683746778617249,1.2826121936672956,0.9045
333,1.569668859289529,1.2826121936672956,0.9045
334,1.6905144186305363,1.2826121936672956,0.9045
335,1.2029819778210527,1.2826121936672956,0.9045
336,1.5914264872535424,1.2826121936672956,0.9045
337,1.3340214024384183,1.2826121936672956,0.9045
338,1.807428720674062,1.2826121936672956,0.9045
339,1.652124550260691,1.2826121936672956,0.9045
340,1.6202029430226497,1.2826121936672956,0.9045
341,1.224234205803446,1.2826121936672956,0.9045
342,1.5991503884199372,1.2826121936672956,0.9045
343,1.5134842052423234,1.2826121936672956,0.9045
344,1.6157784043051324,1.2826121936672956,0.9045
345,1.5393144398116076,1.2826121936672956,0.9045
346,1.6520504319079616,1.2826121936672956,0.9045
347,1.6545232702456183,1.2826121936672956,0.9045
348,1.4439176014874613,1.2826121936672956,0.9045
349,1.6536684156655477,1.2826121936672956,0.9045
350,1.820610715336307,1.2826121936672956,0.9045
351,1.3870937784698734,1.2826121936672956,0.9045
352,1.8616751663622042,1.2826121936672956,0.9045
353,1.8202833644845238,1.2826121936672956,0.9045
354,1.6630335262510345,1.2826121936672956,0.9045
355,1.6556232288210626,1.2826121936672956,0.9045
356,0.8140956663220155,1.2826121936672956,0.9045
357,1.6010264501563696,1.2826121936672956,0.9045
358,1.1578417790632782,1.2826121936672956,0.9045
359,1.0912735919937175,1.2826121936672956,0.9045
360,1.267911853034325,1.2826121936672956,0.9045
361,1.892089300312416,1.2826121936672956,0.9045
362,1.6349484737653643,1.2826121936672956,0.9045
363,1.9922947970424336,1.2826121936672956,0.9045
364,1.7235478721067552,1.2826121936672956,0.9045
365,1.1304714110178868,1.2826121936672956,0.9045
366,1.8525181689835915,1.2826121936672956,0.9045
367,1.7015088810007373,1.2826121936672956,0.9045
368,1.5930905258975396,1.2826121936672956,0.9045
369,1.460661383908577,1.2826121936672956,0.9045
370,1.5617024097977086,1.2826121936672956,0.9045
371,1.545079841609275,1.2826121936672956,0.9045
372,1.5273550116734973,1.2826121936672956,0.9045
373,1.5315533742770362,1.2826121936672956,0.9045
374,1.4864177454696275,1.2826121936672956,0.9045
375,1.6403284870973953,1.2826121936672956,0.9045
376,1.6148539517620677,1.2826121936672956,0.9045
377,1.3988708660944769,1.2826121936672956,0.9045
378,1.5819051961088304,1.2826121936672956,0.9045
379,1.8140961657239008,1.2826121936672956,0.9045
380,1.3987431846521348,1.2826121936672956,0.9045
381,1.5109442500237382,1.2826121936672956,0.9045
382,1.879213085571885,1.2826121936672956,0.9045
383,1.817960591439326,1.2826121936672956,0.9045
384,1.1305900122077044,1.2826121936672956,0.9045
385,1.3043691325543203,1.2826121936672956,0.9045
386,1.6049399484603772,1.2826121936672956,0.9045
387,1.5419973477037692,1.2826121936672956,0.9045
388,1.6609022505274245,1.2826121936672956,0.9045
389,1.6625797525054915,1.2826121936672956,0.9045
390,1.630088082482086,1.2826121936672956,0.9045
391,1.5827110524228951,1.2826121936672956,0.9045
392,1.8917552988784414,1.2826121936672956,0.9045
393,1.7050444096374147,1.2826121936672956,0.9045
394,1.5533463373424286,1.2826121936672956,0.9045
395,1.2427515730923524,1.2826121936672956,0.9045
396,1.3826202283277123,1.2826121936672956,0.9045
397,1.3434226858711527,1.2826121936672956,0.9045
398,1.930062458522211,1.2826121936672956,0.9045
399,1.6101154428163962,1.2826121936672956,0.9045
400,1.2393660364839463,1.2826121936672956,0.9045
401,1.3248377612367768,1.2826121936672956,0.9045
402,1.4645322807836967,1.2826121936672956,0.9045
403,1.5535769470138268,1.2826121936672956,0.9045
404,1.6703803088020348,1.2826121936672956,0.9045
405,1.2012959509481815,1.2826121936672956,0.9045
406,1.5728003389596712,1.2826121936672956,0.9045
407,1.4461147743026301,1.2826121936672956,0.9045
408,1.3992856476321676,1.2826121936672956,0.9045
409,1.6853968498219192,1.2826121936672956,0.9045
410,1.6443158319316629,1.2826121936672956,0.9045
411,1.650918906169733,1.2826121936672956,0.9045
412,1.3085983462542177,1.2826121936672956,0.9045
413,1.249322414130183,1.2826121936672956,0.9045
414,1.3583153124176481,1.2826121936672956,0.9045
415,1.784029502762597,1.2826121936672956,0.9045
416,1.437476466175965,1.2826121936672956,0.9045
417,1.773867553776352,1.2826121936672956,0.9045
418,1.8020711630725388,1.2826121936672956,0.9045
419,1.7472988672471643,1.2826121936672956,0.9045
420,1.710820295964364,1.2826121936672956,0.9045
421,1.5314467416071313,1.2826121936672956,0.9045
422,1.699374089015518,1.2826121936672956,0.9045
423,1.4662277169308464,1.2826121936672956,0.9045
424,1.620246741679194,1.2826121936672956,0.9045
425,1.5495653051297813,1.2826121936672956,0.9045
426,1.4534166436318854,1.2826121936672956,0.9045
427,1.6588937059532258,1.2826121936672956,0.9045
428,1.4387901785099153,1.2826121936672956,0.9045
429,1.1128498277310233,1.2826121936672956,0.9045
430,1.745971503370423,1.2826121936672956,0.9045
431,1.5286733489836366,1.2826121936672956,0.9045
432,1.8795295761033242,1.2826121936672956,0.9045
433,1.722468350745948,1.2826121936672956,0.9045
434,1.40505079719721,1.2826121936672956,0.9045
435,1.7397778911585149,1.2826121936672956,0.9045
436,1.6690602434334387,1.2826121936672956,0.9045
437,1.7700315896216856,1.2826121936672956,0.9045
438,1.3108017619274046,1.2826121936672956,0.9045
439,1.4128122785650288,1.2826121936672956,0.9045
440,1.2832519065036798,1.2826121936672956,0.9045
441,1.5626568205341806,1.2826121936672956,0.9045
442,0.9977507118335867,1.2826121936672956,0.9045
443,1.7031472193228476,1.2826121936672956,0.9045
444,1.4296560597414871,1.2826121936672956,0.9045
445,1.6596484578184039,1.2826121936672956,0.9045
446,1.4715373209494969,1.2826121936672956,0.9045
447,1.5955922496964685,1.2826121936672956,0.9045
448,1.8130465685135682,1.2826121936672956,0.9045
449,1.6964425827158003,1.2826121936672956,0.9045
450,1.5748461575028299,1.2826121936672956,0.9045
451,1.6824304895815985,1.2826121936672956,0.9045
452,1.6238732855618163,1.2826121936672956,0.9045
453,1.659068709205662,1.2826121936672956,0.9045
454,1.6405420734936644,1.2826121936672956,0.9045
455,1.4409878175569533,1.2826121936672956,0.9045
456,1.5172028985678052,1.2826121936672956,0.9045
457,1.6673183697127205,1.2826121936672956,0.9045
458,1.8131234495067887,1.2826121936672956,0.9045
459,1.442395919202212,1.2826121936672956,0.9045
460,1.549891994625953,1.2826121936672956,0.9045
461,1.719562266922313,1.2826121936672956,0.9045
462,1.3153432256901254,1.2826121936672956,0.9045
463,1.6095727118885323,1.2826121936672956,0.9045
464,1.8424011654067562,1.2826121936672956,0.9045
465,1.5102170676753883,1.2826121936672956,0.9045
466,1.5215260761967406,1.2826121936672956,0.9045
467,1.5732891460045353,1.2826121936672956,0.9045
468,1.1620991928329019,1.2826121936672956,0.9045
469,1.7943396927983557,1.2826121936672956,0.9045
470,1.8343516895868064,1.2826121936672956,0.9045
471,1.4575299069907268,1.2826121936672956,0.9045
472,1.9893750054591923,1.2826121936672956,0.9045
473,1.6189740077933656,1.2826121936672956,0.9045
474,1.4737833565577256,1.2826121936672956,0.9045
475,1.483473932448712,1.2826121936672956,0.9045
476,1.5317917066905928,1.2826121936672956,0.9045
477,1.911651290119819,1.2826121936672956,0.9045
478,1.192281765485442,1.2826121936672956,0.9045
479,1.2765457514304575,1.2826121936672956,0.9045
480,1.5297975545336024,1.2826121936672956,0.9045
481,1.3840578695135957,1.2826121936672956,0.9045
482,1.9059516301584363,1.2826121936672956,0.9045
483,1.5087806881655137,1.2826121936672956,0.9045
484,1.5086483746167056,1.2826121936672956,0.9045
485,1.356115371057269,1.2826121936672956,0.9045
486,1.4482152968997632,1.2826121936672956,0.9045
487,1.9260138169839172,1.2826121936672956,0.9045
488,1.5508623358273645,1.2826121936672956,0.9045
489,1.5988714332823295,1.2826121936672956,0.9045
490,1.3876169446526683,1.2826121936672956,0.9045
491,1.5637584894367347,1.2826121936672956,0.9045
492,1.811789580578146,1.2826121936672956,0.9045
493,1.6953302646240471,1.2826121936672956,0.9045
494,1.4332241237584302,1.2826121936672956,0.9045
495,1.8780216064584263,1.2826121936672956,0.9045
496,1.0908072958626456,1.2826121936672956,0.9045
497,1.982135667543348,1.2826121936672956,0.9045
498,1.7651876074221469,1.2826121936672956,0.9045
499,1.5207602099046262,1.2826121936672956,0.9045
500,1.4836444776799464,1.2826121936672956,0.9045
501,1.7479761864292416,1.2826121936672956,0.9045
502,1.8008840570710096,1.2826121936672956,0.9045
503,1.6159414043344338,1.2826121936672956,0.9045
504,1.5529483989705404,1.2826121936672956,0.9045
505,1.6581925356884806,1.2826121936672956,0.9045
506,1.8117825392955325,1.2826121936672956,0.9045
507,1.4828548531703933,1.2826121936672956,0.9045
508,1.4226742244666515,1.2826121936672956,0.9045
509,1.7497530012347504,1.2826121936672956,0.9045
510,1.7005967181552197,1.2826121936672956,0.9045
511,1.2995837246686688,1.2826121936672956,0.9045
512,1.3265169208882177,1.2826121936672956,0.9045
513,1.4628320773595722,1.2826121936672956,0.9045
514,2.00243473182539,1.2826121936672956,0.9045
515,1.646700928404627,1.2826121936672956,0.9045
516,1.4432504258432928,1.2826121936672956,0.9045
517,1.6898271803247802,1.2826121936672956,0.9045
518,1.55898621013325,1.2826121936672956,0.9045
519,1.7514048296031102,1.2826121936672956,0.9045
520,1.372243199547002,1.2826121936672956,0.9045
521,1.3543446008301252,1.2826121936672956,0.9045
522,1.459706673353339,1.2826121936672956,0.9045
523,1.657121977248364,1.2826121936672956,0.9045
524,1.4781120957014833,1.2826121936672956,0.9045
525,1.4397192709625495,1.2826121936672956,0.9045
526,1.6813004293669707,1.2826121936672956,0.9045
527,1.411804409914716,1.2826121936672956,0.9045
528,1.6384235677540568,1.2826121936672956,0.9045
529,1.5501576112190867,1.2826121936672956,0.9045
530,1.9167395935541038,1.2826121936672956,0.9045
531,1.574323158471375,1.2826121936672956,0.9045
532,1.6223951866052326,1.2826121936672956,0.9045
533,1.1999483030678701,1.2826121936672956,0.9045
534,1.7038498164711962,1.2826121936672956,0.9045
535,1.7804797771510048,1.2826121936672956,0.9045
536,1.5604020507822423,1.2826121936672956,0.9045
537,1.2381797161609598,1.2826121936672956,0.9045
538,1.7704316308812325,1.2826121936672956,0.9045
539,1.888382294634315,1.2826121936672956,0.9045
540,1.4757748866077187,1.2826121936672956,0.9045
541,1.6308575219052561,1.2826121936672956,0.9045
542,1.9108565222745042,1.2826121936672956,0.9045
543,1.439108381535144,1.2826121936672956,0.9045
544,1.4159139031093753,1.2826121936672956,0.9045
545,1.772713450203655,1.2826121936672956,0.9045
546,1.4499433049248902,1.2826121936672956,0.9045
547,1.486396942570565,1.2826121936672956,0.9045
548,1.3305628136410121,1.2826121936672956,0.9045
549,1.5715829523126847,1.2826121936672956,0.9045
550,1.3382434389398554,1.2826121936672956,0.9045
551,1.3265327714180521,1.2826121936672956,0.9045
552,1.4838266103175533,1.2826121936672956,0.9045
553,1.6861384263161139,1.2826121936672956,0.9045
554,1.3825057888500423,1.2826121936672956,0.9045
555,1.4311784031660226,1.2826121936672956,0.9045
556,1.5110546113445165,1.2826121936672956,0.9045
557,1.2982651450000624,1.2826121936672956,0.9045
558,1.756734427010568,1.2826121936672956,0.9045
559,1.456563891817601,1.2826121936672956,0.9045
560,1.5673797277206796,1.2826121936672956,0.9045
561,1.739501135178432,1.2826121936672956,0.9045
562,1.428169750160091,1.2826121936672956,0.9045
563,1.8220039286503003,1.2826121936672956,0.9045
564,1.6703688586184569,1.2826121936672956,0.9045
565,1.2877768125462878,1.2826121936672956,0.9045
566,1.6682407304976739,1.2826121936672956,0.9045
567,1.138210962924074,1.2826121936672956,0.9045
568,1.4975014979736714,1.2826121936672956,0.9045
569,1.0709969818949983,1.2826121936672956,0.9045
570,1.592399019151461,1.2826121936672956,0.9045
571,1.6878270278491847,1.2826121936672956,0.9045
572,1.606895866533172,1.2826121936672956,0.9045
573,1.863126247829671,1.2826121936672956,0.9045
574,1.874123965201766,1.2826121936672956,0.9045
575,1.771699754153009,1.2826121936672956,0.9045
576,1.3695551843852953,1.2826121936672956,0.9045
577,1.8895767066415035,1.2826121936672956,0.9045
578,1.7780476772834248,1.2826121936672956,0.9045
579,1.3634163097739167,1.2826121936672956,0.9045
580,1.7685544267742448,1.2826121936672956,0.9045
581,1.7480164142017012,1.2826121936672956,0.9045
582,1.8391114410854328,1.2826121936672956,0.9045
583,1.5513325749986195,1.2826121936672956,0.9045
584,1.448308105594609,1.2826121936672956,0.9045
585,1.6865307797677593,1.2826121936672956,0.9045
586,1.7430006218266842,1.2826121936672956,0.9045
587,1.3391534593944057,1.2826121936672956,0.9045
588,1.2810163435615172,1.2826121936672956,0.9045
589,1.2489503829197697,1.2826121936672956,0.9045
590,1.9647198585696655,1.2826121936672956,0.9045
591,1.6700727824163444,1.2826121936672956,0.9045
592,1.840286570240807,1.2826121936672956,0.9045
593,1.389872945258646,1.2826121936672956,0.9045
594,1.5193291022714797,1.2826121936672956,0.9045
595,1.1806384945376107,1.2826121936672956,0.9045
596,1.7151944135318382,1.2826121936672956,0.9045
597,1.5251811708454104,1.2826121936672956,0.9045
598,1.6622766727203409,1.2826121936672956,0.9045
599,1.6659406744054681,1.2826121936672956,0.9045
600,1.579685732082944,1.2826121936672956,0.9045
601,1.491701216313629,1.2826121936672956,0.9045
602,1.686624622279634,1.2826121936672956,0.9045
603,1.219365699170474,1.2826121936672956,0.9045
604,1.5541984242113571,1.2826121936672956,0.9045
605,1.5584804341631928,1.2826121936672956,0.9045
606,1.4818433676788108,1.2826121936672956,0.9045
607,1.6518017224672024,1.2826121936672956,0.9045
608,1.4872553948417746,1.2826121936672956,0.9045
609,1.6169220872965737,1.2826121936672956,0.9045
610,1.7195333171098124,1.2826121936672956,0.9045
611,1.2545468607387296,1.2826121936672956,0.9045
612,1.4823264278856971,1.2826121936672956,0.9045
613,2.144534245723601,1.2826121936672956,0.9045
614,1.4888323600284183,1.2826121936672956,0.9045
615,1.2741626749045898,1.2826121936672956,0.9045
616,1.3962475973430857,1.2826121936672956,0.9045
617,1.1263847699213918,1.2826121936672956,0.9045
618,1.7549586142606117,1.2826121936672956,0.9045
619,1.51007257200799,1.2826121936672956,0.9045
620,1.5047156858139068,1.2826121936672956,0.9045
621,1.693015059433499,1.2826121936672956,0.9045
622,1.9096171104191373,1.2826121936672956,0.9045
623,1.7118216974623781,1.2826121936672956,0.9045
624,1.5577557256170727,1.2826121936672956,0.9045
625,1.6321885905234192,1.2826121936672956,0.9045
626,1.5258373708898316,1.2826121936672956,0.9045
627,1.2969818729977065,1.2826121936672956,0.9045
628,1.3885186392131814,1.2826121936672956,0.9045
629,1.710404541358954,1.2826121936672956,0.9045
630,1.2456866698579876,1.2826121936672956,0.9045
631,1.7829987779201109,1.2826121936672956,0.9045
632,1.816761442536434,1.2826121936672956,0.9045
633,1.1841198570877476,1.2826121936672956,0.9045
634,1.6944002053657934,1.2826121936672956,0.9045
635,1.3204043582042577,1.2826121936672956,0.9045
636,1.3599825817184326,1.2826121936672956,0.9045
637,1.4539651469590742,1.2826121936672956,0.9045
638,1.3882067614549312,1.2826121936672956,0.9045
639,1.5796034478901027,1.2826121936672956,0.9045
640,1.6585871281464142,1.2826121936672956,0.9045
641,1.3921335123064214,1.2826121936672956,0.9045
642,1.6447620321753453,1.2826121936672956,0.9045
643,1.5931657715789116,1.2826121936672956,0.9045
644,1.1869812043107988,1.2826121936672956,0.9045
645,1.4137943793349619,1.2826121936672956,0.9045
646,1.5148453261988912,1.2826121936672956,0.9045
647,1.608127507570405,1.2826121936672956,0.9045
648,1.396753080227334,1.2826121936672956,0.9045
649,1.7742613385568313,1.2826121936672956,0.9045
650,1.8006483831796645,1.2826121936672956,0.9045
651,1.4943425576370721,1.2826121936672956,0.9045
652,1.4438117309706813,1.2826121936672956,0.9045
653,1.4192260077942414,1.2826121936672956,0.9045
654,1.6226133094739645,1.2826121936672956,0.9045
655,1.5091512978499046,1.2826121936672956,0.9045
656,1.456902755505319,1.2826121936672956,0.9045
657,1.2204730807040238,1.2826121936672956,0.9045
658,1.3861303550315949,1.2826121936672956,0.9045
659,1.480964493359761,1.2826121936672956,0.9045
660,1.4649748488077061,1.2826121936672956,0.9045
661,1.2204048571323112,1.2826121936672956,0.9045
662,1.6016198104615185,1.2826121936672956,0.9045
663,1.6377427999699605,1.2826121936672956,0.9045
664,1.292171379834074,1.2826121936672956,0.9045
665,1.3094714074819167,1.2826121936672956,0.9045
666,1.6649103888728936,1.2826121936672956,0.9045
667,1.1098601801401646,1.2826121936672956,0.9045
668,1.1563553355577225,1.2826121936672956,0.9045
669,1.4847969029355983,1.2826121936672956,0.9045
670,1.3553488727132854,1.2826121936672956,0.9045
671,1.6171459037359184,1.2826121936672956,0.9045
672,1.5907635844544301,1.2826121936672956,0.9045
673,1.3563863305250554,1.2826121936672956,0.9045
674,1.8832068349797382,1.2826121936672956,0.9045
675,1.545242347830595,1.2826121936672956,0.9045
676,1.9004439956298695,1.2826121936672956,0.9045
677,1.470517722099671,1.2826121936672956,0.9045
678,1.574904735898818,1.2826121936672956,0.9045
679,1.7775647222292925,1.2826121936672956,0.9045
680,1.2956278839006994,1.2826121936672956,0.9045
681,1.468656468335493,1.2826121936672956,0.9045
682,1.4208165372947466,1.2826121936672956,0.9045
683,1.1898555046798722,1.2826121936672956,0.9045
684,1.606298133005379,1.2826121936672956,0.9045
685,1.5476518872760139,1.2826121936672956,0.9045
686,1.7488382723236713,1.2826121936672956,0.9045
687,1.7745087101375148,1.2826121936672956,0.9045
688,1.444713260262463,1.2826121936672956,0.9045
689,1.8007756143598277,1.2826121936672956,0.9045
690,1.649561458967799,1.2826121936672956,0.9045
691,1.6436103387810748,1.2826121936672956,0.9045
692,1.6629554119756615,1.2826121936672956,0.9045
693,1.5411218490528538,1.2826121936672956,0.9045
694,1.6836220641302018,1.2826121936672956,0.9045
695,1.5300398355182352,1.2826121936672956,0.9045
696,1.6917452018078052,1.2826121936672956,0.9045
697,1.7386206798387374,1.2826121936672956,0.9045
698,1.2320494179126755,1.2826121936672956,0.9045
699,1.8617484394647645,1.2826121936672956,0.9045
700,1.2127968752586376,1.2826121936672956,0.9045
701,1.3903533029860673,1.2826121936672956,0.9045
702,1.6081288522275254,1.2826121936672956,0.9045
703,1.6136276378609857,1.2826121936672956,0.9045
704,1.5092105836504264,1.2826121936672956,0.9045
705,1.4672645562070332,1.2826121936672956,0.9045
706,1.7153680407679326,1.2826121936672956,0.9045
707,1.4716712087042652,1.2826121936672956,0.9045
708,2.0401446115677273,1.2826121936672956,0.9045
709,1.5632035205208368,1.2826121936672956,0.9045
710,1.3766337640912045,1.2826121936672956,0.9045
711,1.776442583019171,1.2826121936672956,0.9045
712,1.557331994620177,1.2826121936672956,0.9045
713,1.4838314436877567,1.2826121936672956,0.9045
714,1.5053400848259872,1.2826121936672956,0.9045
715,1.3211122681335725,1.2826121936672956,0.9045
716,1.3297264794889674,1.2826121936672956,0.9045
717,1.467655056123526,1.2826121936672956,0.9045
718,1.8447579800479537,1.2826121936672956,0.9045
719,1.5061012203148842,1.2826121936672956,0.9045
720,1.41444554784675,1.2826121936672956,0.9045
721,1.4409139993231095,1.2826121936672956,0.9045
722,1.0893191293713627,1.2826121936672956,0.9045
723,1.8297945759462926,1.2826121936672956,0.9045
724,1.6601361978600007,1.2826121936672956,0.9045
725,2.0804616126037745,1.2826121936672956,0.9045
726,1.8307556966602574,1.2826121936672956,0.9045
727,1.7148267909747015,1.2826121936672956,0.9045
728,1.4567574015309022,1.2826121936672956,0.9045
729,1.5434549811676996,1.2826121936672956,0.9045
730,1.417128106812768,1.2826121936672956,0.9045
731,1.6318415362221534,1.2826121936672956,0.9045
732,1.6396677065876777,1.2826121936672956,0.9045
733,1.4361306333504202,1.2826121936672956,0.9045
734,1.0650263693407023,1.2826121936672956,0.9045
735,1.6268530354586281,1.2826121936672956,0.9045
736,1.584715523116252,1.2826121936672956,0.9045
737,1.4875013018038175,1.2826121936672956,0.9045
738,1.8625276488502338,1.2826121936672956,0.9045
739,1.4796767323627487,1.2826121936672956,0.9045
740,1.4812870787577825,1.2826121936672956,0.9045
741,1.5906522049739502,1.2826121936672956,0.9045
742,1.5224316575527834,1.2826121936672956,0.9045
743,1.782251494078168,1.2826121936672956,0.9045
744,1.6595537715454627,1.2826121936672956,0.9045
745,1.4332973751631604,1.2826121936672956,0.9045
746,2.052207135876818,1.2826121936672956,0.9045
747,1.5976753391952745,1.2826121936672956,0.9045
748,1.6895757358642292,1.2826121936672956,0.9045
749,1.537123829644186,1.2826121936672956,0.9045
750,1.6643839363008925,1.2826121936672956,0.9045
751,1.7928498661858576,1.2826121936672956,0.9045
752,1.693866894938542,1.2826121936672956,0.9045
753,1.583443873075827,1.2826121936672956,0.9045
754,1.4817759934170793,1.2826121936672956,0.9045
755,1.497300036686849,1.2826121936672956,0.9045
756,1.150002510535899,1.2826121936672956,0.9045
757,1.650074230605145,1.2826121936672956,0.9045
758,1.7709883567877662,1.2826121936672956,0.9045
759,1.218402243764831,1.2826121936672956,0.9045
760,1.8189167776779394,1.2826121936672956,0.9045
761,1.71440509402838,1.2826121936672956,0.9045
762,1.6005917079941636,1.2826121936672956,0.9045
763,1.676856631564005,1.2826121936672956,0.9045
764,1.4391386589580983,1.2826121936672956,0.9045
765,1.7098569854992909,1.2826121936672956,0.9045
766,1.5177523791613223,1.2826121936672956,0.9045
767,1.6209404266431653,1.2826121936672956,0.9045
768,1.7912118584521843,1.2826121936672956,0.9045
769,1.7476887599065518,1.2826121936672956,0.9045
770,1.957803634816594,1.2826121936672956,0.9045
771,1.564502386382137,1.2826121936672956,0.9045
772,1.618464293784063,1.2826121936672956,0.9045
773,1.4547450393371961,1.2826121936672956,0.9045
774,1.695974028705972,1.2826121936672956,0.9045
775,1.5976148353532391,1.2826121936672956,0.9045
776,1.5058141295317735,1.2826121936672956,0.9045
777,1.589318213733259,1.2826121936672956,0.9045
778,1.0837918836916198,1.2826121936672956,0.9045
779,1.630646717585459,1.2826121936672956,0.9045
780,1.7315476369463543,1.2826121936672956,0.9045
781,1.8990882391473909,1.2826121936672956,0.9045
782,1.4386641324409961,1.2826121936672956,0.9045
783,1.4288776054236767,1.2826121936672956,0.9045
784,1.745605698195379,1.2826121936672956,0.9045
785,1.418504347990026,1.2826121936672956,0.9045
786,1.6659985637511785,1.2826121936672956,0.9045
787,1.6178241549945558,1.2826121936672956,0.9045
788,1.571892984405041,1.2826121936672956,0.9045
789,1.8246356199690652,1.2826121936672956,0.9045
790,1.3186359822788716,1.2826121936672956,0.9045
791,1.7448199585818371,1.2826121936672956,0.9045
792,1.3372473378851224,1.2826121936672956,0.9045
793,1.2579206596650523,1.2826121936672956,0.9045
794,1.47574837875142,1.2826121936672956,0.9045
795,1.5113996063476978,1.2826121936672956,0.9045
796,1.5390305845020409,1.2826121936672956,0.9045
797,1.6160706879424604,1.2826121936672956,0.9045
798,1.6795557975155655,1.2826121936672956,0.9045
799,1.6177361963550736,1.2826121936672956,0.9045
800,1.5080025004093782,1.2826121936672956,0.9045
801,1.4214229092686368,1.2826121936672956,0.9045
802,1.3916177436734902,1.2826121936672956,0.9045
803,1.6319917125601935,1.2826121936672956,0.9045
804,1.6429292833004776,1.2826121936672956,0.9045
805,1.7974000658671971,1.2826121936672956,0.9045
806,1.601499772033798,1.2826121936672956,0.9045
807,1.4674391596338994,1.2826121936672956,0.9045
808,1.4523509736725024,1.2826121936672956,0.9045
809,1.577222180015952,1.2826121936672956,0.9045
810,1.3991621973098347,1.2826121936672956,0.9045
811,1.600455071694619,1.2826121936672956,0.9045
812,1.5730687579382576,1.2826121936672956,0.9045
813,1.4656739114259905,1.2826121936672956,0.9045
814,1.8398591288845207,1.2826121936672956,0.9045
815,1.6198336416826151,1.2826121936672956,0.9045
816,1.6263064602274406,1.2826121936672956,0.9045
817,1.6369513705799978,1.2826121936672956,0.9045
818,1.4869739156957191,1.2826121936672956,0.9045
819,1.5573969162724837,1.2826121936672956,0.9045
820,1.5608974765203034,1.2826121936672956,0.9045
821,1.5199253671910384,1.2826121936672956,0.9045
822,1.2630699433111088,1.2826121936672956,0.9045
823,1.551825557288149,1.2826121936672956,0.9045
824,1.7187302929921058,1.2826121936672956,0.9045
825,1.5902894795458415,1.2826121936672956,0.9045
826,1.2774975748701485,1.2826121936672956,0.9045
827,1.4466741084630794,1.2826121936672956,0.9045
828,1.5312130507601471,1.2826121936672956,0.9045
829,1.4282650840955862,1.2826121936672956,0.9045
830,1.8277155595010774,1.2826121936672956,0.9045
831,1.5202075808371078,1.2826121936672956,0.9045
832,1.4936580722876265,1.2826121936672956,0.9045
833,1.393289698170339,1.2826121936672956,0.9045
834,1.313503714333546,1.2826121936672956,0.9045
835,1.7155919204208772,1.2826121936672956,0.9045
836,1.5392224027748638,1.2826121936672956,0.9045
837,1.6573723753181075,1.2826121936672956,0.9045
838,1.660861785606622,1.2826121936672956,0.9045
839,1.6713110479684496,1.2826121936672956,0.9045
840,1.39940147132501,1.2826121936672956,0.9045
841,1.7108909439826878,1.2826121936672956,0.9045
842,1.9252146397264072,1.2826121936672956,0.9045
843,1.554453182435895,1.2826121936672956,0.9045
844,1.2814783562603322,1.2826121936672956,0.9045
845,1.7599654940076792,1.2826121936672956,0.9045
846,1.570827337594061,1.2826121936672956,0.9045
847,1.3583501819489083,1.2826121936672956,0.9045
848,1.494549607578272,1.2826121936672956,0.9045
849,1.4528046143794917,1.2826121936672956,0.9045
850,1.5006412847132786,1.2826121936672956,0.9045
851,1.5750589403377315,1.2826121936672956,0.9045
852,1.2183706972840895,1.2826121936672956,0.9045
853,1.4411747440165847,1.2826121936672956,0.9045
854,1.8247444454172994,1.2826121936672956,0.9045
855,1.834084343705762,1.2826121936672956,0.9045
856,1.517309341667515,1.2826121936672956,0.9045
857,1.7089188162563638,1.2826121936672956,0.9045
858,1.5315490973736883,1.2826121936672956,0.9045
859,1.3196599607265878,1.2826121936672956,0.9045
860,1.839250531541947,1.2826121936672956,0.9045
861,1.6702531291186014,1.2826121936672956,0.9045
862,1.5359632472443279,1.2826121936672956,0.9045
863,1.2703447876672402,1.2826121936672956,0.9045
864,1.4404975879140682,1.2826121936672956,0.9045
865,1.5864936381963586,1.2826121936672956,0.9045
866,1.993444510830411,1.2826121936672956,0.9045
867,1.572716759519267,1.2826121936672956,0.9045
868,1.5910466394620384,1.2826121936672956,0.9045
869,1.682283376567699,1.2826121936672956,0.9045
870,1.7835590607856564,1.2826121936672956,0.9045
871,1.8523278212397902,1.2826121936672956,0.9045
872,1.5361483839958185,1.2826121936672956,0.9045
873,1.696128802684759,1.2826121936672956,0.9045
874,1.9583240528529944,1.2826121936672956,0.9045
875,1.7218575038895123,1.2826121936672956,0.9045
876,1.6310621429553027,1.2826121936672956,0.9045
877,1.7455510418008022,1.2826121936672956,0.9045
878,1.487596364447396,1.2826121936672956,0.9045
879,1.371415932324809,1.2826121936672956,0.9045
880,1.5342962761294732,1.2826121936672956,0.9045
881,1.1903725778689214,1.2826121936672956,0.9045
882,1.9395430260260393,1.2826121936672956,0.9045
883,1.5774126310566143,1.2826121936672956,0.9045
884,1.9368832117802863,1.2826121936672956,0.9045
885,1.5059770564642834,1.2826121936672956,0.9045
886,1.662363316164114,1.2826121936672956,0.9045
887,1.7347768961208068,1.2826121936672956,0.9045
888,1.1803323984882668,1.2826121936672956,0.9045
889,1.4251934139053133,1.2826121936672956,0.9045
890,1.291018977940491,1.2826121936672956,0.9045
891,1.463129782547137,1.2826121936672956,0.9045
892,1.4725237616042142,1.2826121936672956,0.9045
893,1.5587054591334286,1.2826121936672956,0.9045
894,1.3390089167939605,1.2826121936672956,0.9045
895,1.574021524115628,1.2826121936672956,0.9045
896,1.67875311833484,1.2826121936672956,0.9045
897,1.3067894081294864,1.2826121936672956,0.9045
898,1.4001559070501473,1.2826121936672956,0.9045
899,1.363151243119212,1.2826121936672956,0.9045
900,1.4320838690878375,1.2826121936672956,0.9045
901,1.6451740846074445,1.2826121936672956,0.9045
902,1.3799754000289048,1.2826121936672956,0.9045
903,1.536040419109562,1.2826121936672956,0.9045
904,1.6050149817884711,1.2826121936672956,0.9045
905,1.9440399062525817,1.2826121936672956,0.9045
906,1.202858661862437,1.2826121936672956,0.9045
907,1.3767461038642508,1.2826121936672956,0.9045
908,1.5108755810635845,1.2826121936672956,0.9045
909,1.4511269616384708,1.2826121936672956,0.9045
910,1.6494626926575935,1.2826121936672956,0.9045
911,1.4627095805755799,1.2826121936672956,0.9045
912,1.4347216095309954,1.2826121936672956,0.9045
913,1.4582382116952575,1.2826121936672956,0.9045
914,1.634561700902977,1.2826121936672956,0.9045
915,1.3866002656001628,1.2826121936672956,0.9045
916,1.6757596843449296,1.2826121936672956,0.9045
917,1.4779397823196345,1.2826121936672956,0.9045
918,1.4378027270023253,1.2826121936672956,0.9045
919,1.6050100530668165,1.2826121936672956,0.9045
920,1.2356219130807504,1.2826121936672956,0.9045
921,1.6833289892618888,1.2826121936672956,0.9045
922,1.7680226754290242,1.2826121936672956,0.9045
923,1.78760461740125,1.2826121936672956,0.9045
924,1.2457585645439353,1.2826121936672956,0.9045
925,1.6409839894256526,1.2826121936672956,0.9045
926,1.4798418012288714,1.2826121936672956,0.9045
927,1.5466089334378068,1.2826121936672956,0.9045
928,1.59184564673991,1.2826121936672956,0.9045
929,1.6652347026039724,1.2826121936672956,0.9045
930,1.4412071697435942,1.2826121936672956,0.9045
931,1.5308602377432554,1.2826121936672956,0.9045
932,1.8180854801271054,1.2826121936672956,0.9045
933,1.6892406582660209,1.2826121936672956,0.9045
934,1.6742197153344986,1.2826121936672956,0.9045
935,1.7198252440955526,1.2826121936672956,0.9045
936,1.5832498495997382,1.2826121936672956,0.9045
937,1.309138857951414,1.2826121936672956,0.9045
938,1.3633199451250753,1.2826121936672956,0.9045
939,1.360922082189236,1.2826121936672956,0.9045
940,1.613188568776889,1.2826121936672956,0.9045
941,2.0185429223357,1.2826121936672956,0.9045
942,1.5406967271351284,1.2826121936672956,0.9045
943,1.5636122039616256,1.2826121936672956,0.9045
944,1.3114304132832741,1.2826121936672956,0.9045
945,1.5636149580840188,1.2826121936672956,0.9045
946,1.5670016911343694,1.2826121936672956,0.9045
947,1.6258698798928464,1.2826121936672956,0.9045
948,1.848577405501264,1.2826121936672956,0.9045
949,1.8381365938250034,1.2826121936672956,0.9045
950,1.7361172106653853,1.2826121936672956,0.9045
951,1.7329931650567394,1.2826121936672956,0.9045
952,1.717899771163167,1.2826121936672956,0.9045
953,1.5184066215065715,1.2826121936672956,0.9045
954,1.1406163984934958,1.2826121936672956,0.9045
955,1.2402301300461827,1.2826121936672956,0.9045
956,1.597745834547032,1.2826121936672956,0.9045
957,1.6070853944428884,1.2826121936672956,0.9045
958,1.3464130449961929,1.2826121936672956,0.9045
959,1.8523150292736952,1.2826121936672956,0.9045
960,1.5250449281215952,1.2826121936672956,0.9045
961,1.5474961613628642,1.2826121936672956,0.9045
962,1.8374659930989587,1.2826121936672956,0.9045
963,1.4011389177827924,1.2826121936672956,0.9045
964,1.9385728935260076,1.2826121936672956,0.9045
965,1.466015943466734,1.2826121936672956,0.9045
966,1.521564908171969,1.2826121936672956,0.9045
967,1.6171283164239387,1.2826121936672956,0.9045
968,1.6284529387742108,1.2826121936672956,0.9045
969,1.5211968942266259,1.2826121936672956,0.9045
970,1.6938710794666754,1.2826121936672956,0.9045
971,1.5410693666275965,1.2826121936672956,0.9045
972,1.5240856307133852,1.2826121936672956,0.9045
973,1.579343355759841,1.2826121936672956,0.9045
974,1.6968330121757342,1.2826121936672956,0.9045
975,1.2115297793426767,1.2826121936672956,0.9045
976,1.5126840118087552,1.2826121936672956,0.9045
977,1.4162349273737511,1.2826121936672956,0.9045
978,1.7947974721242745,1.2826121936672956,0.9045
979,1.4968400833267392,1.2826121936672956,0.9045
980,1.4848018307224677,1.2826121936672956,0.9045
981,1.5004429495586034,1.2826121936672956,0.9045
982,1.3150310660099287,1.2826121936672956,0.9045
983,1.4906725687904943,1.2826121936672956,0.9045
984,1.217005215176634,1.2826121936672956,0.9045
985,1.8267906658213382,1.2826121936672956,0.9045
986,1.3224159950803034,1.2826121936672956,0.9045
987,1.1493479436915863,1.2826121936672956,0.9045
988,1.6719308830307045,1.2826121936672956,0.9045
989,1.750504221535087,1.2826121936672956,0.9045
990,1.4330258102290905,1.2826121936672956,0.9045
991,1.4226331549705842,1.2826121936672956,0.9045
992,1.654350817312888,1.2826121936672956,0.9045
993,1.3657256541179958,1.2826121936672956,0.9045
994,1.538427660029343,1.2826121936672956,0.9045
995,2.1652661512005813,1.2826121936672956,0.9045
996,1.6199062383736642,1.2826121936672956,0.9045
997,1.3512161148968804,1.2826121936672956,0.9045
998,1.6941847942462505,1.2826121936672956,0.9045
999,1.7267504228312598,1.2826121936672956,0.9045
1000,1.5414839732799497,1.2826121936672956,0.9045
1001,1.0411463102975862,1.2826121936672956,0.9045
1002,1.649982785397351,1.2826121936672956,0.9045
1003,1.641059532382886,1.2826121936672956,0.9045
1004,1.421910249522583,1.2826121936672956,0.9045
1005,1.689470029273776,1.2826121936672956,0.9045
1006,1.175099661489839,1.2826121936672956,0.9045
1007,1.556524162669394,1.2826121936672956,0.9045
1008,1.3989857715438654,1.2826121936672956,0.9045
1009,1.2972278114405043,1.2826121936672956,0.9045
1010,1.3625823392946954,1.2826121936672956,0.9045
1011,1.337245680479852,1.2826121936672956,0.9045
1012,1.6879065342502593,1.2826121936672956,0.9045
1013,1.2604267129080469,1.2826121936672956,0.9045
1014,1.5409169737553423,1.2826121936672956,0.9045
1015,1.5343706409107642,1.2826121936672956,0.9045
1016,1.5862401309909804,1.2826121936672956,0.9045
1017,1.6918816130188339,1.2826121936672956,0.9045
1018,1.6978386105384702,1.2826121936672956,0.9045
1019,1.884071562031822,1.2826121936672956,0.9045
1020,1.1428575997692645,1.2826121936672956,0.9045
1021,1.5550057846492327,1.2826121936672956,0.9045
1022,1.605081822694634,1.2826121936672956,0.9045
1023,1.29941548758764,1.2826121936672956,0.9045
1024,1.3734530958092972,1.2826121936672956,0.9045
1025,1.5327580606108329,1.2826121936672956,0.9045
1026,1.6570015255194663,1.2826121936672956,0.9045
1027,1.2985937413404252,1.2826121936672956,0.9045
1028,1.7226555028633943,1.2826121936672956,0.9045
1029,1.4474833986255724,1.2826121936672956,0.9045
1030,2.04292621573546,1.2826121936672956,0.9045
1031,1.8686475266794447,1.2826121936672956,0.9045
1032,1.7750533899383758,1.2826121936672956,0.9045
1033,1.691153876419025,1.2826121936672956,0.9045
1034,1.6646917964865406,1.2826121936672956,0.9045
1035,1.7585222340755584,1.2826121936672956,0.9045
1036,1.4090381180056921,1.2826121936672956,0.9045
1037,1.6349016145336146,1.2826121936672956,0.9045
1038,1.8005510023433626,1.2826121936672956,0.9045
1039,1.70306356812405,1.2826121936672956,0.9045
1040,1.6561758384483563,1.2826121936672956,0.9045
1041,1.7432856988074474,1.2826121936672956,0.9045
1042,1.816897058753597,1.2826121936672956,0.9045
1043,1.5797038813409008,1.2826121936672956,0.9045
1044,1.4821449338233947,1.2826121936672956,0.9045
1045,1.5405841843459527,1.2826121936672956,0.9045
1046,1.7288244517671856,1.2826121936672956,0.9045
1047,1.659583093387669,1.2826121936672956,0.9045
1048,1.6500511788394931,1.2826121936672956,0.9045
1049,1.352510386584963,1.2826121936672956,0.9045
1050,1.6024232534319411,1.2826121936672956,0.9045
1051,1.511045303889206,1.2826121936672956,0.9045
1052,1.4779962848138113,1.2826121936672956,0.9045
1053,1.6414067549768165,1.2826121936672956,0.9045
1054,1.2560292689312453,1.2826121936672956,0.9045
1055,1.9609868262274357,1.2826121936672956,0.9045
1056,1.7512523435878424,1.2826121936672956,0.9045
1057,1.368093892340975,1.2826121936672956,0.9045
1058,1.6350001536970356,1.2826121936672956,0.9045
1059,1.1791750014678262,1.2826121936672956,0.9045
1060,1.3024221739928883,1.2826121936672956,0.9045
1061,1.5563862742631918,1.2826121936672956,0.9045
1062,1.4536245116148556,1.2826121936672956,0.9045
1063,1.6205266704870172,1.2826121936672956,0.9045
1064,1.628209340439678,1.2826121936672956,0.9045
1065,1.4972774787275858,1.2826121936672956,0.9045
1066,1.7909117230168816,1.2826121936672956,0.9045
1067,1.4130051894810198,1.2826121936672956,0.9045
1068,1.5659239552766029,1.2826121936672956,0.9045
1069,1.6090403196920755,1.2826121936672956,0.9045
1070,1.4617275465806343,1.2826121936672956,0.9045
1071,1.3132822395197348,1.2826121936672956,0.9045
1072,1.327777158442835,1.2826121936672956,0.9045
1073,1.409994909274832,1.2826121936672956,0.9045
1074,1.7980892444988164,1.2826121936672956,0.9045
1075,1.455013819960389,1.2826121936672956,0.9045
1076,1.670896025460578,1.2826121936672956,0.9045
1077,1.2242806185643171,1.2826121936672956,0.9045
1078,1.4469261827061266,1.2826121936672956,0.9045
1079,1.5123018744143906,1.2826121936672956,0.9045
1080,1.5311476422813335,1.2826121936672956,0.9045
1081,1.4117016106252407,1.2826121936672956,0.9045
1082,1.337334449078882,1.2826121936672956,0.9045
1083,1.4448556322895862,1.2826121936672956,0.9045
1084,1.0278213493767971,1.2826121936672956,0.9045
1085,1.875458699693299,1.2826121936672956,0.9045
1086,2.0861077603988463,1.2826121936672956,0.9045
1087,1.8153171926708263,1.2826121936672956,0.9045
1088,1.6777950841680642,1.2826121936672956,0.9045
1089,1.4864876880717464,1.2826121936672956,0.9045
1090,1.5925929826943164,1.2826121936672956,0.9045
1091,1.6903553056211076,1.2826121936672956,0.9045
1092,1.384527158326406,1.2826121936672956,0.9045
1093,1.398788015963664,1.2826121936672956,0.9045
1094,1.4553051765196334,1.2826121936672956,0.9045
1095,1.3507817676007579,1.2826121936672956,0.9045
1096,1.7258688093012957,1.2826121936672956,0.9045
1097,1.503658781635618,1.2826121936672956,0.9045
1098,1.3045636960276477,1.2826121936672956,0.9045
1099,1.7197921800423772,1.2826121936672956,0.9045
1100,1.7506259019485293,1.2826121936672956,0.9045
1101,1.6473978293309304,1.2826121936672956,0.9045
1102,2.1337368047913396,1.2826121936672956,0.9045
1103,1.4803043822309594,1.2826121936672956,0.9045
1104,1.4542191180925823,1.2826121936672956,0.9045
1105,1.7824011721002673,1.2826121936672956,0.9045
1106,1.2800528814517567,1.2826121936672956,0.9045
1107,1.3770425867444174,1.2826121936672956,0.9045
1108,0.9128739255298196,1.2826121936672956,0.9045
1109,1.6301080552392313,1.2826121936672956,0.9045
1110,1.254330623981925,1.2826121936672956,0.9045
1111,1.7890132660213753,1.2826121936672956,0.9045
1112,1.6188294952210158,1.2826121936672956,0.9045
1113,1.362042015727301,1.2826121936672956,0.9045
1114,1.4152699330074086,1.2826121936672956,0.9045
1115,1.6580232179367536,1.2826121936672956,0.9045
1116,1.3781247118481217,1.2826121936672956,0.9045
1117,1.4591065341286114,1.2826121936672956,0.9045
1118,1.2237148198815693,1.2826121936672956,0.9045
1119,1.5815303632222406,1.2826121936672956,0.9045
1120,1.8284945223469593,1.2826121936672956,0.9045
1121,1.8019652132598731,1.2826121936672956,0.9045
1122,1.7834348539347746,1.2826121936672956,0.9045
1123,1.375042201432235,1.2826121936672956,0.9045
1124,1.92884809767683,1.2826121936672956,0.9045
1125,1.52021819301525,1.2826121936672956,0.9045
1126,1.565572605878048,1.2826121936672956,0.9045
1127,1.5163998190582524,1.2826121936672956,0.9045
1128,1.5638871001238936,1.2826121936672956,0.9045
1129,1.7001555291208577,1.2826121936672956,0.9045
1130,1.6160325835196687,1.2826121936672956,0.9045
1131,1.7868687469876414,1.2826121936672956,0.9045
1132,1.7304927431558181,1.2826121936672956,0.9045
1133,1.6081923197036998,1.2826121936672956,0.9045
1134,1.71124847758648,1.2826121936672956,0.9045
1135,1.88332293664757,1.2826121936672956,0.9045
1136,1.515865111835873,1.2826121936672956,0.9045
1137,1.588401949880099,1.2826121936672956,0.9045
1138,1.6681868644125246,1.2826121936672956,0.9045
1139,1.4727089797878308,1.2826121936672956,0.9045
1140,1.6898470683350328,1.2826121936672956,0.9045
1141,1.6117188402614469,1.2826121936672956,0.9045
1142,1.770677460140198,1.2826121936672956,0.9045
1143,1.6412702394839964,1.2826121936672956,0.9045
1144,1.8267098167739757,1.2826121936672956,0.9045
1145,1.507652199230227,1.2826121936672956,0.9045
1146,1.4338208366020309,1.2826121936672956,0.9045
1147,1.3024670262751175,1.2826121936672956,0.9045
1148,1.51980456899714,1.2826121936672956,0.9045
1149,1.4734386632513734,1.2826121936672956,0.9045
1150,1.4048414388037769,1.2826121936672956,0.9045
1151,1.340481403872187,1.2826121936672956,0.9045
1152,1.815701874638073,1.2826121936672956,0.9045
1153,1.4621476352582876,1.2826121936672956,0.9045
1154,1.6602825294877956,1.2826121936672956,0.9045
1155,1.8748698148773884,1.2826121936672956,0.9045
1156,1.6389406651041478,1.2826121936672956,0.9045
1157,1.5864450896761597,1.2826121936672956,0.9045
1158,1.647882899697922,1.2826121936672956,0.9045
1159,1.4965250330313258,1.2826121936672956,0.9045
1160,1.9549654834802717,1.2826121936672956,0.9045
1161,1.7462161767002005,1.2826121936672956,0.9045
1162,1.652894179673559,1.2826121936672956,0.9045
1163,1.697294358991066,1.2826121936672956,0.9045
1164,1.393711167501542,1.2826121936672956,0.9045
1165,1.7122598957002635,1.2826121936672956,0.9045
1166,1.7243199343498155,1.2826121936672956,0.9045
1167,1.8431062135443919,1.2826121936672956,0.9045
1168,1.7403991180105551,1.2826121936672956,0.9045
1169,1.3979364936968872,1.2826121936672956,0.9045
1170,1.191870584614212,1.2826121936672956,0.9045
1171,1.4742472543635,1.2826121936672956,0.9045
1172,1.6407667097508967,1.2826121936672956,0.9045
1173,1.6086997824414828,1.2826121936672956,0.9045
1174,1.5305225426750495,1.2826121936672956,0.9045
1175,1.2471497582552027,1.2826121936672956,0.9045
1176,1.6323135810674445,1.2826121936672956,0.9045
1177,1.5229451917786176,1.2826121936672956,0.9045
1178,1.1862328503543216,1.2826121936672956,0.9045
1179,1.6423753963952679,1.2826121936672956,0.9045
1180,1.7761126670911724,1.2826121936672956,0.9045
1181,1.4091468435279781,1.2826121936672956,0.9045
1182,1.5076147170474636,1.2826121936672956,0.9045
1183,1.624837834747207,1.2826121936672956,0.9045
1184,1.7120896552514309,1.2826121936672956,0.9045
1185,1.2952861340400263,1.2826121936672956,0.9045
1186,1.3658800478399011,1.2826121936672956,0.9045
1187,1.3855630347133938,1.2826121936672956,0.9045
1188,1.3261485261158874,1.2826121936672956,0.9045
1189,1.4944252955587622,1.2826121936672956,0.9045
1190,1.5207765648541876,1.2826121936672956,0.9045
1191,1.1519427595615124,1.2826121936672956,0.9045
1192,1.5019237368364022,1.2826121936672956,0.9045
1193,1.8688462104079095,1.2826121936672956,0.9045
1194,1.4848753514622972,1.2826121936672956,0.9045
1195,1.4047354980652365,1.2826121936672956,0.9045
1196,1.8606410676979763,1.2826121936672956,0.9045
1197,1.3813441976923557,1.2826121936672956,0.9045
1198,1.5854781137479455,1.2826121936672956,0.9045
1199,1.2261153381663668,1.2826121936672956,0.9045
1200,1.5994848589398734,1.2826121936672956,0.9045
1201,1.390258522320805,1.2826121936672956,0.9045
1202,1.59062333812018,1.2826121936672956,0.9045
1203,1.6830253537688813,1.2826121936672956,0.9045
1204,0.8567554998151194,1.2826121936672956,0.9045
1205,1.3653484641320717,1.2826121936672956,0.9045
1206,1.356225902180422,1.2826121936672956,0.9045
1207,2.007342755872535,1.2826121936672956,0.9045
1208,1.5491690260656548,1.2826121936672956,0.9045
1209,1.7137534942721608,1.2826121936672956,0.9045
1210,1.9678148910377418,1.2826121936672956,0.9045
1211,1.3279267436616495,1.2826121936672956,0.9045
1212,1.9294380385789347,1.2826121936672956,0.9045
1213,1.4300968243764176,1.2826121936672956,0.9045
1214,0.846944206858691,1.2826121936672956,0.9045
1215,1.6394864960134072,1.2826121936672956,0.9045
1216,1.5332702302055572,1.2826121936672956,0.9045
1217,1.8009994876427704,1.2826121936672956,0.9045
1218,1.1330293916727503,1.2826121936672956,0.9045
1219,1.9787060740704896,1.2826121936672956,0.9045
1220,1.6771642223066967,1.2826121936672956,0.9045
1221,1.658309674614186,1.2826121936672956,0.9045
1222,1.5085961130887038,1.2826121936672956,0.9045
1223,1.317689873603631,1.2826121936672956,0.9045
1224,1.6124736547707395,1.2826121936672956,0.9045
1225,1.4813282832075376,1.2826121936672956,0.9045
1226,1.4860222478788085,1.2826121936672956,0.9045
1227,1.620001446653561,1.2826121936672956,0.9045
1228,1.9560850585983445,1.2826121936672956,0.9045
1229,1.2168478581651403,1.2826121936672956,0.9045
1230,1.3468262243836582,1.2826121936672956,0.9045
1231,1.5418939514392411,1.2826121936672956,0.9045
1232,1.723611649141888,1.2826121936672956,0.9045
1233,1.4975978065994486,1.2826121936672956,0.9045
1234,1.3411441461383729,1.2826121936672956,0.9045
1235,1.4827102424062668,1.2826121936672956,0.9045
1236,1.5149758268449225,1.2826121936672956,0.9045
1237,1.5037837950817308,1.2826121936672956,0.9045
1238,1.5684105912478787,1.2826121936672956,0.9045
1239,1.806661577798904,1.2826121936672956,0.9045
1240,1.1687855579424598,1.2826121936672956,0.9045
1241,1.7268559288296619,1.2826121936672956,0.9045
1242,1.5416737802609444,1.2826121936672956,0.9045
1243,1.8107962657148466,1.2826121936672956,0.9045
1244,1.7404009399642264,1.2826121936672956,0.9045
1245,1.452331543650003,1.2826121936672956,0.9045
1246,1.460084901358445,1.2826121936672956,0.9045
1247,1.5921169123674581,1.2826121936672956,0.9045
1248,1.665731684807199,1.2826121936672956,0.9045
1249,1.6843215588425038,1.2826121936672956,0.9045
1250,1.3009261844633175,1.2826121936672956,0.9045
1251,1.4716480585705891,1.2826121936672956,0.9045
1252,1.4179043291839812,1.2826121936672956,0.9045
1253,1.6967442194210485,1.2826121936672956,0.9045
1254,1.1267695709074792,1.2826121936672956,0.9045
1255,1.4665110560523955,1.2826121936672956,0.9045
1256,1.7166033899934063,1.2826121936672956,0.9045
1257,1.1746295075647826,1.2826121936672956,0.9045
1258,1.4995988594132996,1.2826121936672956,0.9045
1259,1.7351950807617733,1.2826121936672956,0.9045
1260,1.709287013380268,1.2826121936672956,0.9045
1261,1.464981227907379,1.2826121936672956,0.9045
1262,1.6224258775825238,1.2826121936672956,0.9045
1263,1.2949161128563011,1.2826121936672956,0.9045
1264,1.5240314293033206,1.2826121936672956,0.9045
1265,1.5088242748726832,1.2826121936672956,0.9045
1266,1.5986658075420217,1.2826121936672956,0.9045
1267,1.670916926522791,1.2826121936672956,0.9045
1268,1.189185463230334,1.2826121936672956,0.9045
1269,1.2111928301311496,1.2826121936672956,0.9045
1270,1.539645782600801,1.2826121936672956,0.9045
1271,1.4828168338966363,1.2826121936672956,0.9045
1272,1.8018324304686035,1.2826121936672956,0.9045
1273,1.2795397901675103,1.2826121936672956,0.9045
1274,1.5860625341230248,1.2826121936672956,0.9045
1275,1.4831326917632184,1.2826121936672956,0.9045
1276,1.507364819542525,1.2826121936672956,0.9045
1277,1.2714530709910312,1.2826121936672956,0.9045
1278,1.7867894736128638,1.2826121936672956,0.9045
1279,1.5925262741574486,1.2826121936672956,0.9045
1280,1.6104491549491167,1.2826121936672956,0.9045
1281,1.2231669689708724,1.2826121936672956,0.9045
1282,1.6122960978572334,1.2826121936672956,0.9045
1283,1.539188608416017,1.2826121936672956,0.9045
1284,1.6468648725909865,1.2826121936672956,0.9045
1285,1.9147889522372674,1.2826121936672956,0.9045
1286,1.74770078517318,1.2826121936672956,0.9045
1287,1.2703702831083763,1.2826121936672956,0.9045
1288,1.4404968953526365,1.2826121936672956,0.9045
1289,2.199312888544786,1.2826121936672956,0.9045
1290,1.649314196918982,1.2826121936672956,0.9045
1291,1.2691425306679862,1.2826121936672956,0.9045
1292,1.7254562838815988,1.2826121936672956,0.9045
1293,1.6373221468277421,1.2826121936672956,0.9045
1294,1.5754646084267785,1.2826121936672956,0.9045
1295,1.4949778677644936,1.2826121936672956,0.9045
1296,1.682397863741256,1.2826121936672956,0.9045
1297,1.6115577149808182,1.2826121936672956,0.9045
1298,1.532477982923105,1.2826121936672956,0.9045
1299,1.5591139060840822,1.2826121936672956,0.9045
1300,1.530006785171898,1.2826121936672956,0.9045
1301,1.2738928682308075,1.2826121936672956,0.9045
1302,0.8306553361684574,1.2826121936672956,0.9045
1303,1.4134243705038065,1.2826121936672956,0.9045
1304,1.3224213490419559,1.2826121936672956,0.9045
1305,1.398915312062181,1.2826121936672956,0.9045
1306,1.501529218422049,1.2826121936672956,0.9045
1307,1.5368366807570493,1.2826121936672956,0.9045
1308,1.7276086593981357,1.2826121936672956,0.9045
1309,1.6080327565807349,1.2826121936672956,0.9045
1310,1.8860711834836663,1.2826121936672956,0.9045
1311,1.6538630835787944,1.2826121936672956,0.9045
1312,1.5275386922813177,1.2826121936672956,0.9045
1313,1.5171949347974902,1.2826121936672956,0.9045
1314,1.4658613972905818,1.2826121936672956,0.9045
1315,1.549514976358965,1.2826121936672956,0.9045
1316,1.4181882614565458,1.2826121936672956,0.9045
1317,1.73658022524519,1.2826121936672956,0.9045
1318,1.2450005721896495,1.2826121936672956,0.9045
1319,1.5348623356453737,1.2826121936672956,0.9045
1320,1.8085486514826614,1.2826121936672956,0.9045
1321,1.9570221698934767,1.2826121936672956,0.9045
1322,2.001244711639344,1.2826121936672956,0.9045
1323,1.8135275538370759,1.2826121936672956,0.9045
1324,1.6043611255673544,1.2826121936672956,0.9045
1325,1.3718158110101988,1.2826121936672956,0.9045
1326,1.61850553688293,1.2826121936672956,0.9045
1327,1.3371340350556777,1.2826121936672956,0.9045
1328,1.2074626921741207,1.2826121936672956,0.9045
1329,1.4966432841489916,1.2826121936672956,0.9045
1330,1.578561929476267,1.2826121936672956,0.9045
1331,1.7003272736929451,1.2826121936672956,0.9045
1332,1.3415441173099933,1.2826121936672956,0.9045
1333,1.533868127620283,1.2826121936672956,0.9045
1334,1.4995367004321556,1.2826121936672956,0.9045
1335,1.641519465999047,1.2826121936672956,0.9045
1336,1.40319981134141,1.2826121936672956,0.9045
1337,1.5330366994796187,1.2826121936672956,0.9045
1338,1.6550177947801552,1.2826121936672956,0.9045
1339,1.6812317623297648,1.2826121936672956,0.9045
1340,1.649036728410774,1.2826121936672956,0.9045
1341,1.2812462789421177,1.2826121936672956,0.9045
1342,1.7892424676660759,1.2826121936672956,0.9045
1343,1.9451820696209055,1.2826121936672956,0.9045
1344,1.5485636436541226,1.2826121936672956,0.9045
1345,1.6532970586965294,1.2826121936672956,0.9045
1346,1.4599032274642103,1.2826121936672956,0.9045
1347,1.899851839760749,1.2826121936672956,0.9045
1348,1.3408939993847129,1.2826121936672956,0.9045
1349,1.5392376880281256,1.2826121936672956,0.9045
1350,1.6943832647495465,1.2826121936672956,0.9045
1351,1.3480603795977097,1.2826121936672956,0.9045
1352,1.5868202730236236,1.2826121936672956,0.9045
1353,1.5268302362810098,1.2826121936672956,0.9045
1354,1.2536217565520438,1.2826121936672956,0.9045
1355,1.5141007182085766,1.2826121936672956,0.9045
1356,1.3878069567330995,1.2826121936672956,0.9045
1357,1.3012126250928302,1.2826121936672956,0.9045
1358,1.6432840273178615,1.2826121936672956,0.9045
1359,1.7333168239792798,1.2826121936672956,0.9045
1360,1.7277732909148495,1.2826121936672956,0.9045
1361,1.5443601129976785,1.2826121936672956,0.9045
1362,1.397834636079898,1.2826121936672956,0.9045
1363,1.5440642504978823,1.2826121936672956,0.9045
1364,1.2251004872709814,1.2826121936672956,0.9045
1365,1.2971647144098448,1.2826121936672956,0.9045
1366,1.7119291108215817,1.2826121936672956,0.9045
1367,1.1947215363349282,1.2826121936672956,0.9045
1368,1.2786605049933009,1.2826121936672956,0.9045
1369,1.7807245701787207,1.2826121936672956,0.9045
1370,1.6486718434677348,1.2826121936672956,0.9045
1371,1.7482040023627852,1.2826121936672956,0.9045
1372,1.565055471266472,1.2826121936672956,0.9045
1373,1.828368724621755,1.2826121936672956,0.9045
1374,1.7890045443275413,1.2826121936672956,0.9045
1375,1.4024019740787432,1.2826121936672956,0.9045
1376,1.55700627269764,1.2826121936672956,0.9045
1377,1.8542626873314236,1.2826121936672956,0.9045
1378,1.835013404081823,1.2826121936672956,0.9045
1379,1.5516481641695692,1.2826121936672956,0.9045
1380,1.5064112257725533,1.2826121936672956,0.9045
1381,1.5315382955521817,1.2826121936672956,0.9045
1382,1.4707872162396816,1.2826121936672956,0.9045
1383,1.638903401528729,1.2826121936672956,0.9045
1384,2.1025151079710422,1.2826121936672956,0.9045
1385,1.5691386824102345,1.2826121936672956,0.9045
1386,1.8850039439622612,1.2826121936672956,0.9045
1387,1.9063763774579494,1.2826121936672956,0.9045
1388,1.2220513056699365,1.2826121936672956,0.9045
1389,1.737475759211132,1.2826121936672956,0.9045
1390,1.3131096683124173,1.2826121936672956,0.9045
1391,1.6496439179988789,1.2826121936672956,0.9045
1392,1.55569684165686,1.2826121936672956,0.9045
1393,1.430971813368275,1.2826121936672956,0.9045
1394,1.4895738106274732,1.2826121936672956,0.9045
1395,1.5142600149524243,1.2826121936672956,0.9045
1396,1.9132133317421458,1.2826121936672956,0.9045
1397,1.8623543141532386,1.2826121936672956,0.9045
1398,1.5884537786384425,1.2826121936672956,0.9045
1399,1.3896393325082177,1.2826121936672956,0.9045
1400,2.2287461625995313,1.2826121936672956,0.9045
1401,1.4019056839324089,1.2826121936672956,0.9045
1402,1.5158625776277865,1.2826121936672956,0.9045
1403,1.414098907611356,1.2826121936672956,0.9045
1404,1.8108644357186425,1.2826121936672956,0.9045
1405,1.3917648195605754,1.2826121936672956,0.9045
1406,1.6304843209361588,1.2826121936672956,0.9045
1407,1.6067192229800773,1.2826121936672956,0.9045
1408,1.4481259237913793,1.2826121936672956,0.9045
1409,1.462355271255731,1.2826121936672956,0.9045
1410,1.5248548731896485,1.2826121936672956,0.9045
1411,1.6545191268453052,1.2826121936672956,0.9045
1412,1.4543616082500417,1.2826121936672956,0.9045
1413,1.821239023602447,1.2826121936672956,0.9045
1414,1.4512361532133855,1.2826121936672956,0.9045
1415,1.7750115662814558,1.2826121936672956,0.9045
1416,1.611510004705013,1.2826121936672956,0.9045
1417,1.696221906200238,1.2826121936672956,0.9045
1418,1.4736740775639228,1.2826121936672956,0.9045
1419,1.71954225500318,1.2826121936672956,0.9045
1420,1.4872537193902529,1.2826121936672956,0.9045
1421,1.5613693460071016,1.2826121936672956,0.9045
1422,1.1924880930975508,1.2826121936672956,0.9045
1423,1.7309453270910278,1.2826121936672956,0.9045
1424,1.0039844010912438,1.2826121936672956,0.9045
1425,1.368306070090632,1.2826121936672956,0.9045
1426,1.5210374513371625,1.2826121936672956,0.9045
1427,1.2429675726606848,1.2826121936672956,0.9045
1428,1.5851945425698692,1.2826121936672956,0.9045
1429,1.7016819922999087,1.2826121936672956,0.9045
1430,1.242423820961947,1.2826121936672956,0.9045
1431,1.4418970043447217,1.2826121936672956,0.9045
1432,1.509106196792405,1.2826121936672956,0.9045
1433,1.649163916568198,1.2826121936672956,0.9045
1434,1.646101627241326,1.2826121936672956,0.9045
1435,1.7733833562914736,1.2826121936672956,0.9045
1436,1.7540304794617498,1.2826121936672956,0.9045
1437,1.2203373422262955,1.2826121936672956,0.9045
1438,1.2576605852503693,1.2826121936672956,0.9045
1439,1.470995954402563,1.2826121936672956,0.9045
1440,1.4815068848528736,1.2826121936672956,0.9045
1441,1.1942387808451596,1.2826121936672956,0.9045
1442,1.3224138923110549,1.2826121936672956,0.9045
1443,1.6868748248971002,1.2826121936672956,0.9045
1444,1.3487013560983514,1.2826121936672956,0.9045
1445,1.4302318493290973,1.2826121936672956,0.9045
1446,1.647407097392569,1.2826121936672956,0.9045
1447,1.2911470115706327,1.2826121936672956,0.9045
1448,1.0786209881051385,1.2826121936672956,0.9045
1449,1.5591089529448101,1.2826121936672956,0.9045
1450,1.738773224832052,1.2826121936672956,0.9045
1451,1.7181706556561167,1.2826121936672956,0.9045
1452,1.5650440168307056,1.2826121936672956,0.9045
1453,1.454906082933512,1.2826121936672956,0.9045
1454,1.7332221809411683,1.2826121936672956,0.9045
1455,1.4090865581295502,1.2826121936672956,0.9045
1456,1.3216744998616345,1.2826121936672956,0.9045
1457,1.7485409612768563,1.2826121936672956,0.9045
1458,1.5793217562520983,1.2826121936672956,0.9045
1459,1.2492750529303642,1.2826121936672956,0.9045
1460,1.4884370952448733,1.2826121936672956,0.9045
1461,1.2953988552615743,1.2826121936672956,0.9045
1462,1.5606397934007654,1.2826121936672956,0.9045
1463,1.5964362401282268,1.2826121936672956,0.9045
1464,1.3988716323835628,1.2826121936672956,0.9045
1465,1.4923998051316467,1.2826121936672956,0.9045
1466,1.719066533832893,1.2826121936672956,0.9045
1467,1.604821593494411,1.2826121936672956,0.9045
1468,1.59725362115206,1.2826121936672956,0.9045
1469,1.5291882543236686,1.2826121936672956,0.9045
1470,1.2851688426221282,1.2826121936672956,0.9045
1471,1.4429694237956092,1.2826121936672956,0.9045
1472,1.2907629950426562,1.2826121936672956,0.9045
1473,1.3714955473062342,1.2826121936672956,0.9045
1474,1.5856267848141092,1.2826121936672956,0.9045
1475,1.5902261163319225,1.2826121936672956,0.9045
1476,1.5765392566215517,1.2826121936672956,0.9045
1477,1.408537737448966,1.2826121936672956,0.9045
1478,1.6901287316655755,1.2826121936672956,0.9045
1479,1.77031851040857,1.2826121936672956,0.9045
1480,1.2372070624800606,1.2826121936672956,0.9045
1481,1.5817590731782685,1.2826121936672956,0.9045
1482,1.5071821041940217,1.2826121936672956,0.9045
1483,1.7243836273903879,1.2826121936672956,0.9045
1484,1.7533047511584345,1.2826121936672956,0.9045
1485,1.617212811129657,1.2826121936672956,0.9045
1486,1.6016988711017899,1.2826121936672956,0.9045
1487,1.7753603306713306,1.2826121936672956,0.9045
1488,1.4972693117893356,1.2826121936672956,0.9045
1489,1.6691348683195246,1.2826121936672956,0.9045
1490,1.75931220639572,1.2826121936672956,0.9045
1491,1.5627549626974448,1.2826121936672956,0.9045
1492,1.3669142232101248,1.2826121936672956,0.9045
1493,1.5644339283105415,1.2826121936672956,0.9045
1494,1.589421494488969,1.2826121936672956,0.9045
1495,1.7155309119095006,1.2826121936672956,0.9045
1496,1.723769051238913,1.2826121936672956,0.9045
1497,1.804456985260411,1.2826121936672956,0.9045
1498,1.5316632349838046,1.2826121936672956,0.9045
1499,1.536221398233463,1.2826121936672956,0.9045
1500,1.5553648336147583,1.2826121936672956,0.9045
1501,1.485463350390249,1.2826121936672956,0.9045
1502,1.4078151331399018,1.2826121936672956,0.9045
1503,1.7314738879199387,1.2826121936672956,0.9045
1504,1.5469106578101754,1.2826121936672956,0.9045
1505,1.2082606568041478,1.2826121936672956,0.9045
1506,1.2835273609427353,1.2826121936672956,0.9045
1507,1.3548917114686936,1.2826121936672956,0.9045
1508,1.5973514552329424,1.2826121936672956,0.9045
1509,1.5657967106498947,1.2826121936672956,0.9045
1510,1.8091341207427412,1.2826121936672956,0.9045
1511,1.1449026887410458,1.2826121936672956,0.9045
1512,1.0830579828882614,1.2826121936672956,0.9045
1513,1.4732240441465523,1.2826121936672956,0.9045
1514,1.520532518537025,1.2826121936672956,0.9045
1515,1.5186175992776205,1.2826121936672956,0.9045
1516,1.7633828472250939,1.2826121936672956,0.9045
1517,1.860909766097381,1.2826121936672956,0.9045
1518,1.7242397087816792,1.2826121936672956,0.9045
1519,1.817029523725791,1.2826121936672956,0.9045
1520,1.710790144443343,1.2826121936672956,0.9045
1521,1.3346786247567388,1.2826121936672956,0.9045
1522,1.3827229753663313,1.2826121936672956,0.9045
1523,1.8864670646234751,1.2826121936672956,0.9045
1524,1.5731893833396258,1.2826121936672956,0.9045
1525,1.1930179520331174,1.2826121936672956,0.9045
1526,1.9617816567604363,1.2826121936672956,0.9045
1527,1.6511686806600958,1.2826121936672956,0.9045
1528,1.8091800227885566,1.2826121936672956,0.9045
1529,1.4505470373282392,1.2826121936672956,0.9045
1530,1.8529537808185839,1.2826121936672956,0.9045
1531,1.7768313695087181,1.2826121936672956,0.9045
1532,1.3541684321179048,1.2826121936672956,0.9045
1533,1.8745398085533214,1.2826121936672956,0.9045
1534,1.5081336246168189,1.2826121936672956,0.9045
1535,1.7989151574046243,1.2826121936672956,0.9045
1536,1.5485536162076423,1.2826121936672956,0.9045
1537,1.5304050028627372,1.2826121936672956,0.9045
1538,1.8402293295637446,1.2826121936672956,0.9045
1539,1.4337516404539883,1.2826121936672956,0.9045
1540,1.580052389713884,1.2826121936672956,0.9045
1541,1.4919484746732015,1.2826121936672956,0.9045
1542,1.0701597500537245,1.2826121936672956,0.9045
1543,1.2685055915612962,1.2826121936672956,0.9045
1544,1.7048952212316395,1.2826121936672956,0.9045
1545,1.5019489526206702,1.2826121936672956,0.9045
1546,1.3345478808657893,1.2826121936672956,0.9045
1547,1.6383200909245488,1.2826121936672956,0.9045
1548,1.317831249620239,1.2826121936672956,0.9045
1549,1.6474655313704376,1.2826121936672956,0.9045
1550,1.6209260928234992,1.2826121936672956,0.9045
1551,1.6314504672649233,1.2826121936672956,0.9045
1552,1.9331270473150157,1.2826121936672956,0.9045
1553,1.9806815353334652,1.2826121936672956,0.9045
1554,1.4216678010446886,1.2826121936672956,0.9045
1555,1.0586731437118737,1.2826121936672956,0.9045
1556,1.4316262186698043,1.2826121936672956,0.9045
1557,1.2870068273487711,1.2826121936672956,0.9045
1558,1.6047825900427424,1.2826121936672956,0.9045
1559,1.585004244071697,1.2826121936672956,0.9045
1560,1.570151339154361,1.2826121936672956,0.9045
1561,1.6540193737334672,1.2826121936672956,0.9045
1562,1.5864245500867233,1.2826121936672956,0.9045
1563,1.5591156536635349,1.2826121936672956,0.9045
1564,1.69581266681122,1.2826121936672956,0.9045
1565,1.4172692160216203,1.2826121936672956,0.9045
1566,1.6004630019936377,1.2826121936672956,0.9045
1567,1.9051720456430787,1.2826121936672956,0.9045
1568,1.3213429836774786,1.2826121936672956,0.9045
1569,1.4018891916774987,1.2826121936672956,0.9045
1570,1.6198127517149308,1.2826121936672956,0.9045
1571,1.7638811497531264,1.2826121936672956,0.9045
1572,1.0334535579639992,1.2826121936672956,0.9045
1573,1.495685903649609,1.2826121936672956,0.9045
1574,1.7297943396305315,1.2826121936672956,0.9045
1575,1.558234983689281,1.2826121936672956,0.9045
1576,1.736058326510245,1.2826121936672956,0.9045
1577,1.683686823961307,1.2826121936672956,0.9045
1578,1.5235437039816968,1.2826121936672956,0.9045
1579,1.6351689730746815,1.2826121936672956,0.9045
1580,1.723705655737345,1.2826121936672956,0.9045
1581,1.6069756058724987,1.2826121936672956,0.9045
1582,1.3458047735830256,1.2826121936672956,0.9045
1583,1.440237471237185,1.2826121936672956,0.9045
1584,1.4718104514723007,1.2826121936672956,0.9045
1585,1.5241266219020861,1.2826121936672956,0.9045
1586,1.713098813312627,1.2826121936672956,0.9045
1587,1.5926519194414532,1.2826121936672956,0.9045
1588,1.482327696449147,1.2826121936672956,0.9045
1589,1.6136424327769523,1.2826121936672956,0.9045
1590,1.7162367627365052,1.2826121936672956,0.9045
1591,1.493698773576886,1.2826121936672956,0.9045
1592,1.688704745480939,1.2826121936672956,0.9045
1593,1.96963621591665,1.2826121936672956,0.9045
1594,1.2430896814516703,1.2826121936672956,0.9045
1595,1.4111392663915663,1.2826121936672956,0.9045
1596,1.7050600344216262,1.2826121936672956,0.9045
1597,1.476791000866003,1.2826121936672956,0.9045
1598,1.0272014094052817,1.2826121936672956,0.9045
1599,1.7825111002600942,1.2826121936672956,0.9045
1600,1.4739127264209608,1.2826121936672956,0.9045
1601,1.47822074495941,1.2826121936672956,0.9045
1602,1.5820565871702317,1.2826121936672956,0.9045
1603,1.6070827032884467,1.2826121936672956,0.9045
1604,1.7868479659372616,1.2826121936672956,0.9045
1605,1.2782370877871478,1.2826121936672956,0.9045
1606,1.6468817155744875,1.2826121936672956,0.9045
1607,1.2610230419414914,1.2826121936672956,0.9045
1608,1.5996970541552975,1.2826121936672956,0.9045
1609,1.4398850048281624,1.2826121936672956,0.9045
1610,1.588749148703975,1.2826121936672956,0.9045
1611,1.7580107099852675,1.2826121936672956,0.9045
1612,1.7293948425118089,1.2826121936672956,0.9045
1613,1.2322531407564432,1.2826121936672956,0.9045
1614,1.3855818383556773,1.2826121936672956,0.9045
1615,1.6713576724049624,1.2826121936672956,0.9045
1616,1.4258880054806293,1.2826121936672956,0.9045
1617,1.4551612952761568,1.2826121936672956,0.9045
1618,1.6050219413559303,1.2826121936672956,0.9045
1619,1.538886703750267,1.2826121936672956,0.9045
1620,1.3312400879477608,1.2826121936672956,0.9045
1621,1.4007298060671418,1.2826121936672956,0.9045
1622,1.3632482052415782,1.2826121936672956,0.9045
1623,2.0885290661878733,1.2826121936672956,0.9045
1624,1.5060433074258885,1.2826121936672956,0.9045
1625,1.6158498453663777,1.2826121936672956,0.9045
1626,1.5097718650680554,1.2826121936672956,0.9045
1627,1.4624282365924284,1.2826121936672956,0.9045
1628,0.9773079801708543,1.2826121936672956,0.9045
1629,1.6730632476229226,1.2826121936672956,0.9045
1630,1.8611057073034292,1.2826121936672956,0.9045
1631,1.4330455051119493,1.2826121936672956,0.9045
1632,1.68319051568393,1.2826121936672956,0.9045
1633,1.3761183532584678,1.2826121936672956,0.9045
1634,1.1953675565301225,1.2826121936672956,0.9045
1635,1.5074041340800686,1.2826121936672956,0.9045
1636,1.6167876565104091,1.2826121936672956,0.9045
1637,1.2316898959537048,1.2826121936672956,0.9045
1638,1.5683481504771384,1.2826121936672956,0.9045
1639,2.0363361033512515,1.2826121936672956,0.9045
1640,1.4895694075557948,1.2826121936672956,0.9045
1641,1.3781271631794108,1.2826121936672956,0.9045
1642,1.1688822255870897,1.2826121936672956,0.9045
1643,1.3186397831500216,1.2826121936672956,0.9045
1644,1.5804426999298817,1.2826121936672956,0.9045
1645,2.1945551714455487,1.2826121936672956,0.9045
1646,1.9472595342382275,1.2826121936672956,0.9045
1647,1.439705569301844,1.2826121936672956,0.9045
1648,1.8782357031093195,1.2826121936672956,0.9045
1649,1.3579720524623735,1.2826121936672956,0.9045
1650,1.8480778146395054,1.2826121936672956,0.9045
1651,1.5596917450595695,1.2826121936672956,0.9045
1652,1.7786251412923337,1.2826121936672956,0.9045
1653,1.6083248424936627,1.2826121936672956,0.9045
1654,1.7399817941768179,1.2826121936672956,0.9045
1655,1.4675801686437882,1.2826121936672956,0.9045
1656,1.4350830508641612,1.2826121936672956,0.9045
1657,1.7981821323837854,1.2826121936672956,0.9045
1658,1.4502696872844048,1.2826121936672956,0.9045
1659,2.327682842101704,1.2826121936672956,0.9045
1660,1.9601432639644796,1.2826121936672956,0.9045
1661,1.432794598661602,1.2826121936672956,0.9045
1662,1.6844393871103467,1.2826121936672956,0.9045
1663,1.28497368268242,1.2826121936672956,0.9045
1664,1.3411745105327182,1.2826121936672956,0.9045
1665,1.2536230714979402,1.2826121936672956,0.9045
1666,0.9883326761261043,1.2826121936672956,0.9045
1667,1.4796552857714942,1.2826121936672956,0.9045
1668,1.68853862819216,1.2826121936672956,0.9045
1669,1.4713016603295537,1.2826121936672956,0.9045
1670,1.8033276250715347,1.2826121936672956,0.9045
1671,1.547994517672361,1.2826121936672956,0.9045
1672,1.1940561876173237,1.2826121936672956,0.9045
1673,1.4804426783576323,1.2826121936672956,0.9045
1674,1.3772816717141136,1.2826121936672956,0.9045
1675,1.429811629090233,1.2826121936672956,0.9045
1676,1.6755575419064042,1.2826121936672956,0.9045
1677,1.6111476591863518,1.2826121936672956,0.9045
1678,1.4469533493973132,1.2826121936672956,0.9045
1679,1.2238609224933403,1.2826121936672956,0.9045
1680,1.8896745389414173,1.2826121936672956,0.9045
1681,1.7454909164333403,1.2826121936672956,0.9045
1682,1.6924521245383128,1.2826121936672956,0.9045
1683,1.3744138599505749,1.2826121936672956,0.9045
1684,2.056376109935473,1.2826121936672956,0.9045
1685,1.4998770415598601,1.2826121936672956,0.9045
1686,1.2799727730319836,1.2826121936672956,0.9045
1687,1.56454056441244,1.2826121936672956,0.9045
1688,1.010192917265372,1.2826121936672956,0.9045
1689,1.639808603911714,1.2826121936672956,0.9045
1690,1.4836035893101005,1.2826121936672956,0.9045
1691,1.6731937256021328,1.2826121936672956,0.9045
1692,1.4263756388164543,1.2826121936672956,0.9045
1693,1.27968307921069,1.2826121936672956,0.9045
1694,1.491462285995082,1.2826121936672956,0.9045
1695,1.6216863723752832,1.2826121936672956,0.9045
1696,1.5404211919203572,1.2826121936672956,0.9045
1697,1.5789846154384573,1.2826121936672956,0.9045
1698,1.7164441377444026,1.2826121936672956,0.9045
1699,1.427394878906079,1.2826121936672956,0.9045
1700,1.5874968542579868,1.2826121936672956,0.9045
1701,1.4040647069436745,1.2826121936672956,0.9045
1702,1.5986400352899393,1.2826121936672956,0.9045
1703,1.2910745619408996,1.2826121936672956,0.9045
1704,1.5281658191011382,1.2826121936672956,0.9045
1705,1.7083919961821012,1.2826121936672956,0.9045
1706,1.3662542350272426,1.2826121936672956,0.9045
1707,1.4691762724992818,1.2826121936672956,0.9045
1708,1.6297974415018714,1.2826121936672956,0.9045
1709,2.0318382237082537,1.2826121936672956,0.9045
1710,1.226339531293239,1.2826121936672956,0.9045
1711,1.4396590812063081,1.2826121936672956,0.9045
1712,1.635579537992196,1.2826121936672956,0.9045
1713,1.6665636262722807,1.2826121936672956,0.9045
1714,1.771883981252701,1.2826121936672956,0.9045
1715,1.466382016703904,1.2826121936672956,0.9045
1716,1.5969642454921376,1.2826121936672956,0.9045
1717,1.5194783669446816,1.2826121936672956,0.9045
1718,1.8562012202049873,1.2826121936672956,0.9045
1719,1.1641421618261316,1.2826121936672956,0.9045
1720,1.5416253717316073,1.2826121936672956,0.9045
1721,1.8037938032064673,1.2826121936672956,0.9045
1722,1.5879808906629982,1.2826121936672956,0.9045
1723,1.8513668746913388,1.2826121936672956,0.9045
1724,1.606556704285159,1.2826121936672956,0.9045
1725,1.6469563205928057,1.2826121936672956,0.9045
1726,1.7378687073423709,1.2826121936672956,0.9045
1727,1.4330029718089916,1.2826121936672956,0.9045
1728,1.2035249008101911,1.2826121936672956,0.9045
1729,1.3904518038559925,1.2826121936672956,0.9045
1730,1.420895576978153,1.2826121936672956,0.9045
1731,1.5168413161604233,1.2826121936672956,0.9045
1732,1.64245685171807,1.2826121936672956,0.9045
1733,1.222330045042231,1.2826121936672956,0.9045
1734,1.6861813116632287,1.2826121936672956,0.9045
1735,1.5765014359500427,1.2826121936672956,0.9045
1736,1.5356864941641075,1.2826121936672956,0.9045
1737,2.057827027387321,1.2826121936672956,0.9045
1738,1.2881646782769063,1.2826121936672956,0.9045
1739,1.5891760172243263,1.2826121936672956,0.9045
1740,1.343145283401797,1.2826121936672956,0.9045
1741,1.4702906595925136,1.2826121936672956,0.9045
1742,1.5897027339254033,1.2826121936672956,0.9045
1743,1.6700632496845564,1.2826121936672956,0.9045
1744,1.8411435735347816,1.2826121936672956,0.9045
1745,1.7782244104806544,1.2826121936672956,0.9045
1746,1.5595454424387833,1.2826121936672956,0.9045
1747,1.758096537242557,1.2826121936672956,0.9045
1748,1.523920465933367,1.2826121936672956,0.9045
1749,1.6377527181650648,1.2826121936672956,0.9045
1750,1.5428991967214678,1.2826121936672956,0.9045
1751,1.727596123367408,1.2826121936672956,0.9045
1752,1.5337911673466376,1.2826121936672956,0.9045
1753,1.804187364084956,1.2826121936672956,0.9045
1754,1.633164011669497,1.2826121936672956,0.9045
1755,1.5148715443546397,1.2826121936672956,0.9045
1756,1.6274840542920235,1.2826121936672956,0.9045
1757,1.729804542060254,1.2826121936672956,0.9045
1758,1.7651727045150742,1.2826121936672956,0.9045
1759,1.5967953625318871,1.2826121936672956,0.9045
1760,1.4998012245508885,1.2826121936672956,0.9045
1761,1.6972073063060849,1.2826121936672956,0.9045
1762,1.7843371657067257,1.2826121936672956,0.9045
1763,1.5449475740578915,1.2826121936672956,0.9045
1764,1.3788839016751477,1.2826121936672956,0.9045
1765,1.8853614391161044,1.2826121936672956,0.9045
1766,1.6095410666737324,1.2826121936672956,0.9045
1767,1.9049197553390862,1.2826121936672956,0.9045
1768,1.4767003828225078,1.2826121936672956,0.9045
1769,1.761156830814931,1.2826121936672956,0.9045
1770,1.902369691485966,1.2826121936672956,0.9045
1771,1.3628767942208115,1.2826121936672956,0.9045
1772,1.4394911826961445,1.2826121936672956,0.9045
1773,1.5050136757910755,1.2826121936672956,0.9045
1774,1.6879762742973166,1.2826121936672956,0.9045
1775,1.3484707372210605,1.2826121936672956,0.9045
1776,1.4936228522389248,1.2826121936672956,0.9045
1777,1.4296284905960623,1.2826121936672956,0.9045
1778,1.5402829443696306,1.2826121936672956,0.9045
1779,1.6448435693575527,1.2826121936672956,0.9045
1780,1.4785173399646694,1.2826121936672956,0.9045
1781,1.7954318825752953,1.2826121936672956,0.9045
1782,1.8327710608570382,1.2826121936672956,0.9045
1783,1.1903574104053791,1.2826121936672956,0.9045
1784,1.9801339756983845,1.2826121936672956,0.9045
1785,1.2012264591377055,1.2826121936672956,0.9045
1786,1.5607467239522708,1.2826121936672956,0.9045
1787,1.486708875297212,1.2826121936672956,0.9045
1788,1.573376629945449,1.2826121936672956,0.9045
1789,1.194021711309521,1.2826121936672956,0.9045
1790,1.2814953799812334,1.2826121936672956,0.9045
1791,1.2517494829448639,1.2826121936672956,0.9045
1792,1.5241111567615315,1.2826121936672956,0.9045
1793,1.572073411366953,1.2826121936672956,0.9045
1794,1.3884451799911761,1.2826121936672956,0.9045
1795,1.4194403609483612,1.2826121936672956,0.9045
1796,1.7795880866120344,1.2826121936672956,0.9045
1797,1.2876326393007278,1.2826121936672956,0.9045
1798,1.106837449304437,1.2826121936672956,0.9045
1799,1.3706112570116027,1.2826121936672956,0.9045
1800,1.591739027228826,1.2826121936672956,0.9045
1801,1.1780903503246165,1.2826121936672956,0.9045
1802,2.0946987059458277,1.2826121936672956,0.9045
1803,1.7030311540195715,1.2826121936672956,0.9045
1804,1.7163884418980389,1.2826121936672956,0.9045
1805,1.408102298990508,1.2826121936672956,0.9045
1806,1.4936667302474442,1.2826121936672956,0.9045
1807,1.6644581100463864,1.2826121936672956,0.9045
1808,1.8403812212660813,1.2826121936672956,0.9045
1809,1.442523631794913,1.2826121936672956,0.9045
1810,1.676934480225943,1.2826121936672956,0.9045
1811,1.8626005680653874,1.2826121936672956,0.9045
1812,1.53990605660632,1.2826121936672956,0.9045
1813,1.0986757432049594,1.2826121936672956,0.9045
1814,1.757398474114792,1.2826121936672956,0.9045
1815,1.5170140039047255,1.2826121936672956,0.9045
1816,1.7455184085402928,1.2826121936672956,0.9045
1817,1.50269181486111,1.2826121936672956,0.9045
1818,1.5251865519153804,1.2826121936672956,0.9045
1819,1.5104900165330089,1.2826121936672956,0.9045
1820,1.547822924602253,1.2826121936672956,0.9045
1821,1.249771494232288,1.2826121936672956,0.9045
1822,1.468684672660017,1.2826121936672956,0.9045
1823,1.6429121860231946,1.2826121936672956,0.9045
1824,2.0256665418429174,1.2826121936672956,0.9045
1825,1.5682507801790584,1.2826121936672956,0.9045
1826,1.7831688532169714,1.2826121936672956,0.9045
1827,1.4130287455227069,1.2826121936672956,0.9045
1828,1.5141774485700223,1.2826121936672956,0.9045
1829,1.4154459385513998,1.2826121936672956,0.9045
1830,1.6482490738769175,1.2826121936672956,0.9045
1831,1.3054449712430023,1.2826121936672956,0.9045
1832,1.332572168916825,1.2826121936672956,0.9045
1833,1.4015666293196356,1.2826121936672956,0.9045
1834,1.5283811066770965,1.2826121936672956,0.9045
1835,1.3660228305798368,1.2826121936672956,0.9045
1836,1.391248098882497,1.2826121936672956,0.9045
1837,1.713000076092384,1.2826121936672956,0.9045
1838,1.3418185566095353,1.2826121936672956,0.9045
1839,1.8440367089781111,1.2826121936672956,0.9045
1840,1.3043451401947368,1.2826121936672956,0.9045
1841,1.6280951461543844,1.2826121936672956,0.9045
1842,1.6560152470084266,1.2826121936672956,0.9045
1843,1.3730046806663392,1.2826121936672956,0.9045
1844,1.6528067795866372,1.2826121936672956,0.9045
1845,1.4570446718699757,1.2826121936672956,0.9045
1846,1.1452542296194443,1.2826121936672956,0.9045
1847,1.6471423594587837,1.2826121936672956,0.9045
1848,1.8731917249409615,1.2826121936672956,0.9045
1849,1.6767491595644892,1.2826121936672956,0.9045
1850,1.5856083697282675,1.2826121936672956,0.9045
1851,1.745088088608881,1.2826121936672956,0.9045
1852,1.6342408327198348,1.2826121936672956,0.9045
1853,1.5459966315583684,1.2826121936672956,0.9045
1854,1.935744152570109,1.2826121936672956,0.9045
1855,1.6270027098459439,1.2826121936672956,0.9045
1856,1.4627622407977854,1.2826121936672956,0.9045
1857,1.3368730481345905,1.2826121936672956,0.9045
1858,1.1652972481714312,1.2826121936672956,0.9045
1859,1.76991626570196,1.2826121936672956,0.9045
1860,1.68761038848276,1.2826121936672956,0.9045
1861,1.5291665712041802,1.2826121936672956,0.9045
1862,1.3513582284492456,1.2826121936672956,0.9045
1863,1.8105718089200595,1.2826121936672956,0.9045
1864,1.8068463424251573,1.2826121936672956,0.9045
1865,1.7201178140800621,1.2826121936672956,0.9045
1866,1.3852923670790187,1.2826121936672956,0.9045
1867,1.365580092296669,1.2826121936672956,0.9045
1868,1.5838367310170822,1.2826121936672956,0.9045
1869,1.5571008707907306,1.2826121936672956,0.9045
1870,1.2218764206631396,1.2826121936672956,0.9045
1871,1.4166026070934794,1.2826121936672956,0.9045
1872,1.5499056265441615,1.2826121936672956,0.9045
1873,1.4047446411957605,1.2826121936672956,0.9045
1874,1.5515726043375064,1.2826121936672956,0.9045
1875,1.3411511651082106,1.2826121936672956,0.9045
1876,1.5036398796768184,1.2826121936672956,0.9045
1877,1.319779786734677,1.2826121936672956,0.9045
1878,1.4011544977380777,1.2826121936672956,0.9045
1879,1.5198786398222202,1.2826121936672956,0.9045
1880,1.6001714516312333,1.2826121936672956,0.9045
1881,1.1805555683734152,1.2826121936672956,0.9045
1882,1.4054552112317744,1.2826121936672956,0.9045
1883,1.527087454663364,1.2826121936672956,0.9045
1884,1.465151039279107,1.2826121936672956,0.9045
1885,1.5923527461650426,1.2826121936672956,0.9045
1886,1.675117171195723,1.2826121936672956,0.9045
1887,1.4762288745849923,1.2826121936672956,0.9045
1888,1.5511304522576945,1.2826121936672956,0.9045
1889,1.3559286779527564,1.2826121936672956,0.9045
1890,1.9449889115671186,1.2826121936672956,0.9045
1891,2.0090719743948284,1.2826121936672956,0.9045
1892,1.3834337288002474,1.2826121936672956,0.9045
1893,1.7182617866491892,1.2826121936672956,0.9045
1894,1.8799751991458031,1.2826121936672956,0.9045
1895,1.3659818327994613,1.2826121936672956,0.9045
1896,1.4588023353929722,1.2826121936672956,0.9045
1897,1.6209625736858082,1.2826121936672956,0.9045
1898,1.296283131825638,1.2826121936672956,0.9045
1899,1.455919142573732,1.2826121936672956,0.9045
1900,1.3939823500705637,1.2826121936672956,0.9045
1901,1.790342666657933,1.2826121936672956,0.9045
1902,1.4888162324891525,1.2826121936672956,0.9045
1903,1.0709856119227237,1.2826121936672956,0.9045
1904,1.975822799931399,1.2826121936672956,0.9045
1905,1.7552309491964913,1.2826121936672956,0.9045
1906,1.9387148363928501,1.2826121936672956,0.9045
1907,1.3589090786298132,1.2826121936672956,0.9045
1908,1.5892158490238217,1.2826121936672956,0.9045
1909,1.7123172755634473,1.2826121936672956,0.9045
1910,1.7305673012370844,1.2826121936672956,0.9045
1911,1.9448316217436818,1.2826121936672956,0.9045
1912,1.5254958052300691,1.2826121936672956,0.9045
1913,1.7620287001082897,1.2826121936672956,0.9045
1914,1.4367681599647661,1.2826121936672956,0.9045
1915,1.5099479775693965,1.2826121936672956,0.9045
1916,1.5921891016928422,1.2826121936672956,0.9045
1917,1.4424170237040135,1.2826121936672956,0.9045
1918,1.6097369697928074,1.2826121936672956,0.9045
1919,1.4050066615770083,1.2826121936672956,0.9045
1920,1.1675347026602862,1.2826121936672956,0.9045
1921,1.5022706620866186,1.2826121936672956,0.9045
1922,1.3127553667327774,1.2826121936672956,0.9045
1923,1.5596960982312238,1.2826121936672956,0.9045
1924,1.5193298691647799,1.2826121936672956,0.9045
1925,1.4494458639712322,1.2826121936672956,0.9045
1926,1.3148883036724919,1.2826121936672956,0.9045
1927,1.5628442175418422,1.2826121936672956,0.9045
1928,1.4619081790514,1.2826121936672956,0.9045
1929,1.6096972661868605,1.2826121936672956,0.9045
1930,1.6635460082894178,1.2826121936672956,0.9045
1931,1.3796198235441592,1.2826121936672956,0.9045
1932,1.430763236620391,1.2826121936672956,0.9045
1933,1.4570206859814807,1.2826121936672956,0.9045
1934,1.4387776333268458,1.2826121936672956,0.9045
1935,1.6947718745466238,1.2826121936672956,0.9045
1936,1.5694698468235795,1.2826121936672956,0.9045
1937,1.2472968782675367,1.2826121936672956,0.9045
1938,2.0679251189025716,1.2826121936672956,0.9045
1939,1.3089283974945505,1.2826121936672956,0.9045
1940,1.3503885854888555,1.2826121936672956,0.9045
1941,1.81920427556986,1.2826121936672956,0.9045
1942,1.4761847112329873,1.2826121936672956,0.9045
1943,1.4784936658415642,1.2826121936672956,0.9045
1944,1.6123892489468294,1.2826121936672956,0.9045
1945,1.5359862783371094,1.2826121936672956,0.9045
1946,2.0898737965600263,1.2826121936672956,0.9045
1947,1.3328105257933776,1.2826121936672956,0.9045
1948,1.5546815013252004,1.2826121936672956,0.9045
1949,1.7467037992038887,1.2826121936672956,0.9045
1950,1.9938929864498305,1.2826121936672956,0.9045
1951,1.5367201494216631,1.2826121936672956,0.9045
1952,1.9042563433301811,1.2826121936672956,0.9045
1953,1.6506889054993055,1.2826121936672956,0.9045
1954,1.6071648819218993,1.2826121936672956,0.9045
1955,1.4215391939225739,1.2826121936672956,0.9045
1956,1.5312890993213584,1.2826121936672956,0.9045
1957,1.7668970435974516,1.2826121936672956,0.9045
1958,1.5477819930798207,1.2826121936672956,0.9045
1959,1.798636732060683,1.2826121936672956,0.9045
1960,1.4775901389088681,1.2826121936672956,0.9045
1961,1.9607424689265205,1.2826121936672956,0.9045
1962,1.7992294090424474,1.2826121936672956,0.9045
1963,1.763622157445865,1.2826121936672956,0.9045
1964,1.578462684603445,1.2826121936672956,0.9045
1965,1.3765863756319743,1.2826121936672956,0.9045
1966,1.692564663096772,1.2826121936672956,0.9045
1967,1.7158647866113557,1.2826121936672956,0.9045
1968,1.6856751847706781,1.2826121936672956,0.9045
1969,1.6822703755382205,1.2826121936672956,0.9045
1970,1.4091477708358064,1.2826121936672956,0.9045
1971,1.6464606135143518,1.2826121936672956,0.9045
1972,1.6224128166825054,1.2826121936672956,0.9045
1973,1.59214998591626,1.2826121936672956,0.9045
1974,1.4979836129622792,1.2826121936672956,0.9045
1975,1.7553858832926403,1.2826121936672956,0.9045
1976,2.0231439428452402,1.2826121936672956,0.9045
1977,1.7004447269776362,1.2826121936672956,0.9045
1978,1.699814548928934,1.2826121936672956,0.9045
1979,1.4436855472777452,1.2826121936672956,0.9045
1980,1.8309245147891609,1.2826121936672956,0.9045
1981,1.4719081360397586,1.2826121936672956,0.9045
1982,1.4618221014585189,1.2826121936672956,0.9045
1983,1.5141327963336235,1.2826121936672956,0.9045
1984,1.3174242506370668,1.2826121936672956,0.9045
1985,2.1307407160624665,1.2826121936672956,0.9045
1986,1.435518910233591,1.2826121936672956,0.9045
1987,1.5504113339179357,1.2826121936672956,0.9045
1988,1.274281740395149,1.2826121936672956,0.9045
1989,1.7457842163790498,1.2826121936672956,0.9045
1990,1.011474697915652,1.2826121936672956,0.9045
1991,1.4949934978624537,1.2826121936672956,0.9045
1992,1.672313375019471,1.2826121936672956,0.9045
1993,1.8749378105321817,1.2826121936672956,0.9045
1994,1.6304854675108567,1.2826121936672956,0.9045
1995,1.6325052671819376,1.2826121936672956,0.9045
1996,1.4161550982984636,1.2826121936672956,0.9045
1997,1.519929108618261,1.2826121936672956,0.9045
1998,1.763811768255082,1.2826121936672956,0.9045
1999,1.5029533871883411,1.2826121936672956,0.9045
2000,1.4182835317498554,1.2826121936672956,0.9045
