date,equal_all_top5_no_regime,equal_all_top5_regime,equal_all_top10_no_regime,equal_all_top10_regime,equal_all_top15_no_regime,equal_all_top15_regime,price_trend_top5_no_regime,price_trend_top5_regime,price_trend_top10_no_regime,price_trend_top10_regime,price_trend_top15_no_regime,price_trend_top15_regime,trend_heavy_top5_no_regime,trend_heavy_top5_regime,trend_heavy_top10_no_regime,trend_heavy_top10_regime,trend_heavy_top15_no_regime,trend_heavy_top15_regime,quality_value_top5_no_regime,quality_value_top5_regime,quality_value_top10_no_regime,quality_value_top10_regime,quality_value_top15_no_regime,quality_value_top15_regime
2000-02-29,,0.0,,0.0,,0.0,,0.0,,0.0,,0.0,,0.0,,0.0,,0.0,,0.0,,0.0,,0.0
2000-03-31,,0.0,,0.0,,0.0,,0.0,,0.0,,0.0,,0.0,,0.0,,0.0,,0.0,,0.0,,0.0
2000-04-30,,0.0,,0.0,,0.0,,0.0,,0.0,,0.0,,0.0,,0.0,,0.0,,0.0,,0.0,,0.0
2000-05-31,,0.0,,0.0,,0.0,,0.0,,0.0,,0.0,,0.0,,0.0,,0.0,,0.0,,0.0,,0.0
2000-06-30,,0.0,,0.0,,0.0,,0.0,,0.0,,0.0,,0.0,,0.0,,0.0,,0.0,,0.0,,0.0
2000-07-31,,0.0,,0.0,,0.0,,0.0,,0.0,,0.0,,0.0,,0.0,,0.0,,0.0,,0.0,,0.0
2000-08-31,,0.0,,0.0,,0.0,,0.0,,0.0,,0.0,,0.0,,0.0,,0.0,,0.0,,0.0,,0.0
2000-09-30,,0.0,,0.0,,0.0,,0.0,,0.0,,0.0,,0.0,,0.0,,0.0,,0.0,,0.0,,0.0
2000-10-31,,0.0,,0.0,,0.0,,0.0,,0.0,,0.0,,0.0,,0.0,,0.0,,0.0,,0.0,,0.0
2000-11-30,,0.0,,0.0,,0.0,,0.0,,0.0,,0.0,,0.0,,0.0,,0.0,,0.0,,0.0,,0.0
2000-12-31,,0.0,,0.0,,0.0,,0.0,,0.0,,0.0,,0.0,,0.0,,0.0,,0.0,,0.0,,0.0
2001-01-31,,0.0,,0.0,,0.0,,0.0,,0.0,,0.0,,0.0,,0.0,,0.0,,0.0,,0.0,,0.0
2001-02-28,,0.0,,0.0,,0.0,,0.0,,0.0,,0.0,,0.0,,0.0,,0.0,,0.0,,0.0,,0.0
2001-03-31,,0.0,,0.0,,0.0,,0.0,,0.0,,0.0,,0.0,,0.0,,0.0,,0.0,,0.0,,0.0
2001-04-30,,0.0,,0.0,,0.0,,0.0,,0.0,,0.0,,0.0,,0.0,,0.0,,0.0,,0.0,,0.0
2001-08-31,,0.0,,0.0,,0.0,,0.0,,0.0,,0.0,,0.0,,0.0,,0.0,,0.0,,0.0,,0.0
2001-09-30,,0.0,,0.0,,0.0,,0.0,,0.0,,0.0,,0.0,,0.0,,0.0,,0.0,,0.0,,0.0
2001-10-31,,0.0,,0.0,,0.0,,0.0,,0.0,,0.0,,0.0,,0.0,,0.0,,0.0,,0.0,,0.0
2001-11-30,,0.0,,0.0,,0.0,,0.0,,0.0,,0.0,,0.0,,0.0,,0.0,,0.0,,0.0,,0.0
2002-06-30,,0.0,,0.0,,0.0,,0.0,,0.0,,0.0,,0.0,,0.0,,0.0,,0.0,,0.0,,0.0
2002-07-31,,0.0,,0.0,,0.0,,0.0,,0.0,,0.0,,0.0,,0.0,,0.0,,0.0,,0.0,,0.0
2002-08-31,,0.0,,0.0,,0.0,,0.0,,0.0,,0.0,,0.0,,0.0,,0.0,,0.0,,0.0,,0.0
2002-09-30,,0.0,,0.0,,0.0,,0.0,,0.0,,0.0,,0.0,,0.0,,0.0,,0.0,,0.0,,0.0
2002-10-31,,0.0,,0.0,,0.0,,0.0,,0.0,,0.0,,0.0,,0.0,,0.0,,0.0,,0.0,,0.0
2002-11-30,,0.0,,0.0,,0.0,,0.0,,0.0,,0.0,,0.0,,0.0,,0.0,,0.0,,0.0,,0.0
2003-01-31,,0.0,,0.0,,0.0,,0.0,,0.0,,0.0,,0.0,,0.0,,0.0,,0.0,,0.0,,0.0
2003-04-30,,0.0,,0.0,,0.0,,0.0,,0.0,,0.0,,0.0,,0.0,,0.0,,0.0,,0.0,,0.0
2003-08-31,,0.0,,0.0,,0.0,,0.0,,0.0,,0.0,,0.0,,0.0,,0.0,,0.0,,0.0,,0.0
2004-04-30,,,,,,,-0.04498152048689659,-0.04498152048689659,-0.04465201035324336,-0.04465201035324336,-0.0445264003884309,-0.0445264003884309,-0.04133883580365059,-0.04133883580365059,-0.039655558665630516,-0.039655558665630516,-0.0445264003884309,-0.0445264003884309,,,,,,
2004-05-31,,,,,,,-0.23592732122260401,-0.23592732122260401,-0.249971974894334,-0.249971974894334,-0.2100331125929206,-0.2100331125929206,-0.23592732122260401,-0.23592732122260401,-0.2410111146235879,-0.2410111146235879,-0.21003311259292057,-0.21003311259292057,,,,,,
2004-06-30,,,,,,,-0.5900727072162437,-0.5900727072162437,-0.5277929444815515,-0.5277929444815515,-0.3473667254969229,-0.3473667254969229,-0.5900727072162437,-0.5900727072162437,-0.5277929444815515,-0.5277929444815515,-0.40301477471050823,-0.40301477471050823,,,,,,
2004-07-31,,,,,,,0.12667831215939257,0.12667831215939257,0.12340733392099015,0.12340733392099015,0.11543496379730409,0.11543496379730409,0.12667831215939257,0.12667831215939257,0.10864908187708673,0.10864908187708673,0.12030617174175316,0.12030617174175316,,,,,,
2004-08-31,,,,,,,0.039580482638176887,0.039580482638176887,0.046799551735525115,0.046799551735525115,0.04667875037768658,0.04667875037768658,0.03891438478374698,0.03891438478374698,0.046799551735525115,0.046799551735525115,0.04667875037768658,0.04667875037768658,,,,,,
2004-09-30,,,,,,,0.3110617853592671,0.3110617853592671,0.22133614532580737,0.22133614532580737,0.19819633432846218,0.19819633432846218,0.3070322466204397,0.3070322466204397,0.22133614532580737,0.22133614532580737,0.19819633432846218,0.19819633432846218,,,,,,
2004-10-31,,,,,,,0.0064661390134201245,0.0064661390134201245,0.0032947333855681384,0.0032947333855681384,0.010606886285517491,0.010606886285517491,0.0064661390134201245,0.0064661390134201245,0.018819677332122198,0.018819677332122198,0.010606886285517491,0.010606886285517491,,,,,,
2004-11-30,,,,,,,-0.08022093691453011,-0.08022093691453011,-0.04239714661223491,-0.04239714661223491,-0.05495342144142553,-0.05495342144142553,-0.06527527290663722,-0.06527527290663722,-0.04239714661223491,-0.04239714661223491,-0.05495342144142553,-0.05495342144142553,,,,,,
2004-12-31,,,,,,,0.08980636886108276,0.08980636886108276,0.12680730863196696,0.12680730863196696,0.08928986916906885,0.08928986916906885,0.14610411182112298,0.14610411182112298,0.12680730863196696,0.12680730863196696,0.08928986916906885,0.08928986916906885,,,,,,
2005-01-31,,,,,,,0.16338086921284373,0.16338086921284373,0.18418150786365578,0.18418150786365578,0.1749448376591622,0.1749448376591622,0.16338086921284373,0.16338086921284373,0.18418150786365578,0.18418150786365578,0.1865379371141609,0.1865379371141609,,,,,,
2005-02-28,,,,,,,-0.00457957608513615,-0.00457957608513615,0.03713527286081001,0.03713527286081001,0.014447500154055225,0.014447500154055225,-0.00457957608513615,-0.00457957608513615,0.03713527286081001,0.03713527286081001,0.014447500154055225,0.014447500154055225,,,,,,
2005-03-31,,,,,,,-0.1322519821588185,-0.1322519821588185,-0.11880533512492616,-0.11880533512492616,-0.07154180804902989,-0.07154180804902989,-0.1322519821588185,-0.1322519821588185,-0.11880533512492616,-0.11880533512492616,-0.07154180804902989,-0.07154180804902989,,,,,,
2005-04-30,,,,,,,-0.13631506590317566,-0.13631506590317566,-0.13772581105461174,-0.13772581105461174,-0.14676375901032931,-0.14676375901032931,-0.13631506590317566,-0.13631506590317566,-0.13772581105461174,-0.13772581105461174,-0.14676375901032931,-0.14676375901032931,,,,,,
2005-05-31,,0.0,,0.0,,0.0,-0.02189240437994764,0.0,0.04274187150433364,0.0,0.0898098388181613,0.0,-0.02189240437994764,0.0,0.04274187150433364,0.0,0.0898098388181613,0.0,,0.0,,0.0,,0.0
2005-06-30,,,,,,,0.11565000835722232,0.11565000835722232,0.06963916444544636,0.06963916444544636,0.06646836943803842,0.06646836943803842,0.11565000835722232,0.11565000835722232,0.06963916444544636,0.06963916444544636,0.06646836943803842,0.06646836943803842,,,,,,
2005-07-31,,,,,,,0.18136516274851547,0.18136516274851547,0.14036154560818487,0.14036154560818487,0.11252489350671692,0.11252489350671692,0.18136516274851547,0.18136516274851547,0.14036154560818487,0.14036154560818487,0.11252489350671692,0.11252489350671692,,,,,,
2005-08-31,,,,,,,-0.06971942942979263,-0.06971942942979263,-0.04569083319580143,-0.04569083319580143,-0.027954123449793734,-0.027954123449793734,-0.06971942942979263,-0.06971942942979263,-0.04569083319580143,-0.04569083319580143,-0.027954123449793734,-0.027954123449793734,,,,,,
2005-09-30,,,,,,,0.04741181379157315,0.04741181379157315,0.029546637758505346,0.029546637758505346,0.049256434466687635,0.049256434466687635,0.04741181379157315,0.04741181379157315,0.029546637758505346,0.029546637758505346,0.049256434466687635,0.049256434466687635,,,,,,
2005-10-31,,,,,,,0.01630496580124292,0.01630496580124292,-0.022607754098045118,-0.022607754098045118,-0.017371017763915853,-0.017371017763915853,0.01630496580124292,0.01630496580124292,-0.022607754098045118,-0.022607754098045118,-0.017371017763915853,-0.017371017763915853,,,,,,
2005-11-30,,,,,,,0.19097726667531617,0.19097726667531617,0.13474640376270436,0.13474640376270436,0.12631618731013045,0.12631618731013045,0.19097726667531617,0.19097726667531617,0.13474640376270436,0.13474640376270436,0.12631618731013045,0.12631618731013045,,,,,,
2005-12-31,,,,,,,0.026643469390864795,0.026643469390864795,0.10465726560533133,0.10465726560533133,0.1146623209759104,0.1146623209759104,0.026643469390864795,0.026643469390864795,0.10465726560533133,0.10465726560533133,0.1146623209759104,0.1146623209759104,,,,,,
2006-01-31,,,,,,,0.19382809079590152,0.19382809079590152,0.18024853690959294,0.18024853690959294,0.1945337050447055,0.1945337050447055,0.19382809079590152,0.19382809079590152,0.18024853690959294,0.18024853690959294,0.1945337050447055,0.1945337050447055,,,,,,
2006-02-28,,,,,,,0.06158498799551211,0.06158498799551211,0.07098280933033162,0.07098280933033162,0.11888292559519674,0.11888292559519674,0.06158498799551211,0.06158498799551211,0.07098280933033162,0.07098280933033162,0.1121334495188881,0.1121334495188881,,,,,,
2006-03-31,,,,,,,-0.1927624033614266,-0.1927624033614266,-0.10223159007094933,-0.10223159007094933,-0.1175104057642417,-0.1175104057642417,-0.1927624033614266,-0.1927624033614266,-0.10223159007094933,-0.10223159007094933,-0.11751040576424168,-0.11751040576424168,,,,,,
2006-04-30,,,,,,,-0.06014695029950108,-0.06014695029950108,0.03245443605912788,0.03245443605912788,0.03589352285843257,0.03589352285843257,-0.06014695029950108,-0.06014695029950108,0.03245443605912788,0.03245443605912788,0.038665281730269986,0.038665281730269986,,,,,,
2006-05-31,,,,,,,-0.14108263953676511,-0.14108263953676511,-0.14835113489689578,-0.14835113489689578,-0.15041670055459838,-0.15041670055459838,-0.14108263953676511,-0.14108263953676511,-0.14611910688580138,-0.14611910688580138,-0.15411805965679906,-0.15411805965679906,,,,,,
2006-06-30,,0.0,,0.0,,0.0,-0.1589007695319748,0.0,-0.14769397091330627,0.0,-0.12833456087823647,0.0,-0.1589007695319748,0.0,-0.14769397091330624,0.0,-0.12091466660082685,0.0,,0.0,,0.0,,0.0
2006-07-31,,0.0,,0.0,,0.0,-0.00882527748816111,0.0,0.013518752009572244,0.0,0.022902255884783933,0.0,-0.07451209197280236,0.0,0.013518752009572244,0.0,0.022902255884783933,0.0,,0.0,,0.0,,0.0
2006-08-31,,0.0,,0.0,,0.0,0.06360352195796055,0.0,0.06566819406005275,0.0,0.05657635447001383,0.0,0.06360352195796055,0.0,0.06566819406005275,0.0,0.05388642576011037,0.0,,0.0,,0.0,,0.0
2006-09-30,,0.0,,0.0,,0.0,0.009704873337704822,0.0,0.0071639540901986655,0.0,0.015834218189933098,0.0,0.009704873337704822,0.0,0.0071639540901986655,0.0,0.02642039050849627,0.0,,0.0,,0.0,,0.0
2006-10-31,,0.0,,0.0,,0.0,0.06984149215776858,0.0,0.08586302015523972,0.0,0.09443897801327043,0.0,0.06984149215776858,0.0,0.0941961982208684,0.0,0.09443897801327043,0.0,,0.0,,0.0,,0.0
2006-11-30,,,,,,,0.09408984460261223,0.09408984460261223,0.03877085645525957,0.03877085645525957,0.002694629309305648,0.002694629309305648,0.1274543150140554,0.1274543150140554,0.026342921455504452,0.026342921455504452,0.002694629309305648,0.002694629309305648,,,,,,
2006-12-31,,0.0,,0.0,,0.0,-0.0010298488845040144,0.0,-0.012385856140674788,0.0,-0.03197963379460829,0.0,-0.0010298488845040144,0.0,-0.012385856140674788,0.0,-0.03197963379460829,0.0,,0.0,,0.0,,0.0
2007-01-31,,,,,,,0.048998801095536185,0.048998801095536185,0.06839672551527873,0.06839672551527873,0.06157140656669547,0.06157140656669547,0.048998801095536185,0.048998801095536185,0.06839672551527873,0.06839672551527873,0.07434082729569944,0.07434082729569944,,,,,,
2007-02-28,,,,,,,-0.062454957248514,-0.062454957248514,-0.0017652360520319598,-0.0017652360520319598,-0.006655767635407761,-0.006655767635407761,-0.062454957248514,-0.062454957248514,-0.011312493323167217,-0.011312493323167217,-0.016849483854708917,-0.016849483854708917,,,,,,
2007-03-31,,,,,,,0.07048049862868688,0.07048049862868688,0.09516618334368354,0.09516618334368354,0.06818734249118436,0.06818734249118436,0.042120007883368206,0.042120007883368206,0.07359791017953753,0.07359791017953753,0.06818734249118436,0.06818734249118436,,,,,,
2007-04-30,,,,,,,-0.03282235243878826,-0.03282235243878826,-0.01888332257932619,-0.01888332257932619,0.015869112405257072,0.015869112405257072,-0.03282235243878826,-0.03282235243878826,-0.021190460003509215,-0.021190460003509215,0.005679506727643309,0.005679506727643309,,,,,,
2007-05-31,,,,,,,0.14819054200423426,0.14819054200423426,0.11520388020076644,0.11520388020076644,0.11799355560329047,0.11799355560329047,0.15503696030738112,0.15503696030738112,0.11331447981946666,0.11331447981946666,0.11799355560329047,0.11799355560329047,,,,,,
2007-06-30,,,,,,,0.025428580419511036,0.025428580419511036,0.013150654672249662,0.013150654672249662,0.013438074845860726,0.013438074845860726,0.025428580419511036,0.025428580419511036,0.011264009893961669,0.011264009893961669,0.013438074845860726,0.013438074845860726,,,,,,
2007-07-31,,,,,,,0.19769936538859229,0.19769936538859229,0.18086174914367042,0.18086174914367042,0.14287882740396532,0.14287882740396532,0.19769936538859229,0.19769936538859229,0.18086174914367042,0.18086174914367042,0.1428788274039653,0.1428788274039653,,,,,,
2007-08-31,,,,,,,-0.012089643450371935,-0.012089643450371935,-0.03031160616788111,-0.03031160616788111,-0.027121164629882382,-0.027121164629882382,-0.012089643450371935,-0.012089643450371935,-0.03031160616788111,-0.03031160616788111,-0.027121164629882382,-0.027121164629882382,,,,,,
2007-09-30,,,,,,,0.042585658092301214,0.042585658092301214,0.04229095448172736,0.04229095448172736,0.043199987235421775,0.043199987235421775,0.042585658092301214,0.042585658092301214,0.04229095448172736,0.04229095448172736,0.03652478541791963,0.03652478541791963,,,,,,
2007-10-31,,,,,,,0.0914892484002254,0.0914892484002254,0.07629767085764008,0.07629767085764008,0.06592234335757259,0.06592234335757259,0.0914892484002254,0.0914892484002254,0.06818878571906135,0.06818878571906135,0.06592234335757259,0.06592234335757259,,,,,,
2007-11-30,,,,,,,-0.05825850490535685,-0.05825850490535685,-0.03037637723647594,-0.03037637723647594,-0.0510556649396841,-0.0510556649396841,-0.05573990596342519,-0.05573990596342519,-0.03037637723647594,-0.03037637723647594,-0.04588551621539629,-0.04588551621539629,,,,,,
2007-12-31,,,,,,,0.07095417609709206,0.07095417609709206,0.04639082496811808,0.04639082496811808,0.03765957433475743,0.03765957433475743,0.07095417609709206,0.07095417609709206,0.04639082496811808,0.04639082496811808,0.030168291064897504,0.030168291064897504,,,,,,
2008-01-31,,,,,,,-0.051628929091787,-0.051628929091787,-0.10255510961140786,-0.10255510961140786,-0.11798716960826126,-0.11798716960826126,-0.051628929091787,-0.051628929091787,-0.10255510961140786,-0.10255510961140786,-0.13232950785525527,-0.13232950785525527,,,,,,
2008-02-29,,0.0,,0.0,,0.0,0.18169622613704378,0.0,0.10787771951802283,0.0,0.08438768366511638,0.0,0.18169622613704378,0.0,0.09175133493419861,0.0,0.08395345428007307,0.0,,0.0,,0.0,,0.0
2008-03-31,,0.0,,0.0,,0.0,0.035692923182681933,0.0,-0.0647794406922251,0.0,-0.10000161627544181,0.0,0.035692923182681933,0.0,-0.0647794406922251,0.0,-0.10223441326899717,0.0,,0.0,,0.0,,0.0
2008-04-30,,0.0,,0.0,,0.0,0.09630790795786322,0.0,0.11659232642910575,0.0,0.10787164963834053,0.0,0.09630790795786322,0.0,0.11659232642910575,0.0,0.10787164963834053,0.0,,0.0,,0.0,,0.0
2008-05-31,,0.0,,0.0,,0.0,0.11149933340473746,0.0,0.10738195602303183,0.0,0.04340579575087065,0.0,0.11149933340473746,0.0,0.10738195602303183,0.0,0.04340579575087065,0.0,,0.0,,0.0,,0.0
2008-06-30,,0.0,,0.0,,0.0,-0.07579113886926012,0.0,-0.02666793539628116,0.0,-0.06650422074280317,0.0,-0.07579113886926012,0.0,-0.041699918882548946,0.0,-0.06650422074280317,0.0,,0.0,,0.0,,0.0
2008-07-31,,0.0,,0.0,,0.0,-0.13131219440154535,0.0,-0.028281177543047143,0.0,0.008679662935921114,0.0,-0.13131219440154535,0.0,-0.028281177543047143,0.0,0.008679662935921114,0.0,,0.0,,0.0,,0.0
2008-08-31,,0.0,,0.0,,0.0,-0.021469896169300083,0.0,-0.029188272738645937,0.0,-0.034835319927384686,0.0,-0.021469896169300083,0.0,-0.037005055292284,0.0,-0.034835319927384686,0.0,,0.0,,0.0,,0.0
2008-09-30,,0.0,,0.0,,0.0,-0.18699637288783705,0.0,-0.17275538314362948,0.0,-0.15375945098537439,0.0,-0.18699637288783705,0.0,-0.17275538314362948,0.0,-0.15375945098537439,0.0,,0.0,,0.0,,0.0
2008-10-31,,0.0,,0.0,,0.0,-0.3083144972084747,0.0,-0.26225253714142904,0.0,-0.2733562268564505,0.0,-0.3083144972084747,0.0,-0.24593534678410847,0.0,-0.2733562268564505,0.0,,0.0,,0.0,,0.0
2008-11-30,,0.0,,0.0,,0.0,-0.012163684826227183,0.0,-0.06367582740029239,0.0,-0.04571076447090451,0.0,-0.012163684826227183,0.0,-0.06367582740029239,0.0,-0.050408205631822266,0.0,,0.0,,0.0,,0.0
2008-12-31,,0.0,,0.0,,0.0,-0.07134059912329568,0.0,-0.05610143612268707,0.0,-0.01690045759612095,0.0,-0.07134059912329568,0.0,-0.037400794734202124,0.0,-0.021952569821035328,0.0,,0.0,,0.0,,0.0
2009-01-31,,0.0,,0.0,,0.0,0.035265617288324155,0.0,-0.012705370830102692,0.0,-0.0177688067459415,0.0,0.035265617288324155,0.0,-0.012705370830102692,0.0,-0.0177688067459415,0.0,,0.0,,0.0,,0.0
2009-02-28,,0.0,,0.0,,0.0,-0.01684181830444973,0.0,-0.02921709852792237,0.0,-0.0361131695371963,0.0,-0.01684181830444973,0.0,-0.041460025107442636,0.0,-0.03381000947521283,0.0,,0.0,,0.0,,0.0
2009-03-31,,0.0,,0.0,,0.0,0.0005973922178575508,0.0,0.07945119090779865,0.0,0.0731978332413672,0.0,0.0005973922178575508,0.0,0.07880313390227836,0.0,0.07235957332477261,0.0,,0.0,,0.0,,0.0
2009-04-30,,0.0,,0.0,,0.0,0.18087366755589387,0.0,0.1690196408543931,0.0,0.1788534759753695,0.0,0.18087366755589387,0.0,0.16364317487233682,0.0,0.21012453939443385,0.0,,0.0,,0.0,,0.0
2009-05-31,,,,,,,0.10486444660144978,0.10486444660144978,0.1290951660768567,0.1290951660768567,0.10599457460335499,0.10599457460335499,0.10486444660144978,0.10486444660144978,0.11972459994026023,0.11972459994026023,0.10599457460335497,0.10599457460335497,,,,,,
2009-06-30,,,,,,,0.09106946315402209,0.09106946315402209,0.09667183378493054,0.09667183378493054,0.07541920980985015,0.07541920980985015,0.09106946315402209,0.09106946315402209,0.08024574943969119,0.08024574943969119,0.06642696831357256,0.06642696831357256,,,,,,
2009-07-31,,,,,,,0.10333091301547732,0.10333091301547732,0.13475390121159941,0.13475390121159941,0.09313023731579477,0.09313023731579477,0.07081749166785234,0.07081749166785234,0.11169810485492807,0.11169810485492807,0.1074366229521468,0.1074366229521468,,,,,,
2009-08-31,,,,,,,0.08892329514721282,0.08892329514721282,0.10306651722403715,0.10306651722403715,0.07729442457637817,0.07729442457637817,0.08892329514721282,0.08892329514721282,0.10306651722403715,0.10306651722403715,0.07729442457637817,0.07729442457637817,,,,,,
2009-09-30,,,,,,,0.07941614862180753,0.07941614862180753,0.025554562471050535,0.025554562471050535,0.04925847003265696,0.04925847003265696,0.07941614862180753,0.07941614862180753,0.025554562471050535,0.025554562471050535,0.04925847003265696,0.04925847003265696,,,,,,
2009-10-31,,,,,,,-0.0035233816974032718,-0.0035233816974032718,0.016729375972344297,0.016729375972344297,0.015731540887370537,0.015731540887370537,-0.0035233816974032718,-0.0035233816974032718,0.018447310299652443,0.018447310299652443,0.020312298434435383,0.020312298434435383,,,,,,
2009-11-30,,,,,,,-0.02711414419597602,-0.02711414419597602,-0.03480721105406015,-0.03480721105406015,-0.03521949356590843,-0.03521949356590843,-0.02711414419597602,-0.02711414419597602,-0.03480721105406015,-0.03480721105406015,-0.03859198611735353,-0.03859198611735353,,,,,,
2009-12-31,,,,,,,0.1695687835387703,0.1695687835387703,0.17360046177724536,0.17360046177724536,0.19008066385161998,0.19008066385161998,0.16652957698908516,0.16652957698908516,0.16532984850131424,0.16532984850131424,0.19008066385161998,0.19008066385161998,,,,,,
2010-01-31,,,,,,,0.03975867528124821,0.03975867528124821,0.05182774760842289,0.05182774760842289,0.07310555232558258,0.07310555232558258,0.03975867528124821,0.03975867528124821,0.05182774760842289,0.05182774760842289,0.07310555232558257,0.07310555232558257,,,,,,
2010-02-28,,,,,,,-0.0814463167195911,-0.0814463167195911,-0.09260752114066359,-0.09260752114066359,-0.06766239392843773,-0.06766239392843773,-0.0814463167195911,-0.0814463167195911,-0.09260752114066359,-0.09260752114066359,-0.06787563924404247,-0.06787563924404247,,,,,,
2010-03-31,,,,,,,0.14357147930556335,0.14357147930556335,0.11851473534494084,0.11851473534494084,0.09394682415329678,0.09394682415329678,0.13485797005651057,0.13485797005651057,0.11479554354344593,0.11479554354344593,0.10531204578024837,0.10531204578024837,,,,,,
2010-04-30,,,,,,,0.03465803875643274,0.03465803875643274,0.02142941540898897,0.02142941540898897,0.029093076625989967,0.029093076625989967,0.015539662779567042,0.015539662779567042,0.025350632422597618,0.025350632422597618,0.029093076625989967,0.029093076625989967,,,,,,
2010-05-31,,,,,,,-0.08766413074087502,-0.08766413074087502,-0.09256707764303376,-0.09256707764303376,-0.10901729617094287,-0.10901729617094287,-0.08766413074087502,-0.08766413074087502,-0.09256707764303376,-0.09256707764303376,-0.10901729617094287,-0.10901729617094287,,,,,,
2010-06-30,,,,,,,-0.002740509285459858,-0.002740509285459858,0.02836384063112022,0.02836384063112022,0.02788012635776912,0.02788012635776912,-0.002740509285459858,-0.002740509285459858,0.02836384063112022,0.02836384063112022,0.02850601511089513,0.02850601511089513,,,,,,
2010-07-31,,,,,,,0.06782947185340737,0.06782947185340737,0.07471777300125951,0.07471777300125951,0.08329865793119473,0.08329865793119473,0.08547657804483269,0.08547657804483269,0.06823899854496107,0.06823899854496107,0.06701621920126971,0.06701621920126971,,,,,,
2010-08-31,,,,,,,0.07562417323949891,0.07562417323949891,0.05730784348110216,0.05730784348110216,0.0422380948699146,0.0422380948699146,0.07562417323949891,0.07562417323949891,0.04016040485964201,0.04016040485964201,0.03487380787675039,0.03487380787675039,,,,,,
2010-09-30,,,,,,,0.07249212844724333,0.07249212844724333,0.10856612620454369,0.10856612620454369,0.10253374853933085,0.10253374853933085,0.07249212844724333,0.07249212844724333,0.0843803464802717,0.0843803464802717,0.09549796524125771,0.09549796524125771,,,,,,
2010-10-31,,,,,,,0.10745913804089598,0.10745913804089598,0.0794080348842849,0.0794080348842849,0.07448518004882868,0.07448518004882868,0.10745913804089598,0.10745913804089598,0.0794080348842849,0.0794080348842849,0.06786913729181047,0.06786913729181047,,,,,,
2010-11-30,,,,,,,-0.06272922035498836,-0.06272922035498836,-0.0016847823824652775,-0.0016847823824652775,-0.020279618149559645,-0.020279618149559645,-0.06272922035498836,-0.06272922035498836,-0.0016847823824652775,-0.0016847823824652775,-0.020279618149559645,-0.020279618149559645,,,,,,
2010-12-31,,,,,,,0.07233248938945265,0.07233248938945265,0.07741842798108257,0.07741842798108257,0.05823722994919642,0.05823722994919642,0.07233248938945265,0.07233248938945265,0.07741842798108257,0.07741842798108257,0.06797256499998992,0.06797256499998992,,,,,,
2011-01-31,,,,,,,-0.03996859536998556,-0.03996859536998556,-0.009609659159953921,-0.009609659159953921,-0.005884669677114192,-0.005884669677114192,-0.03996859536998556,-0.03996859536998556,-0.009609659159953921,-0.009609659159953921,-0.005884669677114192,-0.005884669677114192,,,,,,
2011-02-28,,,,,,,-0.007894933437339713,-0.007894933437339713,0.03809820410670166,0.03809820410670166,0.004250238511819945,0.004250238511819945,0.06327421636588663,0.06327421636588663,0.03809820410670166,0.03809820410670166,0.004250238511819945,0.004250238511819945,,,,,,
2011-03-31,,0.0,,0.0,,0.0,0.08590003788887032,0.0,0.09990502872947506,0.0,0.092047853630326,0.0,0.08590003788887032,0.0,0.09990502872947506,0.0,0.092047853630326,0.0,,0.0,,0.0,,0.0
2011-04-30,,,,,,,0.1218343203512104,0.1218343203512104,0.08377098944239564,0.08377098944239564,0.08204301148843511,0.08204301148843511,0.1218343203512104,0.1218343203512104,0.08377098944239564,0.08377098944239564,0.08204301148843511,0.08204301148843511,,,,,,
2011-05-31,,,,,,,-0.024213385711088907,-0.024213385711088907,-0.016639107282083787,-0.016639107282083787,-0.008083939638770417,-0.008083939638770417,-0.024213385711088907,-0.024213385711088907,-0.016639107282083787,-0.016639107282083787,-0.008083939638770417,-0.008083939638770417,,,,,,
2011-06-30,,0.0,,0.0,,0.0,0.007585196541179018,0.0,0.03559408629111614,0.0,0.015177046268904763,0.0,0.007585196541179018,0.0,0.03559408629111614,0.0,0.015177046268904763,0.0,,0.0,,0.0,,0.0
2011-07-31,,0.0,,0.0,,0.0,0.03665305076092058,0.0,0.04589792079542171,0.0,0.023831036242312885,0.0,0.03665305076092058,0.0,0.04589792079542171,0.0,0.023831036242312885,0.0,,0.0,,0.0,,0.0
2011-08-31,,0.0,,0.0,,0.0,-0.12695153409318774,0.0,-0.13705761444229175,0.0,-0.1425628034115655,0.0,-0.12695153409318774,0.0,-0.13705761444229175,0.0,-0.1425628034115655,0.0,,0.0,,0.0,,0.0
2011-09-30,,0.0,,0.0,,0.0,0.044171012269640375,0.0,0.03147916914419911,0.0,0.05124947390507125,0.0,0.044171012269640375,0.0,0.03147916914419911,0.0,0.05124947390507125,0.0,,0.0,,0.0,,0.0
2011-10-31,,0.0,,0.0,,0.0,-0.04340376903782226,0.0,-0.03583677246468696,0.0,-0.006251300397561906,0.0,-0.04340376903782226,0.0,-0.03583677246468696,0.0,-0.0095543944561944,0.0,,0.0,,0.0,,0.0
2011-11-30,,0.0,,0.0,,0.0,-0.033191412736156736,0.0,-0.05986825698612956,0.0,-0.06651580037312307,0.0,-0.033191412736156736,0.0,-0.05986825698612956,0.0,-0.058317170767518536,0.0,,0.0,,0.0,,0.0
2011-12-31,,0.0,,0.0,,0.0,0.09507891374142016,0.0,0.04009662803722349,0.0,0.016542838655258872,0.0,0.09507891374142016,0.0,0.04009662803722349,0.0,0.016542838655258872,0.0,,0.0,,0.0,,0.0
2012-01-31,,0.0,,0.0,,0.0,0.007234676493087311,0.0,0.045596991844480725,0.0,0.05508141349595543,0.0,0.007234676493087311,0.0,0.05155457498529618,0.0,0.05508141349595543,0.0,,0.0,,0.0,,0.0
2012-02-29,,0.0,,0.0,,0.0,1.1849157911458796e-05,0.0,0.02676985542968392,0.0,0.047094711506,0.0,1.1849157911458796e-05,0.0,0.02676985542968392,0.0,0.047094711506,0.0,,0.0,,0.0,,0.0
2012-03-31,,,,,,,0.036422682441352494,0.036422682441352494,0.02860967512235014,0.02860967512235014,0.01984827868646494,0.01984827868646494,0.036422682441352494,0.036422682441352494,0.02860967512235014,0.02860967512235014,0.01984827868646494,0.01984827868646494,,,,,,
2012-04-30,,,,,,,0.09525137212386181,0.09525137212386181,0.06017744753677349,0.06017744753677349,0.03109980101047687,0.03109980101047687,0.09525137212386181,0.09525137212386181,0.039017852271224375,0.039017852271224375,0.03109980101047687,0.03109980101047687,,,,,,
2012-05-31,,,,,,,-0.05829333960569216,-0.05829333960569216,-0.07165910930280951,-0.07165910930280951,-0.06467729741456466,-0.06467729741456466,-0.05829333960569216,-0.05829333960569216,-0.07165910930280951,-0.07165910930280951,-0.06467729741456466,-0.06467729741456466,,,,,,
2012-06-30,,0.0,,0.0,,0.0,0.0005025268709321961,0.0,0.04764345304059693,0.0,0.053028806501413984,0.0,0.0005025268709321961,0.0,0.04764345304059693,0.0,0.053028806501413984,0.0,,0.0,,0.0,,0.0
2012-07-31,,,,,,,-0.05020318004043518,-0.05020318004043518,0.0007526566937592572,0.0007526566937592572,0.007195807718119688,0.007195807718119688,-0.05020318004043518,-0.05020318004043518,-0.003107753550579073,-0.003107753550579073,0.007195807718119688,0.007195807718119688,,,,,,
2012-08-31,,,,,,,0.051228087723290947,0.051228087723290947,0.025960298630216892,0.025960298630216892,0.03411261262409761,0.03411261262409761,0.051228087723290947,0.051228087723290947,0.033752509867764305,0.033752509867764305,0.03411261262409761,0.03411261262409761,,,,,,
2012-09-30,,,,,,,-0.04126500103315143,-0.04126500103315143,-0.018451358439020682,-0.018451358439020682,-0.025013910972598818,-0.025013910972598818,-0.02292125947233419,-0.02292125947233419,-0.023418880954178666,-0.023418880954178666,-0.024226778865044332,-0.024226778865044332,,,,,,
2012-10-31,,,,,,,0.039852876867339425,0.039852876867339425,0.0710239803520726,0.0710239803520726,0.06482050116976064,0.06482050116976064,0.039852876867339425,0.039852876867339425,0.06270998278539922,0.06270998278539922,0.06482050116976064,0.06482050116976064,,,,,,
2012-11-30,,,,,,,0.0003349826981098536,0.0003349826981098536,0.003535041598426325,0.003535041598426325,0.010833410276842393,0.010833410276842393,0.015641691616854293,0.015641691616854293,0.003535041598426325,0.003535041598426325,0.010833410276842393,0.010833410276842393,,,,,,
2012-12-31,,,,,,,0.13186049827298418,0.13186049827298418,0.12238735605979956,0.12238735605979956,0.09709807771229971,0.09709807771229971,0.20074378933375275,0.20074378933375275,0.11203972477950852,0.11203972477950852,0.09709807771229971,0.09709807771229971,,,,,,
2013-01-31,,,,,,,-0.011368890607426052,-0.011368890607426052,0.013427521505913564,0.013427521505913564,0.01831821358451805,0.01831821358451805,-0.011368890607426052,-0.011368890607426052,0.013427521505913564,0.013427521505913564,0.01831821358451805,0.01831821358451805,,,,,,
2013-02-28,,,,,,,0.10490060271846673,0.10490060271846673,0.0626753466042276,0.0626753466042276,0.04993499656533218,0.04993499656533218,0.10490060271846673,0.10490060271846673,0.0626753466042276,0.0626753466042276,0.04993499656533218,0.04993499656533218,,,,,,
2013-03-31,,,,,,,0.12195774022113275,0.12195774022113275,0.10602226367086875,0.10602226367086875,0.10298557667618326,0.10298557667618326,0.12195774022113275,0.12195774022113275,0.10602226367086875,0.10602226367086875,0.10298557667618326,0.10298557667618326,,,,,,
2013-04-30,,,,,,,0.04033630476496732,0.04033630476496732,0.07425102181794532,0.07425102181794532,0.060197773121093374,0.060197773121093374,0.04033630476496732,0.04033630476496732,0.07251043928978448,0.07251043928978448,0.060197773121093374,0.060197773121093374,,,,,,
2013-05-31,,,,,,,0.04348121374972998,0.04348121374972998,0.005269070509268325,0.005269070509268325,0.011809349402349123,0.011809349402349123,-0.005974100523175663,-0.005974100523175663,0.005269070509268325,0.005269070509268325,0.02402902218527026,0.02402902218527026,,,,,,
2013-06-30,,,,,,,-0.07544303472809297,-0.07544303472809297,-0.06242769641437072,-0.06242769641437072,-0.07631564412035013,-0.07631564412035013,-0.07544303472809297,-0.07544303472809297,-0.06242769641437072,-0.06242769641437072,-0.07631564412035013,-0.07631564412035013,,,,,,
2013-07-31,,0.0,,0.0,,0.0,-0.030584965050098556,0.0,0.017301433218269612,0.0,0.007626393818974742,0.0,-0.030584965050098556,0.0,0.017301433218269612,0.0,0.006984727503037728,0.0,,0.0,,0.0,,0.0
2013-08-31,,0.0,,0.0,,0.0,-0.180025039722181,0.0,-0.14545560581054687,0.0,-0.15436997846199538,0.0,-0.180025039722181,0.0,-0.14545560581054687,0.0,-0.15436997846199538,0.0,,0.0,,0.0,,0.0
2013-09-30,,0.0,,0.0,,0.0,0.09243108036360737,0.0,0.1498644595276682,0.0,0.14727055325262475,0.0,0.09243108036360737,0.0,0.1498644595276682,0.0,0.14727055325262475,0.0,,0.0,,0.0,,0.0
2013-10-31,,0.0,,0.0,,0.0,0.05174422300478669,0.0,0.04025830033383286,0.0,0.04400871103445102,0.0,0.05174422300478669,0.0,0.04025830033383286,0.0,0.04400871103445102,0.0,,0.0,,0.0,,0.0
2013-11-30,,0.0,,0.0,,0.0,0.01218655205848591,0.0,-0.01045421990861608,0.0,0.000278775321976051,0.0,0.014034392192093237,0.0,-0.01045421990861608,0.0,-0.010077654314936813,0.0,,0.0,,0.0,,0.0
2013-12-31,,0.0,,0.0,,0.0,-0.09161756908115563,0.0,-0.09280011307320292,0.0,-0.09583093525643437,0.0,-0.09161756908115563,0.0,-0.0838658236948173,0.0,-0.09583093525643437,0.0,,0.0,,0.0,,0.0
2014-01-31,,0.0,,0.0,,0.0,-0.03327012230053219,0.0,-0.06017198931540686,0.0,-0.05098072019876312,0.0,-0.03327012230053219,0.0,-0.08620127059392328,0.0,-0.04493668107162466,0.0,,0.0,,0.0,,0.0
2014-02-28,,0.0,,0.0,,0.0,-0.02462831261361289,0.0,-0.03246399773716713,0.0,-0.0063737967819981495,0.0,-0.02462831261361289,0.0,-0.03246399773716713,0.0,-0.018366327032682282,0.0,,0.0,,0.0,,0.0
2014-03-31,,0.0,,0.0,,0.0,-0.0455450704507893,0.0,0.020907277050489014,0.0,0.015681254250355256,0.0,-0.0455450704507893,0.0,0.020907277050489014,0.0,0.021161871028217722,0.0,,0.0,,0.0,,0.0
2014-04-30,,0.0,,0.0,,0.0,0.07929947273708733,0.0,0.0728595804078058,0.0,0.059160484791083906,0.0,0.07929947273708733,0.0,0.0575667861377574,0.0,0.059160484791083906,0.0,,0.0,,0.0,,0.0
2014-05-31,,,,,,,0.0626186805472378,0.0626186805472378,0.05424904260119358,0.05424904260119358,0.04513719581657624,0.04513719581657624,0.0626186805472378,0.0626186805472378,0.05424904260119358,0.05424904260119358,0.05208305381780938,0.05208305381780938,,,,,,
2014-06-30,,,,,,,0.0787787976953865,0.0787787976953865,0.06247553711691447,0.06247553711691447,0.04056924961648624,0.04056924961648624,0.0787787976953865,0.0787787976953865,0.058173125758648324,0.058173125758648324,0.035437525110171536,0.035437525110171536,,,,,,
2014-07-31,,,,,,,0.06688456977757436,0.06688456977757436,0.04539672370692828,0.04539672370692828,0.03763120962795452,0.03763120962795452,0.06688456977757436,0.06688456977757436,0.04539672370692828,0.04539672370692828,0.03747544148869671,0.03747544148869671,,,,,,
2014-08-31,,,,,,,-0.0032887356400648437,-0.0032887356400648437,0.004782956628196666,0.004782956628196666,-0.0018782305869648574,-0.0018782305869648574,-0.0032887356400648437,-0.0032887356400648437,-0.0039318594879849565,-0.0039318594879849565,-0.005583034819179863,-0.005583034819179863,,,,,,
2014-09-30,,,,,,,0.07451432699274896,0.07451432699274896,0.04297515425492517,0.04297515425492517,0.017783860185504517,0.017783860185504517,0.07451432699274896,0.07451432699274896,0.04297515425492517,0.04297515425492517,0.017783860185504517,0.017783860185504517,,,,,,
2014-10-31,,,,,,,0.12389260341651039,0.12389260341651039,0.08326497859550944,0.08326497859550944,0.062158812177172444,0.062158812177172444,0.12389260341651039,0.12389260341651039,0.08326497859550944,0.08326497859550944,0.07113566459717514,0.07113566459717514,,,,,,
2014-11-30,,,,,,,-0.030332638227307186,-0.030332638227307186,0.0005306447225191024,0.0005306447225191024,0.038259526148185403,0.038259526148185403,-0.04570040147436447,-0.04570040147436447,0.0005306447225191024,0.0005306447225191024,0.038259526148185403,0.038259526148185403,,,,,,
2014-12-31,,,,,,,-0.014353023250086161,-0.014353023250086161,0.031389434692627116,0.031389434692627116,0.028280509789628726,0.028280509789628726,-0.014353023250086161,-0.014353023250086161,0.031389434692627116,0.031389434692627116,0.027990487611899647,0.027990487611899647,,,,,,
2015-01-31,,,,,,,0.0741844274866805,0.0741844274866805,0.04391459810405183,0.04391459810405183,0.05606719196227371,0.05606719196227371,0.037374059054060306,0.037374059054060306,0.04391459810405183,0.04391459810405183,0.05552191739843907,0.05552191739843907,,,,,,
2015-02-28,,,,,,,0.02357622799792698,0.02357622799792698,0.0025703267202027203,0.0025703267202027203,0.004107988001790279,0.004107988001790279,0.02357622799792698,0.02357622799792698,0.0025703267202027203,0.0025703267202027203,-0.0040834019081880555,-0.0040834019081880555,,,,,,
2015-03-31,,,,,,,-0.04134053513452862,-0.04134053513452862,-0.015553736330398572,-0.015553736330398572,-0.015057175027376801,-0.015057175027376801,-0.04134053513452862,-0.04134053513452862,-0.02139927253201296,-0.02139927253201296,-0.01121165455697255,-0.01121165455697255,,,,,,
2015-04-30,,0.0,,0.0,,0.0,-0.021805177302611712,0.0,-0.0004237750313225375,0.0,0.02924573099607192,0.0,-0.021805177302611712,0.0,0.009892527343627378,0.0,0.02924573099607192,0.0,,0.0,,0.0,,0.0
2015-05-31,,,,,,,0.03119650234714033,0.03119650234714033,0.03235412257362765,0.03235412257362765,0.0010338605685501193,0.0010338605685501193,0.03119650234714033,0.03119650234714033,0.03235412257362765,0.03235412257362765,0.0010338605685501193,0.0010338605685501193,,,,,,
2015-06-30,,,,,,,0.011269840353759131,0.011269840353759131,0.008360138788363104,0.008360138788363104,0.006898773803254551,0.006898773803254551,0.011269840353759131,0.011269840353759131,0.008360138788363104,0.008360138788363104,0.006898773803254551,0.006898773803254551,,,,,,
2015-07-31,,0.0,,0.0,,0.0,0.05643681625842671,0.0,0.03842418321368374,0.0,0.009367210765240245,0.0,0.08869777457041819,0.0,0.03842418321368374,0.0,0.008409936528843068,0.0,,0.0,,0.0,,0.0
2015-08-31,,0.0,,0.0,,0.0,-0.1509028515979905,0.0,-0.0979406230685884,0.0,-0.0712033269042983,0.0,-0.1509028515979905,0.0,-0.0979406230685884,0.0,-0.0712033269042983,0.0,,0.0,,0.0,,0.0
2015-09-30,,0.0,,0.0,,0.0,-0.026041400812671013,0.0,-0.027104798536105413,0.0,-0.027262496937003628,0.0,-0.022805781195841403,0.0,-0.027104798536105413,0.0,-0.027262496937003628,0.0,,0.0,,0.0,,0.0
2015-10-31,,0.0,,0.0,,0.0,0.06838368352937793,0.0,0.04160930565207881,0.0,0.03593825159437112,0.0,0.06838368352937793,0.0,0.04160930565207881,0.0,0.03593825159437112,0.0,,0.0,,0.0,,0.0
2015-11-30,,0.0,,0.0,,0.0,-0.0173297255427322,0.0,0.005445836862321363,0.0,0.010039540019163466,0.0,-0.0173297255427322,0.0,0.005445836862321363,0.0,0.010039540019163466,0.0,,0.0,,0.0,,0.0
2015-12-31,,0.0,,0.0,,0.0,0.024308582286249304,0.0,0.010485310790560476,0.0,0.006613380796700219,0.0,0.027928753556579956,0.0,0.010485310790560476,0.0,0.004222959204211215,0.0,,0.0,,0.0,,0.0
2016-01-31,,0.0,,0.0,,0.0,-0.007800283897301874,0.0,0.020095925882044462,0.0,0.03000386099893788,0.0,-0.007800283897301874,0.0,0.020095925882044462,0.0,0.03000386099893788,0.0,,0.0,,0.0,,0.0
2016-02-29,,0.0,,0.0,,0.0,0.006454858419496246,0.0,-0.0017825716452077422,0.0,-0.0012658384026486668,0.0,0.006454858419496246,0.0,-0.0023998413631944214,0.0,0.0004913003438934193,0.0,,0.0,,0.0,,0.0
2016-03-31,,0.0,,0.0,,0.0,0.10606604587531457,0.0,0.08977708186847314,0.0,0.0885632661057929,0.0,0.10606604587531457,0.0,0.08977708186847314,0.0,0.08887932673451478,0.0,,0.0,,0.0,,0.0
2016-04-30,,,,,,,0.0057220189092720645,0.0057220189092720645,0.02652461539340163,0.02652461539340163,0.028621562172064064,0.028621562172064064,0.0057220189092720645,0.0057220189092720645,0.02652461539340163,0.02652461539340163,0.023431789446273908,0.023431789446273908,,,,,,
2016-05-31,,,,,,,-0.021059405019886367,-0.021059405019886367,-0.008479233566929301,-0.008479233566929301,-0.021843756463521533,-0.021843756463521533,-0.021059405019886367,-0.021059405019886367,-0.015190289139911429,-0.015190289139911429,-0.021843756463521533,-0.021843756463521533,,,,,,
2016-06-30,,,,,,,-0.03606315418978778,-0.03606315418978778,-0.013784051564772914,-0.013784051564772914,-0.0005793276919767351,-0.0005793276919767351,-0.03606315418978778,-0.03606315418978778,-0.013784051564772914,-0.013784051564772914,-0.0005793276919767351,-0.0005793276919767351,,,,,,
2016-07-31,,0.0,,0.0,,0.0,0.05715448529132387,0.0,0.016621571354133658,0.0,0.019369344226619935,0.0,0.0543298843756234,0.0,0.017872551126219584,0.0,0.019369344226619935,0.0,,0.0,,0.0,,0.0
2016-08-31,,0.0,,0.0,,0.0,-0.04283550826230835,0.0,-0.0031218859833646697,0.0,-0.0009125670484528096,0.0,-0.04283550826230835,0.0,-0.0031218859833646697,0.0,-0.0009125670484528096,0.0,,0.0,,0.0,,0.0
2016-09-30,,0.0,,0.0,,0.0,0.018330339817804187,0.0,-0.01782760362482908,0.0,-0.00450083767465516,0.0,0.018330339817804187,0.0,-0.006019183441196474,0.0,-0.00450083767465516,0.0,,0.0,,0.0,,0.0
2016-10-31,,0.0,,0.0,,0.0,-0.02065926124989097,0.0,-0.027346385608940614,0.0,-0.018208395395139135,0.0,-0.02065926124989097,0.0,-0.021537467850406177,0.0,-0.018208395395139135,0.0,,0.0,,0.0,,0.0
2016-11-30,,,,,,,-0.0888977593965268,-0.0888977593965268,-0.0695776050987138,-0.0695776050987138,-0.020725863419141066,-0.020725863419141066,-0.0888977593965268,-0.0888977593965268,-0.0695776050987138,-0.0695776050987138,-0.020725863419141066,-0.020725863419141066,,,,,,
2016-12-31,,0.0,,0.0,,0.0,0.14736728937412208,0.0,0.09404487512859087,0.0,0.08848329381154398,0.0,0.14736728937412208,0.0,0.09404487512859087,0.0,0.0951574332779311,0.0,,0.0,,0.0,,0.0
2017-01-31,,0.0,,0.0,,0.0,0.16745035909553954,0.0,0.12531517638266823,0.0,0.1198026665571005,0.0,0.16745035909553954,0.0,0.11458192065240842,0.0,0.11312557420500481,0.0,,0.0,,0.0,,0.0
2017-02-28,,,,,,,0.05668454833959924,0.05668454833959924,0.02993846521541582,0.02993846521541582,0.026105211744038955,0.026105211744038955,0.058352309981170025,0.058352309981170025,0.02993846521541582,0.02993846521541582,0.02358269930144757,0.02358269930144757,,,,,,
2017-03-31,,,,,,,0.07775166806365622,0.07775166806365622,0.050906989685974034,0.050906989685974034,0.05263075637448464,0.05263075637448464,0.07775166806365622,0.07775166806365622,0.050906989685974034,0.050906989685974034,0.05263075637448464,0.05263075637448464,,,,,,
2017-04-30,,,,,,,0.08582095182627789,0.08582095182627789,0.10518841038520235,0.10518841038520235,0.09633846357393915,0.09633846357393915,0.08582095182627789,0.08582095182627789,0.10518841038520235,0.10518841038520235,0.09633846357393915,0.09633846357393915,,,,,,
2017-05-31,,,,,,,0.11542873452041058,0.11542873452041058,0.09762289637951224,0.09762289637951224,0.08344735243377123,0.08344735243377123,0.11542873452041058,0.11542873452041058,0.09762289637951224,0.09762289637951224,0.08344735243377123,0.08344735243377123,,,,,,
2017-06-30,,,,,,,-0.00500894327946817,-0.00500894327946817,0.010148066639307807,0.010148066639307807,0.008253016523249354,0.008253016523249354,-0.00500894327946817,-0.00500894327946817,0.010148066639307807,0.010148066639307807,0.008253016523249354,0.008253016523249354,,,,,,
2017-07-31,,,,,,,0.03140951415479572,0.03140951415479572,0.03444466628912751,0.03444466628912751,0.0263902114360138,0.0263902114360138,0.03140951415479572,0.03140951415479572,0.03444466628912751,0.03444466628912751,0.0263902114360138,0.0263902114360138,,,,,,
2017-08-31,,,,,,,0.19350860943550646,0.19350860943550646,0.10595574078097977,0.10595574078097977,0.07680913111471357,0.07680913111471357,0.19350860943550646,0.19350860943550646,0.10595574078097977,0.10595574078097977,0.07680913111471357,0.07680913111471357,,,,,,
2017-09-30,,,,,,,-0.06677393034182613,-0.06677393034182613,-0.058133240304087494,-0.058133240304087494,-0.04612738502298273,-0.04612738502298273,-0.06677393034182613,-0.06677393034182613,-0.058133240304087494,-0.058133240304087494,-0.05219918305889785,-0.05219918305889785,,,,,,
2017-10-31,,,,,,,0.24319386841086077,0.24319386841086077,0.15836348043104526,0.15836348043104526,0.1345017876324026,0.1345017876324026,0.24319386841086077,0.24319386841086077,0.15836348043104526,0.15836348043104526,0.12117331463827447,0.12117331463827447,,,,,,
2017-11-30,,,,,,,-0.0934140027455781,-0.0934140027455781,-0.06852097698835305,-0.06852097698835305,-0.07620569533564293,-0.07620569533564293,-0.0934140027455781,-0.0934140027455781,-0.06852097698835305,-0.06852097698835305,-0.07620569533564293,-0.07620569533564293,,,,,,
2017-12-31,,,,,,,0.14301633541959174,0.14301633541959174,0.14807222265331313,0.14807222265331313,0.166782886489453,0.166782886489453,0.14301633541959174,0.14301633541959174,0.14807222265331313,0.14807222265331313,0.1500177611801953,0.1500177611801953,,,,,,
2018-01-31,,,,,,,0.008368221955071831,0.008368221955071831,0.015589509416889602,0.015589509416889602,-0.004996683344636935,-0.004996683344636935,0.008368221955071831,0.008368221955071831,0.015589509416889602,0.015589509416889602,0.006386255772398967,0.006386255772398967,,,,,,
2018-02-28,,,,,,,-0.013315384928248486,-0.013315384928248486,0.03515714602024171,0.03515714602024171,0.020842331680831678,0.020842331680831678,-0.013315384928248486,-0.013315384928248486,0.03515714602024171,0.03515714602024171,0.020842331680831678,0.020842331680831678,,,,,,
2018-03-31,,,,,,,-0.039606783605342824,-0.039606783605342824,-0.05845098498216676,-0.05845098498216676,-0.027294553185220442,-0.027294553185220442,-0.04296361823730945,-0.04296361823730945,-0.05845098498216676,-0.05845098498216676,-0.027294553185220442,-0.027294553185220442,,,,,,
2018-04-30,,,,,,,-0.07768016201539252,-0.07768016201539252,-0.09500226070348522,-0.09500226070348522,-0.0929970939867854,-0.0929970939867854,-0.07768016201539252,-0.07768016201539252,-0.09500226070348522,-0.09500226070348522,-0.0929970939867854,-0.0929970939867854,,,,,,
2018-05-31,,0.0,,0.0,,0.0,0.012614738151741722,0.0,-0.062189594000982486,0.0,-0.030333212844279863,0.0,-0.006377226505769306,0.0,-0.062189594000982486,0.0,-0.030333212844279863,0.0,,0.0,,0.0,,0.0
2018-06-30,,0.0,,0.0,,0.0,-0.045567963537327213,0.0,-0.013407073426182048,0.0,-0.01616594928117494,0.0,-0.045567963537327213,0.0,-0.013407073426182048,0.0,-0.009305442735542931,0.0,,0.0,,0.0,,0.0
2018-07-31,,0.0,,0.0,,0.0,-0.0065734201419983766,0.0,0.018396128349278174,0.0,0.048041063101792104,0.0,-0.0065734201419983766,0.0,0.018396128349278174,0.0,0.03198341987309018,0.0,,0.0,,0.0,,0.0
2018-08-31,,0.0,,0.0,,0.0,0.004387025395408628,0.0,0.02403011296753933,0.0,0.02593678702113244,0.0,0.004387025395408628,0.0,0.02403011296753933,0.0,0.02593678702113244,0.0,,0.0,,0.0,,0.0
2018-09-30,,0.0,,0.0,,0.0,0.005151601452839038,0.0,0.025344903051830812,0.0,0.020447164347848146,0.0,0.005151601452839038,0.0,0.025344903051830812,0.0,0.020447164347848146,0.0,,0.0,,0.0,,0.0
2018-10-31,,0.0,,0.0,,0.0,-0.16817783043712464,0.0,-0.12604392071326603,0.0,-0.08595788417738388,0.0,-0.1072868015306184,0.0,-0.12604392071326603,0.0,-0.08595788417738388,0.0,,0.0,,0.0,,0.0
2018-11-30,,0.0,,0.0,,0.0,-0.02973341688063209,0.0,-0.01552125762175729,0.0,-0.01110712316081263,0.0,-0.02973341688063209,0.0,-0.03650094472521289,0.0,-0.01110712316081263,0.0,,0.0,,0.0,,0.0
2018-12-31,,0.0,,0.0,,0.0,0.009480767258454504,0.0,-0.00235086806505187,0.0,-0.013119719490802432,0.0,0.009480767258454504,0.0,-0.00235086806505187,0.0,-0.010105562234229403,0.0,,0.0,,0.0,,0.0
2019-01-31,,0.0,,0.0,,0.0,0.03925540267017817,0.0,0.06320908956048302,0.0,0.07755632278139751,0.0,0.03925540267017817,0.0,0.06320908956048302,0.0,0.07755632278139751,0.0,,0.0,,0.0,,0.0
2019-02-28,,,,,,,0.004601410370338366,0.004601410370338366,-0.00898860307212621,-0.00898860307212621,0.01790810180905426,0.01790810180905426,0.004601410370338366,0.004601410370338366,-0.00898860307212621,-0.00898860307212621,0.01790810180905426,0.01790810180905426,,,,,,
2019-03-31,,,,,,,-0.04310867325287815,-0.04310867325287815,-0.022504009112707602,-0.022504009112707602,-0.05896598928772796,-0.05896598928772796,-0.04310867325287815,-0.04310867325287815,-0.022504009112707602,-0.022504009112707602,-0.0506087459488893,-0.0506087459488893,,,,,,
2019-04-30,,0.0,,0.0,,0.0,0.1305542783745491,0.0,0.07569247585156393,0.0,0.05886625173853705,0.0,0.1305542783745491,0.0,0.07569247585156393,0.0,0.0653370745982428,0.0,,0.0,,0.0,,0.0
2019-05-31,,0.0,,0.0,,0.0,-0.022512198767390988,0.0,-0.027570341314232416,0.0,-0.009498051170741827,0.0,-0.022512198767390988,0.0,-0.018014945122746893,0.0,0.0005714145355536419,0.0,,0.0,,0.0,,0.0
2019-06-30,,0.0,,0.0,,0.0,0.08166946802009764,0.0,0.0714469591643943,0.0,0.06794011144429576,0.0,0.08166946802009764,0.0,0.0714469591643943,0.0,0.06608060416411439,0.0,,0.0,,0.0,,0.0
2019-07-31,,,,,,,-0.03987163834794163,-0.03987163834794163,-0.03908552634199047,-0.03908552634199047,-0.020175273026002343,-0.020175273026002343,-0.03987163834794163,-0.03987163834794163,-0.03908552634199047,-0.03908552634199047,-0.015931635429807814,-0.015931635429807814,,,,,,
2019-08-31,,,,,,,0.09445822843970582,0.09445822843970582,0.04737515049136889,0.04737515049136889,0.04075386566694667,0.04075386566694667,0.08940419388850336,0.08940419388850336,0.04737515049136889,0.04737515049136889,0.04383786066393089,0.04383786066393089,,,,,,
2019-09-30,,0.0,,0.0,,0.0,0.03398129699313579,0.0,0.05806652845815384,0.0,0.03390665612001419,0.0,0.03398129699313579,0.0,0.05806652845815384,0.0,0.03390665612001419,0.0,,0.0,,0.0,,0.0
2019-10-31,,,,,,,-0.03680760296136878,-0.03680760296136878,0.005489131900721899,0.005489131900721899,0.00601806675140446,0.00601806675140446,-0.03680760296136878,-0.03680760296136878,0.005489131900721899,0.005489131900721899,-0.004278995474612413,-0.004278995474612413,,,,,,
2019-11-30,,0.0,,0.0,,0.0,0.046779477401736845,0.0,0.0740336213899923,0.0,0.11315375123728488,0.0,0.02549979972003715,0.0,0.0740336213899923,0.0,0.08805450840511429,0.0,,0.0,,0.0,,0.0
2019-12-31,,,,,,,0.3348662844571745,0.3348662844571745,0.24972315489140434,0.24972315489140434,0.17140175348897274,0.17140175348897274,0.3348662844571745,0.3348662844571745,0.24972315489140434,0.24972315489140434,0.17140175348897274,0.17140175348897274,,,,,,
2020-01-31,,,,,,,0.07345781886605149,0.07345781886605149,0.09557629927563996,0.09557629927563996,0.09753897555808616,0.09753897555808616,0.08898685947426929,0.08898685947426929,0.09557629927563996,0.09557629927563996,0.09753897555808616,0.09753897555808616,,,,,,
2020-02-29,,,,,,,0.033223106252788105,0.033223106252788105,-0.06290436141198129,-0.06290436141198129,-0.07567663023629584,-0.07567663023629584,0.033223106252788105,0.033223106252788105,-0.07395808943004485,-0.07395808943004485,-0.07567663023629584,-0.07567663023629584,,,,,,
2020-03-31,,,,,,,-0.15522314987740418,-0.15522314987740418,-0.17792385405447186,-0.17792385405447186,-0.18421841047421866,-0.18421841047421866,-0.15522314987740418,-0.15522314987740418,-0.17020716665883445,-0.17020716665883445,-0.18130875805738964,-0.18130875805738964,,,,,,
2020-04-30,,0.0,,0.0,,0.0,0.09647200260016961,0.0,0.14324665449126764,0.0,0.1855812880832388,0.0,0.06495706601829161,0.0,0.14040439582487516,0.0,0.1855812880832388,0.0,,0.0,,0.0,,0.0
2020-05-31,,0.0,,0.0,,0.0,0.2364947666993325,0.0,0.13570824427464032,0.0,0.1250978579580169,0.0,0.2251540903944685,0.0,0.14103017814848043,0.0,0.11580194676369719,0.0,,0.0,,0.0,,0.0
2020-06-30,,,,,,,0.05516509841983282,0.05516509841983282,0.14002347069210583,0.14002347069210583,0.13658131516659905,0.13658131516659905,0.05516509841983282,0.05516509841983282,0.1293209968092368,0.1293209968092368,0.12191345749752726,0.12191345749752726,,,,,,
2020-07-31,,,,,,,0.08017414416093083,0.08017414416093083,0.09108317635671524,0.09108317635671524,0.0567487884835475,0.0567487884835475,0.08017414416093083,0.08017414416093083,0.07130069089409356,0.07130069089409356,0.0567487884835475,0.0567487884835475,,,,,,
2020-08-31,,,,,,,0.08261490101096798,0.08261490101096798,0.013539751045904002,0.013539751045904002,-0.016856512720676772,-0.016856512720676772,0.09389348097299752,0.09389348097299752,0.01608781871488113,0.01608781871488113,-0.016856512720676772,-0.016856512720676772,,,,,,
2020-09-30,,0.0,,0.0,,0.0,-0.015685991960710476,0.0,0.0822755719913222,0.0,0.055839810994521406,0.0,-0.015685991960710476,0.0,0.0704661241400816,0.0,0.06328707081540813,0.0,,0.0,,0.0,,0.0
2020-10-31,,,,,,,0.13123463588933956,0.13123463588933956,0.06675811529666927,0.06675811529666927,0.05649458770746822,0.05649458770746822,0.13123463588933956,0.13123463588933956,0.06675811529666927,0.06675811529666927,0.05649458770746822,0.05649458770746822,,,,,,
2020-11-30,,,,,,,0.1580251886176644,0.1580251886176644,0.16251789633681088,0.16251789633681088,0.163974209099586,0.163974209099586,0.1580251886176644,0.1580251886176644,0.19400054322201657,0.19400054322201657,0.163974209099586,0.163974209099586,,,,,,
2020-12-31,,,,,,,0.09753898338331221,0.09753898338331221,0.10253874328151791,0.10253874328151791,0.0673993682059743,0.0673993682059743,0.09753898338331221,0.09753898338331221,0.10253874328151791,0.10253874328151791,0.0673993682059743,0.0673993682059743,,,,,,
2021-01-31,,,,,,,0.0832124364324435,0.0832124364324435,0.10142054994860975,0.10142054994860975,0.07220691496672998,0.07220691496672998,0.04990316087545166,0.04990316087545166,0.06425333451514373,0.06425333451514373,0.07220691496673001,0.07220691496673001,,,,,,
2021-02-28,,,,,,,0.014449485107065164,0.014449485107065164,0.03285335064108087,0.03285335064108087,0.024319304052983947,0.024319304052983947,0.014449485107065164,0.014449485107065164,0.007569834932477692,0.007569834932477692,0.024319304052983947,0.024319304052983947,,,,,,
2021-03-31,,,,,,,-0.04437083937730417,-0.04437083937730417,-0.016005567501092333,-0.016005567501092333,0.06332220790333958,0.06332220790333958,-0.04437083937730417,-0.04437083937730417,-0.016005567501092333,-0.016005567501092333,0.06558116771303407,0.06558116771303407,,,,,,
2021-04-30,,,,,,,-0.12749612162240687,-0.12749612162240687,-0.12391817720421758,-0.12391817720421758,-0.10139036153879634,-0.10139036153879634,-0.12749612162240687,-0.12749612162240687,-0.12391817720421758,-0.12391817720421758,-0.10139036153879634,-0.10139036153879634,,,,,,
2021-05-31,,,,,,,-0.05107252184746776,-0.05107252184746776,-0.009773032006584359,-0.009773032006584359,-0.006553722152427703,-0.006553722152427703,0.01143270067572293,0.01143270067572293,-0.029793338490130727,-0.029793338490130727,-0.006553722152427703,-0.006553722152427703,,,,,,
2021-06-30,,,,,,,-0.12017173744450012,-0.12017173744450012,-0.10663692313625824,-0.10663692313625824,-0.09446159990704203,-0.09446159990704203,-0.12017173744450012,-0.12017173744450012,-0.11086939616037808,-0.11086939616037808,-0.09446159990704202,-0.09446159990704202,,,,,,
2021-07-31,,,,,,,-0.00659637343926942,-0.00659637343926942,0.04142186769353022,0.04142186769353022,0.045139201935476804,0.045139201935476804,0.03365071623445617,0.03365071623445617,0.04142186769353022,0.04142186769353022,0.045139201935476804,0.045139201935476804,,,,,,
2021-08-31,,,,,,,-0.004224153690315058,-0.004224153690315058,0.018161962795162034,0.018161962795162034,0.020274622150116963,0.020274622150116963,-0.004224153690315058,-0.004224153690315058,0.013999873291695709,0.013999873291695709,0.020274622150116963,0.020274622150116963,,,,,,
2021-09-30,,,,,,,-0.004253581340866152,-0.004253581340866152,-0.026876467227552915,-0.026876467227552915,-0.026520622825990006,-0.026520622825990006,0.04315602043804003,0.04315602043804003,-0.026876467227552915,-0.026876467227552915,-0.026520622825990006,-0.026520622825990006,,,,,,
2021-10-31,,0.0,,0.0,,0.0,0.05748759145920264,0.0,0.07648229085906263,0.0,0.08180113379185454,0.0,0.05748759145920264,0.0,0.07648229085906263,0.0,0.079913204750297,0.0,,0.0,,0.0,,0.0
2021-11-30,,,,,,,0.26138130022704975,0.26138130022704975,0.2028924745385094,0.2028924745385094,0.185209514231562,0.185209514231562,0.26138130022704975,0.26138130022704975,0.2028924745385094,0.2028924745385094,0.185209514231562,0.185209514231562,,,,,,
2021-12-31,,,,,,,0.02226891306842189,0.02226891306842189,0.017501562250979395,0.017501562250979395,0.016900368094501038,0.016900368094501038,0.02226891306842189,0.02226891306842189,0.017501562250979395,0.017501562250979395,0.01518044504528524,0.01518044504528524,,,,,,
2022-01-31,,,,,,,-0.01494859915422957,-0.01494859915422957,0.01473840838901085,0.01473840838901085,0.04769824617632843,0.04769824617632843,-0.01494859915422957,-0.01494859915422957,0.01473840838901085,0.01473840838901085,0.024837783404806208,0.024837783404806208,,,,,,
2022-02-28,,,,,,,0.023426139255318446,0.023426139255318446,0.019556320398889847,0.019556320398889847,0.010035905214734402,0.010035905214734402,0.023426139255318446,0.023426139255318446,0.019556320398889847,0.019556320398889847,0.010035905214734402,0.010035905214734402,,,,,,
2022-03-31,,,,,,,0.321459864065163,0.321459864065163,0.2651651712972357,0.2651651712972357,0.22284405036278077,0.22284405036278077,0.321459864065163,0.321459864065163,0.2651651712972357,0.2651651712972357,0.22284405036278077,0.22284405036278077,,,,,,
2022-04-30,0.03406180763542458,0.03406180763542458,0.03406180763542458,0.03406180763542458,0.03406180763542458,0.03406180763542458,0.13646512387585172,0.13646512387585172,0.12071195718298763,0.12071195718298763,0.10280330262662649,0.10280330262662649,0.13646512387585172,0.13646512387585172,0.10581366785086166,0.10581366785086166,0.11070307672659283,0.11070307672659283,0.03406180763542458,0.03406180763542458,0.03406180763542458,0.03406180763542458,0.03406180763542458,0.03406180763542458
2022-05-31,0.007996862361064894,0.007996862361064894,0.007996862361064894,0.007996862361064894,0.007996862361064894,0.007996862361064894,0.17221414018346476,0.17221414018346476,0.11431821157877162,0.11431821157877162,0.10310542973292455,0.10310542973292455,0.17221414018346476,0.17221414018346476,0.11431821157877162,0.11431821157877162,0.10957342347822623,0.10957342347822623,0.007996862361064894,0.007996862361064894,0.007996862361064894,0.007996862361064894,0.007996862361064894,0.007996862361064894
2022-06-30,-0.11407304370487126,-0.11407304370487126,-0.11407304370487126,-0.11407304370487126,-0.11407304370487126,-0.11407304370487126,0.027263526340298362,0.027263526340298362,0.019556415578955988,0.019556415578955988,-0.011127315994283552,-0.011127315994283552,0.057148686836929974,0.057148686836929974,0.019556415578955988,0.019556415578955988,-0.011127315994283552,-0.011127315994283552,-0.11407304370487126,-0.11407304370487126,-0.11407304370487126,-0.11407304370487126,-0.11407304370487126,-0.11407304370487126
2022-07-31,0.10814729919730504,0.10814729919730504,0.10814729919730504,0.10814729919730504,0.10814729919730504,0.10814729919730504,0.200189726036417,0.200189726036417,0.10479140060145102,0.10479140060145102,0.06596021611796166,0.06596021611796166,0.200189726036417,0.200189726036417,0.11520691960315362,0.11520691960315362,0.07796891495964549,0.07796891495964549,0.10814729919730504,0.10814729919730504,0.10814729919730504,0.10814729919730504,0.10814729919730504,0.10814729919730504
2022-08-31,0.20888605496084578,0.20888605496084578,0.20888605496084578,0.20888605496084578,0.20888605496084578,0.20888605496084578,0.04923386096700473,0.04923386096700473,0.10696006720082096,0.10696006720082096,0.12304301535977048,0.12304301535977048,0.04923386096700473,0.04923386096700473,0.10696006720082096,0.10696006720082096,0.11666489016421636,0.11666489016421636,0.20888605496084578,0.20888605496084578,0.20888605496084578,0.20888605496084578,0.20888605496084578,0.20888605496084578
2022-09-30,-0.008444753618479406,-0.008444753618479406,-0.008444753618479406,-0.008444753618479406,-0.008444753618479406,-0.008444753618479406,-0.058075789759246675,-0.058075789759246675,-0.11724758425464894,-0.11724758425464894,-0.028972251424654073,-0.028972251424654073,-0.058075789759246675,-0.058075789759246675,-0.11724758425464894,-0.11724758425464894,-0.03667385533687102,-0.03667385533687102,-0.008444753618479406,-0.008444753618479406,-0.008444753618479406,-0.008444753618479406,-0.008444753618479406,-0.008444753618479406
2022-10-31,0.2603634730240313,0.2603634730240313,0.2603634730240313,0.2603634730240313,0.2603634730240313,0.2603634730240313,0.22205367862369235,0.22205367862369235,0.2847682904580916,0.2847682904580916,0.2719639957120504,0.2719639957120504,0.22205367862369235,0.22205367862369235,0.2847682904580916,0.2847682904580916,0.2719639957120504,0.2719639957120504,0.2603634730240313,0.2603634730240313,0.2603634730240313,0.2603634730240313,0.2603634730240313,0.2603634730240313
2022-11-30,0.36362282086116315,0.36362282086116315,0.36362282086116315,0.36362282086116315,0.36362282086116315,0.36362282086116315,0.2109880087919957,0.2109880087919957,0.19343014508591794,0.19343014508591794,0.196777852234917,0.196777852234917,0.2109880087919957,0.2109880087919957,0.19343014508591794,0.19343014508591794,0.205722514116236,0.205722514116236,0.36362282086116315,0.36362282086116315,0.36362282086116315,0.36362282086116315,0.36362282086116315,0.36362282086116315
2022-12-31,0.007694111433638462,0.007694111433638462,0.007694111433638462,0.007694111433638462,0.007694111433638462,0.007694111433638462,0.060177217823709016,0.060177217823709016,0.06677074582553215,0.06677074582553215,0.0568450937959883,0.0568450937959883,0.060177217823709016,0.060177217823709016,0.06677074582553215,0.06677074582553215,0.06328609665829375,0.06328609665829375,0.007694111433638462,0.007694111433638462,0.007694111433638462,0.007694111433638462,0.007694111433638462,0.007694111433638462
2023-01-31,-0.0213429339632141,-0.0213429339632141,-0.0213429339632141,-0.0213429339632141,-0.0213429339632141,-0.0213429339632141,-0.07793073302700286,-0.07793073302700286,-0.12814500027594605,-0.12814500027594605,-0.13321374409851477,-0.13321374409851477,-0.07793073302700286,-0.07793073302700286,-0.12814500027594605,-0.12814500027594605,-0.13321374409851477,-0.13321374409851477,-0.0213429339632141,-0.0213429339632141,-0.0213429339632141,-0.0213429339632141,-0.0213429339632141,-0.0213429339632141
2023-02-28,-0.017296941060522125,-0.017296941060522125,-0.017296941060522125,-0.017296941060522125,-0.017296941060522125,-0.017296941060522125,-0.024712656335201987,-0.024712656335201987,0.017454148039002026,0.017454148039002026,0.02935234521578866,0.02935234521578866,-0.024712656335201987,-0.024712656335201987,0.017454148039002026,0.017454148039002026,0.02935234521578866,0.02935234521578866,-0.017296941060522125,-0.017296941060522125,-0.017296941060522125,-0.017296941060522125,-0.017296941060522125,-0.017296941060522125
2023-03-31,-0.01524221383344751,-0.01524221383344751,-0.01524221383344751,-0.01524221383344751,-0.01524221383344751,-0.01524221383344751,-0.17378795722175822,-0.17378795722175822,-0.17879621986055874,-0.17879621986055874,-0.13824809293818904,-0.13824809293818904,-0.17378795722175822,-0.17378795722175822,-0.17879621986055874,-0.17879621986055874,-0.13173686924056652,-0.13173686924056652,-0.01524221383344751,-0.01524221383344751,-0.01524221383344751,-0.01524221383344751,-0.01524221383344751,-0.01524221383344751
2023-04-30,-0.004635830152726861,-0.004635830152726861,0.008644563041800512,0.008644563041800512,0.005424327582651019,0.005424327582651019,0.061839910549155296,0.061839910549155296,0.02673620050258374,0.02673620050258374,-0.00030713886059649347,-0.00030713886059649347,0.043608114503265585,0.043608114503265585,0.030462885267699757,0.030462885267699757,0.001401544531312086,0.001401544531312086,-0.06116941698324032,-0.06116941698324032,-0.0335595340538011,-0.0335595340538011,-0.031552087529263306,-0.031552087529263306
2023-05-31,0.14792186682280392,0.14792186682280392,0.1465666632381762,0.1465666632381762,0.11725711117119099,0.11725711117119099,0.12563046313048187,0.12563046313048187,0.10593967244890842,0.10593967244890842,0.10764922449398424,0.10764922449398424,0.10739772707185788,0.10739772707185788,0.10593967244890842,0.10593967244890842,0.1169188772473387,0.1169188772473387,0.11153365953825131,0.11153365953825131,0.09706902402479392,0.09706902402479392,0.08458644757464419,0.08458644757464419
2023-06-30,0.2789834833698638,0.2789834833698638,0.24628947210987243,0.24628947210987243,0.23304517876219558,0.23304517876219558,0.327018153559334,0.327018153559334,0.2791190890038774,0.2791190890038774,0.24636177454486016,0.24636177454486016,0.32103418848941645,0.32103418848941645,0.3088899187990429,0.3088899187990429,0.2769927789701947,0.2769927789701947,0.21258122249771585,0.21258122249771585,0.21751420122820778,0.21751420122820778,0.21391184848948755,0.21391184848948755
2023-07-31,0.36685928951459823,0.36685928951459823,0.3488799267360688,0.3488799267360688,0.2993895193758952,0.2993895193758952,0.291632766478493,0.291632766478493,0.3571672044588451,0.3571672044588451,0.27696070014405527,0.27696070014405527,0.291632766478493,0.291632766478493,0.3571672044588451,0.3571672044588451,0.3042100819692866,0.3042100819692866,0.34242056813134675,0.34242056813134675,0.3837167628495025,0.3837167628495025,0.3698524929880291,0.3698524929880291
2023-08-31,0.39392777885997665,0.39392777885997665,0.2147827786192588,0.2147827786192588,0.17483389739557414,0.17483389739557414,0.654580487441989,0.654580487441989,0.37301163399149245,0.37301163399149245,0.2730196235538191,0.2730196235538191,0.6350854423419955,0.6350854423419955,0.3621060505008299,0.3621060505008299,0.27677976751911787,0.27677976751911787,0.04880964147572757,0.04880964147572757,0.12384795384824332,0.12384795384824332,0.12282720069532638,0.12282720069532638
2023-09-30,-0.052628197269222854,-0.052628197269222854,0.05673393433091913,0.05673393433091913,0.1050632429888898,0.1050632429888898,0.05730690577043331,0.05730690577043331,0.09861358196011505,0.09861358196011505,0.08667349147773719,0.08667349147773719,-0.06652346583041116,-0.06652346583041116,0.06109837353469746,0.06109837353469746,0.09046971616027753,0.09046971616027753,-0.041223235815373196,-0.041223235815373196,0.018800154030239158,0.018800154030239158,0.060494044176283644,0.060494044176283644
2023-10-31,0.011097771882004647,0.011097771882004647,-0.05022290913559544,-0.05022290913559544,-0.06257188349669615,-0.06257188349669615,0.009168257562034987,0.009168257562034987,-0.04244770756240931,-0.04244770756240931,-0.07223187358343229,-0.07223187358343229,0.009168257562034987,0.009168257562034987,-0.05015725346497859,-0.05015725346497859,-0.05631637660314523,-0.05631637660314523,-0.04912408383649205,-0.04912408383649205,-0.07971168971203739,-0.07971168971203739,-0.07982894770459238,-0.07982894770459238
2023-11-30,-0.07823432669280175,-0.07823432669280175,-0.026111071536187712,-0.026111071536187712,-0.0036980708666434436,-0.0036980708666434436,-0.07740794613818906,-0.07740794613818906,-0.019129057583466613,-0.019129057583466613,-0.016342823676144022,-0.016342823676144022,-0.061249819528157536,-0.061249819528157536,-0.03126004210934473,-0.03126004210934473,-0.016342823676144022,-0.016342823676144022,0.03057387000756895,0.03057387000756895,0.023431400888847598,0.023431400888847598,0.020974950630511833,0.020974950630511833
2023-12-31,-0.06230597499737671,-0.06230597499737671,-0.09551734534007088,-0.09551734534007088,-0.05634539267290453,-0.05634539267290453,-0.14425948939586147,-0.14425948939586147,-0.12134310749231214,-0.12134310749231214,-0.08751591248558006,-0.08751591248558006,-0.14425948939586147,-0.14425948939586147,-0.12134310749231214,-0.12134310749231214,-0.0763936091947233,-0.0763936091947233,-0.06654411693413147,-0.06654411693413147,-0.034862402174117915,-0.034862402174117915,-0.050985525506172934,-0.050985525506172934
2024-01-31,0.08411033227935713,0.08411033227935713,0.09899007733817151,0.09899007733817151,0.10527078640343705,0.10527078640343705,-0.10585677956100992,-0.10585677956100992,0.00157013930984089,0.00157013930984089,0.03276242614755132,0.03276242614755132,-0.10108973682737918,-0.10108973682737918,0.021942202003822797,0.021942202003822797,0.042221038645385116,0.042221038645385116,0.1699179386320699,0.1699179386320699,0.14602896740330412,0.14602896740330412,0.13864856565701042,0.13864856565701042
2024-02-29,0.09406908284394218,0.09406908284394218,0.07312783368369315,0.07312783368369315,0.0737064482988496,0.0737064482988496,0.0961510948730282,0.0961510948730282,0.0889373832563832,0.0889373832563832,0.07869850422701724,0.07869850422701724,0.06615635346313412,0.06615635346313412,0.08440603002423269,0.08440603002423269,0.07869850422701724,0.07869850422701724,0.14287297731905785,0.14287297731905785,0.11739808585225162,0.11739808585225162,0.1098188790521189,0.1098188790521189
2024-03-31,-0.06673187913504361,-0.06673187913504361,0.02735726124203338,0.02735726124203338,0.029891492184831427,0.029891492184831427,-0.052790848480843366,-0.052790848480843366,0.0008527971306050875,0.0008527971306050875,0.00016842959462658828,0.00016842959462658828,-0.052790848480843366,-0.052790848480843366,-0.009799604013853758,-0.009799604013853758,0.023980866468852526,0.023980866468852526,0.02981098530323356,0.02981098530323356,0.05309889938078062,0.05309889938078062,0.061454904157149194,0.061454904157149194
2024-04-30,0.19195100589008024,0.19195100589008024,0.18595855753636148,0.18595855753636148,0.1746650092815237,0.1746650092815237,0.09946082348395824,0.09946082348395824,0.17628835741713209,0.17628835741713209,0.16653660892637182,0.16653660892637182,0.19195100589008024,0.19195100589008024,0.16801164626074613,0.16801164626074613,0.16653660892637184,0.16653660892637184,0.12455765287314906,0.12455765287314906,0.14412439024774154,0.14412439024774154,0.18517709159945497,0.18517709159945497
2024-05-31,0.07904835482384365,0.07904835482384365,0.08051876372263714,0.08051876372263714,0.08260956486153673,0.08260956486153673,-0.02145665336546152,-0.02145665336546152,-0.03077142868503858,-0.03077142868503858,0.07229395525484354,0.07229395525484354,0.03775144061509803,0.03775144061509803,0.06563424184951083,0.06563424184951083,0.06460842148482457,0.06460842148482457,0.21329301073579554,0.21329301073579554,0.10790757502607021,0.10790757502607021,0.07420586323293586,0.07420586323293586
2024-06-30,0.10170894800867988,0.10170894800867988,0.05964066060037747,0.05964066060037747,0.061253858844456416,0.061253858844456416,0.10170894800867988,0.10170894800867988,0.07404491145994732,0.07404491145994732,0.08001390209509104,0.08001390209509104,0.10170894800867988,0.10170894800867988,0.05964066060037747,0.05964066060037747,0.06664411942615939,0.06664411942615939,0.028260085904057975,0.028260085904057975,0.036949684475289665,0.036949684475289665,0.03474357189539905,0.03474357189539905
2024-07-31,-0.030144228120805815,-0.030144228120805815,-0.055339881352239426,-0.055339881352239426,-0.048211500391282504,-0.048211500391282504,-0.049072967285066646,-0.049072967285066646,-0.05690072351730263,-0.05690072351730263,-0.03880630635215765,-0.03880630635215765,-0.049072967285066646,-0.049072967285066646,-0.047119784954253896,-0.047119784954253896,-0.048211500391282504,-0.048211500391282504,-0.1001944624360995,-0.1001944624360995,-0.07690945190350548,-0.07690945190350548,-0.058921443809797136,-0.058921443809797136
2024-08-31,-0.14785084454358582,-0.14785084454358582,-0.18180646366209213,-0.18180646366209213,-0.13550652120503723,-0.13550652120503723,-0.14785084454358582,-0.14785084454358582,-0.18785729245911092,-0.18785729245911092,-0.1353834680183622,-0.1353834680183622,-0.14785084454358582,-0.14785084454358582,-0.18180646366209213,-0.18180646366209213,-0.13865882788315018,-0.13865882788315018,-0.09099088977028517,-0.09099088977028517,-0.15855684027940914,-0.15855684027940914,-0.13236032342876783,-0.13236032342876783
2024-09-30,0.027046439188276605,0.027046439188276605,-0.0002116576992765351,-0.0002116576992765351,0.0005061650201665824,0.0005061650201665824,0.01284584839944707,0.01284584839944707,-0.012409739765400196,-0.012409739765400196,0.008699972153342773,0.008699972153342773,-0.008387407470118591,-0.008387407470118591,-0.0002116576992765351,-0.0002116576992765351,0.005672467201335748,0.005672467201335748,-0.029937812963601963,-0.029937812963601963,-0.021956919406074284,-0.021956919406074284,-0.03279342305482878,-0.03279342305482878
2024-10-31,-0.0855439323296067,-0.0855439323296067,-0.06818621337539321,-0.06818621337539321,-0.052341418840802435,-0.052341418840802435,-0.0855439323296067,-0.0855439323296067,-0.0683732024787962,-0.0683732024787962,-0.07605549937006767,-0.07605549937006767,-0.0855439323296067,-0.0855439323296067,-0.06818621337539321,-0.06818621337539321,-0.06764066744838448,-0.06764066744838448,0.0034430524345155033,0.0034430524345155033,-0.051828515711963376,-0.051828515711963376,-0.03834602108312741,-0.03834602108312741
2024-11-30,0.03765928519777262,0.0,0.03683172489089498,0.0,0.07018207380576265,0.0,0.03888046264127356,0.0,0.08393192482427565,0.0,0.08596804282786233,0.0,0.014217453627474752,0.0,0.0536587842737755,0.0,0.07775692161334848,0.0,0.05487557327406822,0.0,0.07329814175490056,0.0,0.05780118208154445,0.0
2024-12-31,-0.0009529121367733096,0.0,0.017432900931360195,0.0,0.0037015812728249608,0.0,-0.042275592102062484,0.0,0.005794791197785099,0.0,-0.005892212369300812,0.0,-0.0019496923345623917,0.0,0.01658313541620502,0.0,0.007668173512744269,0.0,0.014489082740209635,0.0,0.04964774736975443,0.0,0.049396336448400156,0.0
2025-01-31,0.022469081414234204,0.0,0.003426642373278788,0.0,0.009444830707096155,0.0,0.012706303659170203,0.0,0.006354600453117132,0.0,0.02931281888519271,0.0,0.00929260395109186,0.0,0.004985987314431006,0.0,0.028124960262337018,0.0,-0.021991253945747236,0.0,-0.02406841583124405,0.0,-0.019802608147954627,0.0
2025-02-28,-0.05105707825785712,-0.05105707825785712,-0.04258102366224146,-0.04258102366224146,-0.046820456919352264,-0.046820456919352264,-0.06549826058778127,-0.06549826058778127,-0.04937265693642605,-0.04937265693642605,-0.03165632748600844,-0.03165632748600844,-0.05105707825785712,-0.05105707825785712,-0.048936996576109094,-0.048936996576109094,-0.04087618758537752,-0.04087618758537752,-0.05115615610659017,-0.05115615610659017,-0.05494166879041118,-0.05494166879041118,-0.06315913316186135,-0.06315913316186135
2025-03-31,-0.11607210906847562,0.0,-0.03887885456866434,0.0,-0.012287785065565708,0.0,-0.02426828282285389,0.0,0.005103533556741258,0.0,-0.021276945236524555,0.0,-0.11607210906847562,0.0,0.005441272709973399,0.0,-0.0033775479518115326,0.0,0.13211223047546056,0.0,0.05558985206305302,0.0,0.02956255116722293,0.0
2025-04-30,-0.05520667688047842,0.0,-0.055856515173847855,0.0,-0.051842713145418044,0.0,-0.03287807428742049,0.0,-0.04609367425684324,0.0,-0.05322904945480319,0.0,-0.05520667688047842,0.0,-0.05585483395805537,0.0,-0.052675762505196545,0.0,-0.07848005940517802,0.0,-0.09552963381857896,0.0,-0.07776940928261546,0.0
2025-05-31,-0.09970086487124499,0.0,-0.05859575478520793,0.0,-0.0237672476268574,0.0,-0.10392502842999773,0.0,-0.0600755384193139,0.0,-0.008312869613164908,0.0,-0.0908955390862332,0.0,-0.03728901307015094,0.0,-0.03704383360734043,0.0,-0.10363009901981471,0.0,-0.06638913691889388,0.0,-0.03656824353814744,0.0
2025-06-30,0.10863921317524165,0.0,0.1317148740862742,0.0,0.1266935087497114,0.0,0.09826642168297983,0.0,0.12390740427209417,0.0,0.13871608088758064,0.0,0.10863921317524165,0.0,0.13781130684995319,0.0,0.1266935087497114,0.0,-0.004799765660084621,0.0,0.05585540766947426,0.0,0.12315309487128308,0.0
2025-07-31,0.09766363776763168,0.09766363776763168,0.08955342717296202,0.08955342717296202,0.07467606276093042,0.07467606276093042,0.09766363776763168,0.09766363776763168,0.08977172933732146,0.08977172933732146,0.07410570444469823,0.07410570444469823,0.09766363776763168,0.09766363776763168,0.07144256363519376,0.07144256363519376,0.06280061208234806,0.06280061208234806,0.1300096698071115,0.1300096698071115,0.09244358123251273,0.09244358123251273,0.0693464991714908,0.0693464991714908
2025-08-31,0.01030063736037452,0.01030063736037452,-0.027149014024861806,-0.027149014024861806,-0.019174425436799664,-0.019174425436799664,0.003942922926149573,0.003942922926149573,-0.0014374929326337771,-0.0014374929326337771,-0.002185514495227747,-0.002185514495227747,-0.01071242615328578,-0.01071242615328578,-0.023521841568249068,-0.023521841568249068,-0.006389832192448515,-0.006389832192448515,-0.04611263684108746,-0.04611263684108746,0.0024993814219139154,0.0024993814219139154,0.02640243823408688,0.02640243823408688
2025-09-30,-0.024550084598929867,-0.024550084598929867,-0.04607659219486656,-0.04607659219486656,-0.052946268024858245,-0.052946268024858245,-0.04450440049114655,-0.04450440049114655,-0.05473760197460257,-0.05473760197460257,-0.05007116456375563,-0.05007116456375563,-0.07467175513693783,-0.07467175513693783,-0.06240194898663791,-0.06240194898663791,-0.05268422389477623,-0.05268422389477623,-0.07172143029140754,-0.07172143029140754,-0.07254972865769324,-0.07254972865769324,-0.08005257240450474,-0.08005257240450474
2025-10-31,0.028567122059449536,0.028567122059449536,0.0358272607871253,0.0358272607871253,0.04106124648120403,0.04106124648120403,0.002275847463847391,0.002275847463847391,0.00859657466594269,0.00859657466594269,0.02154972915865272,0.02154972915865272,0.002275847463847391,0.002275847463847391,0.010783511247176691,0.010783511247176691,0.01764880260552176,0.01764880260552176,0.07715912221073458,0.07715912221073458,0.03916387797794042,0.03916387797794042,0.03555759721073662,0.03555759721073662
2025-11-30,-0.009723666737604142,-0.009723666737604142,0.01865765250645309,0.01865765250645309,0.01926023653287474,0.01926023653287474,-0.019757152224305474,-0.019757152224305474,0.024323705039878473,0.024323705039878473,0.007471181514825316,0.007471181514825316,-0.015344202280583974,-0.015344202280583974,0.01865765250645309,0.01865765250645309,0.016099135760028742,0.016099135760028742,-0.044934547108782176,-0.044934547108782176,-0.03058905658626382,-0.03058905658626382,-0.011250669700579271,-0.011250669700579271
2025-12-31,0.021946651903463434,0.021946651903463434,0.013772250237969231,0.013772250237969231,0.010890778878568182,0.010890778878568182,0.036732112828976815,0.036732112828976815,0.014386014611018249,0.014386014611018249,0.033687596802923166,0.033687596802923166,0.021946651903463434,0.021946651903463434,0.009813608447419075,0.009813608447419075,0.010554190595046645,0.010554190595046645,0.005561405228332239,0.005561405228332239,0.0044059848196394856,0.0044059848196394856,0.021845601444929138,0.021845601444929138
2026-01-31,0.18652007188638028,0.18652007188638028,0.19792097220870447,0.19792097220870447,0.20688884024921894,0.20688884024921894,0.2423087490251586,0.2423087490251586,0.19132920456366592,0.19132920456366592,0.18934391629678296,0.18934391629678296,0.2410451683146711,0.2410451683146711,0.1918563804914065,0.1918563804914065,0.20835385218369545,0.20835385218369545,0.19227100901028757,0.19227100901028757,0.17170751699362855,0.17170751699362855,0.19597251775765626,0.19597251775765626
2026-02-28,0.08433734617257363,0.08433734617257363,0.015529390687306166,0.015529390687306166,0.014015363283198235,0.014015363283198235,0.10632417724140904,0.10632417724140904,0.022958931285506447,0.022958931285506447,0.010437154756244094,0.010437154756244094,0.08433734617257363,0.08433734617257363,0.015529390687306166,0.015529390687306166,0.008273126466436726,0.008273126466436726,-0.06796128622539994,-0.06796128622539994,-0.06227942421351582,-0.06227942421351582,-0.03316656831663984,-0.03316656831663984
2026-03-31,-0.12346724464882378,-0.12346724464882378,-0.12262712592458466,-0.12262712592458466,-0.09672349125216832,-0.09672349125216832,-0.11760496777203981,-0.11760496777203981,-0.13109174209578622,-0.13109174209578622,-0.09281599628806815,-0.09281599628806815,-0.12346724464882378,-0.12346724464882378,-0.12262712592458466,-0.12262712592458466,-0.09404412401505141,-0.09404412401505141,-0.017313814391440797,-0.017313814391440797,-0.07975552634126702,-0.07975552634126702,-0.10937358556127394,-0.10937358556127394
2026-04-30,0.07970089250184675,0.07970089250184675,0.09994334397392135,0.09994334397392135,0.09500338246071816,0.09500338246071816,0.07970089250184675,0.07970089250184675,0.11224307177851534,0.11224307177851534,0.08778193437310014,0.08778193437310014,0.07970089250184675,0.07970089250184675,0.10629651473428962,0.10629651473428962,0.09500338246071816,0.09500338246071816,0.04393552128413889,0.04393552128413889,0.04008198498964738,0.04008198498964738,0.06579707517985521,0.06579707517985521
2026-05-31,-0.07011485717689167,-0.07011485717689167,-0.01680135180732144,-0.01680135180732144,-0.025861533942014913,-0.025861533942014913,0.16002438368115676,0.16002438368115676,0.07017881066954373,0.07017881066954373,0.04896940186134598,0.04896940186134598,0.13066413527587403,0.13066413527587403,0.08030487105543314,0.08030487105543314,0.04599190636895594,0.04599190636895594,-0.04706918359537202,-0.04706918359537202,-0.05597777936855162,-0.05597777936855162,-0.04770198460499073,-0.04770198460499073
